event_id,time_utc,latitude,longitude,depth_km,magnitude,magnitude_type,distance_from_reference_km,author,catalog,contributor,contributor_id,magnitude_author,location_name,source
41160451,2025-01-02T16:04:27.539Z,40.826333,14.092000,2.400000,1.800000,Md,4.095921,BULLETIN-OV,,,,--,Campi Flegrei,INGV_FDSN_EVENT_SERVICE
41198081,2025-01-03T04:31:37.029Z,40.836000,14.130000,2.200000,1.200000,Md,0.993369,BULLETIN-OV,,,,--,Campi Flegrei,INGV_FDSN_EVENT_SERVICE
41179801,2025-01-04T16:21:59.740Z,40.813000,14.143000,3.000000,2.000000,Md,2.070558,BULLETIN-OV,,,,--,Campi Flegrei,INGV_FDSN_EVENT_SERVICE
41191011,2025-01-07T02:36:20.829Z,40.833167,14.136833,2.600000,1.500000,Md,0.338533,BULLETIN-OV,,,,--,Campi Flegrei,INGV_FDSN_EVENT_SERVICE
41230481,2025-01-12T23:18:04.049Z,40.807500,14.138000,3.500000,1.000000,Md,2.675095,BULLETIN-OV,,,,--,Campi Flegrei,INGV_FDSN_EVENT_SERVICE
41230961,2025-01-13T00:36:25.410Z,40.832500,14.142667,2.800000,1.500000,Md,0.235466,BULLETIN-OV,,,,--,Campi Flegrei,INGV_FDSN_EVENT_SERVICE
41230971,2025-01-13T00:36:28.400Z,40.832000,14.136000,1.800000,1.300000,Md,0.357709,BULLETIN-OV,,,,--,Campi Flegrei,INGV_FDSN_EVENT_SERVICE
41232871,2025-01-13T06:58:37Z,40.827000,14.135167,1.900000,1.100000,Md,0.655513,BULLETIN-OV,,,,--,Campi Flegrei,INGV_FDSN_EVENT_SERVICE
41242391,2025-01-14T11:59:25.579Z,40.821667,14.137167,1.300000,1.700000,Md,1.122768,BULLETIN-OV,,,,--,Campi Flegrei,INGV_FDSN_EVENT_SERVICE
41245061,2025-01-15T04:53:19.960Z,40.836333,14.086833,2.700000,1.300000,Md,4.521872,BULLETIN-OV,,,,--,Campi Flegrei,INGV_FDSN_EVENT_SERVICE
41516572,2025-01-17T16:53:21.759Z,40.830000,14.134333,1.800000,1.600000,Md,0.521039,BULLETIN-OV,,,,--,Campi Flegrei,INGV_FDSN_EVENT_SERVICE
41516772,2025-01-17T16:53:50.140Z,40.829000,14.132833,1.900000,3.000000,Md,0.679311,SURVEY-INGV-OV#SiSmi,,,,--,Campi Flegrei,INGV_FDSN_EVENT_SERVICE
41516812,2025-01-17T16:54:14.250Z,40.826000,14.136833,1.200000,1.700000,Md,0.674000,BULLETIN-OV,,,,--,Campi Flegrei,INGV_FDSN_EVENT_SERVICE
41520842,2025-01-18T16:58:43.170Z,40.818667,14.145167,0.200000,2.800000,Md,1.486910,BULLETIN-OV,,,,--,Campi Flegrei,INGV_FDSN_EVENT_SERVICE
41521112,2025-01-18T17:24:03.210Z,40.819167,14.146667,0.500000,1.200000,Md,1.475381,BULLETIN-OV,,,,--,Campi Flegrei,INGV_FDSN_EVENT_SERVICE
41521102,2025-01-18T17:25:31.190Z,40.819667,14.147167,0.400000,1.500000,Md,1.440452,BULLETIN-OV,,,,--,Campi Flegrei,INGV_FDSN_EVENT_SERVICE
41526202,2025-01-20T05:51:38.829Z,40.833833,14.137833,2.500000,1.300000,Md,0.327040,BULLETIN-OV,,,,--,Campi Flegrei,INGV_FDSN_EVENT_SERVICE
41526262,2025-01-20T05:51:46.559Z,40.834833,14.135667,1.900000,1.000000,Md,0.531787,BULLETIN-OV,,,,--,Campi Flegrei,INGV_FDSN_EVENT_SERVICE
41529602,2025-01-20T23:25:10.519Z,40.800833,14.142667,3.800000,1.600000,Md,3.416333,BULLETIN-OV,,,,--,Campi Flegrei,INGV_FDSN_EVENT_SERVICE
41529722,2025-01-21T00:38:01.950Z,40.818333,14.155667,2.800000,1.100000,Md,1.958911,BULLETIN-OV,,,,--,Campi Flegrei,INGV_FDSN_EVENT_SERVICE
41529832,2025-01-21T00:43:52.910Z,40.803833,14.150833,3.100000,1.400000,Md,3.203918,BULLETIN-OV,,,,--,Campi Flegrei,INGV_FDSN_EVENT_SERVICE
41532242,2025-01-21T13:36:26.930Z,40.832833,14.129500,2.700000,2.100000,Md,0.912347,BULLETIN-OV,,,,--,Campi Flegrei,INGV_FDSN_EVENT_SERVICE
41532402,2025-01-21T13:36:41.569Z,40.833833,14.129000,2.400000,1.100000,Md,0.977344,BULLETIN-OV,,,,--,Campi Flegrei,INGV_FDSN_EVENT_SERVICE
41534732,2025-01-22T02:19:13.180Z,40.824667,14.142500,1.600000,1.500000,Md,0.784053,BULLETIN-OV,,,,--,Campi Flegrei,INGV_FDSN_EVENT_SERVICE
41277531,2025-01-22T10:59:32.779Z,40.836833,14.123000,2.700000,1.400000,Md,1.563843,BULLETIN-OV,,,,--,Campi Flegrei,INGV_FDSN_EVENT_SERVICE
41286511,2025-01-24T05:29:55.200Z,40.833667,14.120333,2.400000,2.000000,Md,1.688745,BULLETIN-OV,,,,--,Campi Flegrei,INGV_FDSN_EVENT_SERVICE
41549752,2025-01-24T21:46:23.940Z,40.835500,14.112500,2.700000,2.200000,Md,2.372511,BULLETIN-OV,,,,--,Campi Flegrei,INGV_FDSN_EVENT_SERVICE
41549842,2025-01-24T22:00:08.369Z,40.835000,14.112667,2.300000,1.100000,Md,2.348871,BULLETIN-OV,,,,--,Campi Flegrei,INGV_FDSN_EVENT_SERVICE
41550182,2025-01-24T22:47:01.750Z,40.834833,14.114167,2.000000,1.100000,Md,2.221345,BULLETIN-OV,,,,--,Campi Flegrei,INGV_FDSN_EVENT_SERVICE
41601432,2025-01-30T17:32:00.880Z,40.829667,14.137000,2.700000,1.000000,Md,0.337682,BULLETIN-OV,,,,--,Campi Flegrei,INGV_FDSN_EVENT_SERVICE
41607862,2025-01-31T21:11:57.859Z,40.831500,14.127500,2.600000,1.100000,Md,1.068504,BULLETIN-OV,,,,--,Campi Flegrei,INGV_FDSN_EVENT_SERVICE
41608012,2025-01-31T21:20:54.799Z,40.821333,14.135667,1.800000,1.700000,Md,1.193126,BULLETIN-OV,,,,--,Campi Flegrei,INGV_FDSN_EVENT_SERVICE
41610012,2025-02-01T06:14:18.859Z,40.831333,14.146833,1.900000,2.000000,Md,0.558372,BULLETIN-OV,,,,--,Campi Flegrei,INGV_FDSN_EVENT_SERVICE
41627332,2025-02-01T06:14:26.250Z,40.831500,14.142167,1.600000,1.400000,Md,0.165492,BULLETIN-OV,,,,--,Campi Flegrei,INGV_FDSN_EVENT_SERVICE
41609442,2025-02-01T06:16:40.779Z,40.832833,14.146000,2.400000,1.200000,Md,0.509988,BULLETIN-OV,,,,--,Campi Flegrei,INGV_FDSN_EVENT_SERVICE
41609512,2025-02-01T06:18:13.640Z,40.834333,14.146833,2.500000,2.200000,Md,0.640823,BULLETIN-OV,,,,--,Campi Flegrei,INGV_FDSN_EVENT_SERVICE
41609572,2025-02-01T06:20:09.349Z,40.832167,14.146667,2.100000,1.000000,Md,0.549125,BULLETIN-OV,,,,--,Campi Flegrei,INGV_FDSN_EVENT_SERVICE
41609832,2025-02-01T06:53:28.349Z,40.832333,14.140167,1.900000,1.100000,Md,0.092667,BULLETIN-OV,,,,--,Campi Flegrei,INGV_FDSN_EVENT_SERVICE
41623982,2025-02-03T19:06:35.220Z,40.815500,14.107000,3.000000,1.300000,Md,3.312012,BULLETIN-OV,,,,--,Campi Flegrei,INGV_FDSN_EVENT_SERVICE
42063251,2025-02-04T03:25:26.049Z,40.834500,14.093000,1.800000,1.200000,Md,3.985030,BULLETIN-OV,,,,--,Campi Flegrei,INGV_FDSN_EVENT_SERVICE
41631972,2025-02-05T07:11:48.809Z,40.827500,14.144000,2.100000,1.100000,Md,0.547768,BULLETIN-OV,,,,--,Campi Flegrei,INGV_FDSN_EVENT_SERVICE
41632152,2025-02-05T07:17:20.200Z,40.828333,14.145833,2.100000,1.000000,Md,0.590450,BULLETIN-OV,,,,--,Campi Flegrei,INGV_FDSN_EVENT_SERVICE
41632262,2025-02-05T07:21:44.819Z,40.827667,14.145833,2.200000,1.600000,Md,0.637398,BULLETIN-OV,,,,--,Campi Flegrei,INGV_FDSN_EVENT_SERVICE
41632332,2025-02-05T07:23:06.369Z,40.827667,14.145167,2.200000,1.300000,Md,0.596910,BULLETIN-OV,,,,--,Campi Flegrei,INGV_FDSN_EVENT_SERVICE
41632412,2025-02-05T07:25:56.839Z,40.827833,14.148500,2.300000,1.300000,Md,0.808660,BULLETIN-OV,,,,--,Campi Flegrei,INGV_FDSN_EVENT_SERVICE
41632442,2025-02-05T07:26:23.140Z,40.827833,14.146000,2.200000,1.000000,Md,0.635923,BULLETIN-OV,,,,--,Campi Flegrei,INGV_FDSN_EVENT_SERVICE
41632592,2025-02-05T07:30:57.390Z,40.829167,14.149000,2.500000,2.300000,Md,0.784526,BULLETIN-OV,,,,--,Campi Flegrei,INGV_FDSN_EVENT_SERVICE
41632612,2025-02-05T07:32:17.769Z,40.830333,14.148667,2.500000,2.600000,Md,0.724093,BULLETIN-OV,,,,--,Campi Flegrei,INGV_FDSN_EVENT_SERVICE
41632742,2025-02-05T07:35:24.339Z,40.827333,14.143333,2.300000,1.700000,Md,0.533084,BULLETIN-OV,,,,--,Campi Flegrei,INGV_FDSN_EVENT_SERVICE
41633432,2025-02-05T07:35:53.960Z,40.827333,14.147167,2.100000,1.300000,Md,0.747196,BULLETIN-OV,,,,--,Campi Flegrei,INGV_FDSN_EVENT_SERVICE
41632852,2025-02-05T07:37:24.390Z,40.829000,14.147333,2.100000,1.700000,Md,0.661397,BULLETIN-OV,,,,--,Campi Flegrei,INGV_FDSN_EVENT_SERVICE
41632902,2025-02-05T07:37:55.529Z,40.828167,14.146833,2.200000,1.800000,Md,0.669928,BULLETIN-OV,,,,--,Campi Flegrei,INGV_FDSN_EVENT_SERVICE
41633452,2025-02-05T07:38:39.299Z,40.828167,14.147000,2.200000,1.100000,Md,0.681677,BULLETIN-OV,,,,--,Campi Flegrei,INGV_FDSN_EVENT_SERVICE
41633132,2025-02-05T07:41:08.450Z,40.830000,14.145667,2.500000,1.800000,Md,0.489274,BULLETIN-OV,,,,--,Campi Flegrei,INGV_FDSN_EVENT_SERVICE
41633142,2025-02-05T07:41:43.660Z,40.830000,14.140833,2.200000,1.700000,Md,0.175089,BULLETIN-OV,,,,--,Campi Flegrei,INGV_FDSN_EVENT_SERVICE
41633422,2025-02-05T07:52:02.930Z,40.831333,14.148000,2.700000,3.200000,Md,0.656510,BULLETIN-OV,,,,--,Campi Flegrei,INGV_FDSN_EVENT_SERVICE
41633552,2025-02-05T07:57:03.839Z,40.830167,14.145500,2.300000,1.100000,Md,0.469905,BULLETIN-OV,,,,--,Campi Flegrei,INGV_FDSN_EVENT_SERVICE
41633692,2025-02-05T08:10:40.890Z,40.832167,14.151667,2.600000,1.900000,Md,0.967608,BULLETIN-OV,,,,--,Campi Flegrei,INGV_FDSN_EVENT_SERVICE
41633882,2025-02-05T08:24:29.539Z,40.828833,14.145000,2.200000,1.000000,Md,0.501042,BULLETIN-OV,,,,--,Campi Flegrei,INGV_FDSN_EVENT_SERVICE
41633982,2025-02-05T08:33:19.880Z,40.827500,14.148667,1.600000,1.000000,Md,0.839835,BULLETIN-OV,,,,--,Campi Flegrei,INGV_FDSN_EVENT_SERVICE
41634612,2025-02-05T09:43:50.910Z,40.826333,14.150167,1.000000,1.100000,Md,1.016537,BULLETIN-OV,,,,--,Campi Flegrei,INGV_FDSN_EVENT_SERVICE
41634642,2025-02-05T10:00:32.579Z,40.831333,14.147000,2.600000,2.700000,Md,0.572414,BULLETIN-OV,,,,--,Campi Flegrei,INGV_FDSN_EVENT_SERVICE
41652342,2025-02-07T20:26:57.710Z,40.836000,14.122000,2.600000,1.300000,Md,1.610876,BULLETIN-OV,,,,--,Campi Flegrei,INGV_FDSN_EVENT_SERVICE
41661122,2025-02-09T11:04:10.440Z,40.837500,14.115333,2.400000,1.500000,Md,2.195876,BULLETIN-OV,,,,--,Campi Flegrei,INGV_FDSN_EVENT_SERVICE
41668742,2025-02-10T14:50:24.990Z,40.837167,14.116333,2.300000,2.300000,Md,2.104500,BULLETIN-OV,,,,--,Campi Flegrei,INGV_FDSN_EVENT_SERVICE
41669662,2025-02-10T17:52:50.220Z,40.824833,14.131833,0.700000,1.600000,Md,1.022339,BULLETIN-OV,,,,--,Campi Flegrei,INGV_FDSN_EVENT_SERVICE
41671662,2025-02-11T01:50:01.670Z,40.829833,14.140167,1.900000,1.700000,Md,0.185383,BULLETIN-OV,,,,--,Campi Flegrei,INGV_FDSN_EVENT_SERVICE
41673582,2025-02-11T09:34:12.259Z,40.827000,14.140167,1.300000,1.700000,Md,0.500386,BULLETIN-OV,,,,--,Campi Flegrei,INGV_FDSN_EVENT_SERVICE
41676872,2025-02-11T15:50:52.059Z,40.835333,14.128500,1.900000,1.200000,Md,1.072653,BULLETIN-OV,,,,--,Campi Flegrei,INGV_FDSN_EVENT_SERVICE
41677282,2025-02-11T15:53:55.519Z,40.831500,14.127667,1.800000,1.800000,Md,1.054454,BULLETIN-OV,,,,--,Campi Flegrei,INGV_FDSN_EVENT_SERVICE
41677422,2025-02-11T15:54:21.299Z,40.838167,14.132333,2.300000,1.000000,Md,0.993794,BULLETIN-OV,,,,--,Campi Flegrei,INGV_FDSN_EVENT_SERVICE
41677022,2025-02-11T15:55:02.289Z,40.834167,14.130500,2.500000,1.200000,Md,0.868298,BULLETIN-OV,,,,--,Campi Flegrei,INGV_FDSN_EVENT_SERVICE
41677432,2025-02-11T15:55:11.529Z,40.833167,14.129000,2.300000,1.600000,Md,0.960349,BULLETIN-OV,,,,--,Campi Flegrei,INGV_FDSN_EVENT_SERVICE
41678752,2025-02-11T21:09:27.279Z,40.836000,14.129333,2.700000,1.700000,Md,1.042228,BULLETIN-OV,,,,--,Campi Flegrei,INGV_FDSN_EVENT_SERVICE
41683152,2025-02-12T12:51:03.519Z,40.831333,14.110333,2.100000,1.100000,Md,2.512907,BULLETIN-OV,,,,--,Campi Flegrei,INGV_FDSN_EVENT_SERVICE
41684752,2025-02-12T16:41:39.789Z,40.837167,14.137333,2.600000,1.700000,Md,0.674728,BULLETIN-OV,,,,--,Campi Flegrei,INGV_FDSN_EVENT_SERVICE
41685892,2025-02-12T21:42:57.670Z,40.836333,14.132000,2.600000,2.100000,Md,0.874490,BULLETIN-OV,,,,--,Campi Flegrei,INGV_FDSN_EVENT_SERVICE
41686072,2025-02-12T22:27:13.930Z,40.830167,14.144833,2.400000,2.600000,Md,0.417028,BULLETIN-OV,,,,--,Campi Flegrei,INGV_FDSN_EVENT_SERVICE
41686272,2025-02-12T22:43:51.569Z,40.828333,14.138833,1.000000,1.000000,Md,0.370461,BULLETIN-OV,,,,--,Campi Flegrei,INGV_FDSN_EVENT_SERVICE
41686632,2025-02-13T00:01:26.390Z,40.831500,14.140167,2.400000,1.200000,Md,0.002776,BULLETIN-OV,,,,--,Campi Flegrei,INGV_FDSN_EVENT_SERVICE
41686712,2025-02-13T00:57:13.250Z,40.833667,14.143833,2.700000,1.600000,Md,0.389212,BULLETIN-OV,,,,--,Campi Flegrei,INGV_FDSN_EVENT_SERVICE
41686812,2025-02-13T01:17:15.089Z,40.832000,14.138000,1.900000,1.000000,Md,0.193264,BULLETIN-OV,,,,--,Campi Flegrei,INGV_FDSN_EVENT_SERVICE
41686892,2025-02-13T01:29:54.250Z,40.833000,14.141667,2.700000,1.400000,Md,0.207492,BULLETIN-OV,,,,--,Campi Flegrei,INGV_FDSN_EVENT_SERVICE
41687012,2025-02-13T01:44:20.869Z,40.831500,14.134667,2.100000,1.000000,Md,0.465514,BULLETIN-OV,,,,--,Campi Flegrei,INGV_FDSN_EVENT_SERVICE
41687062,2025-02-13T01:56:04.910Z,40.822833,14.151000,1.600000,1.300000,Md,1.324584,BULLETIN-OV,,,,--,Campi Flegrei,INGV_FDSN_EVENT_SERVICE
41687142,2025-02-13T02:03:54.500Z,40.831000,14.135333,2.100000,1.200000,Md,0.413240,BULLETIN-OV,,,,--,Campi Flegrei,INGV_FDSN_EVENT_SERVICE
41687872,2025-02-13T06:44:47.859Z,40.832333,14.140167,2.800000,1.800000,Md,0.092667,BULLETIN-OV,,,,--,Campi Flegrei,INGV_FDSN_EVENT_SERVICE
41690452,2025-02-13T12:14:26.039Z,40.835167,14.119500,1.800000,1.600000,Md,1.788627,BULLETIN-OV,,,,--,Campi Flegrei,INGV_FDSN_EVENT_SERVICE
42063291,2025-02-13T15:34:23.029Z,40.832000,14.147167,1.900000,2.500000,Md,0.588791,BULLETIN-OV,,,,--,Campi Flegrei,INGV_FDSN_EVENT_SERVICE
41692112,2025-02-13T15:37:08.329Z,40.836000,14.123167,2.400000,1.100000,Md,1.517858,BULLETIN-OV,,,,--,Campi Flegrei,INGV_FDSN_EVENT_SERVICE
41693972,2025-02-13T21:55:38.769Z,40.828167,14.142833,1.600000,1.500000,Md,0.431775,BULLETIN-OV,,,,--,Campi Flegrei,INGV_FDSN_EVENT_SERVICE
41694042,2025-02-13T22:03:00.380Z,40.829667,14.146667,2.400000,2.000000,Md,0.581026,BULLETIN-OV,,,,--,Campi Flegrei,INGV_FDSN_EVENT_SERVICE
41694102,2025-02-13T22:18:28.170Z,40.830167,14.144000,2.100000,2.800000,Md,0.352401,BULLETIN-OV,,,,--,Campi Flegrei,INGV_FDSN_EVENT_SERVICE
41694242,2025-02-13T22:41:06.900Z,40.831333,14.147333,2.200000,1.700000,Md,0.600417,BULLETIN-OV,,,,--,Campi Flegrei,INGV_FDSN_EVENT_SERVICE
41701642,2025-02-14T19:10:11.859Z,40.820333,14.142833,0.900000,1.100000,Md,1.261324,BULLETIN-OV,,,,--,Campi Flegrei,INGV_FDSN_EVENT_SERVICE
41701692,2025-02-14T19:25:48.170Z,40.833167,14.133000,2.200000,1.300000,Md,0.633484,BULLETIN-OV,,,,--,Campi Flegrei,INGV_FDSN_EVENT_SERVICE
41702022,2025-02-14T21:27:56.599Z,40.814667,14.152500,3.000000,1.100000,Md,2.138837,BULLETIN-OV,,,,--,Campi Flegrei,INGV_FDSN_EVENT_SERVICE
41702052,2025-02-14T21:29:44.799Z,40.814500,14.160667,2.400000,1.200000,Md,2.557196,BULLETIN-OV,,,,--,Campi Flegrei,INGV_FDSN_EVENT_SERVICE
41702252,2025-02-14T22:23:26.869Z,40.814500,14.157167,3.000000,1.100000,Md,2.368879,BULLETIN-OV,,,,--,Campi Flegrei,INGV_FDSN_EVENT_SERVICE
41702292,2025-02-14T22:29:21.150Z,40.812667,14.153667,3.000000,2.400000,Md,2.381080,BULLETIN-OV,,,,--,Campi Flegrei,INGV_FDSN_EVENT_SERVICE
41702482,2025-02-14T23:01:36.970Z,40.816333,14.157667,2.700000,2.000000,Md,2.237052,BULLETIN-OV,,,,--,Campi Flegrei,INGV_FDSN_EVENT_SERVICE
41703122,2025-02-15T02:19:10.119Z,40.812833,14.159667,2.400000,1.200000,Md,2.644185,BULLETIN-OV,,,,--,Campi Flegrei,INGV_FDSN_EVENT_SERVICE
41705592,2025-02-15T15:53:49.940Z,40.829667,14.138500,2.500000,2.400000,Md,0.248999,BULLETIN-OV,,,,--,Campi Flegrei,INGV_FDSN_EVENT_SERVICE
41705632,2025-02-15T15:55:57.690Z,40.826000,14.141667,1.300000,1.000000,Md,0.623904,BULLETIN-OV,,,,--,Campi Flegrei,INGV_FDSN_EVENT_SERVICE
41705852,2025-02-15T16:15:59.230Z,40.829167,14.140167,2.200000,1.000000,Md,0.259433,BULLETIN-OV,,,,--,Campi Flegrei,INGV_FDSN_EVENT_SERVICE
41706292,2025-02-15T18:22:14.829Z,40.829667,14.140167,2.500000,1.200000,Md,0.203839,BULLETIN-OV,,,,--,Campi Flegrei,INGV_FDSN_EVENT_SERVICE
41706392,2025-02-15T18:25:39.539Z,40.828500,14.138333,1.900000,1.000000,Md,0.368719,BULLETIN-OV,,,,--,Campi Flegrei,INGV_FDSN_EVENT_SERVICE
41706492,2025-02-15T18:25:47.150Z,40.829333,14.140167,2.500000,1.200000,Md,0.240976,BULLETIN-OV,,,,--,Campi Flegrei,INGV_FDSN_EVENT_SERVICE
41706612,2025-02-15T19:41:38.619Z,40.831500,14.144667,2.600000,1.900000,Md,0.375827,BULLETIN-OV,,,,--,Campi Flegrei,INGV_FDSN_EVENT_SERVICE
41708012,2025-02-16T00:21:10.440Z,40.830833,14.151667,1.900000,1.100000,Md,0.967618,BULLETIN-OV,,,,--,Campi Flegrei,INGV_FDSN_EVENT_SERVICE
41708342,2025-02-16T01:58:23.450Z,40.823167,14.133167,1.900000,1.600000,Md,1.099426,BULLETIN-OV,,,,--,Campi Flegrei,INGV_FDSN_EVENT_SERVICE
41708622,2025-02-16T02:41:38.769Z,40.825167,14.116000,2.600000,1.300000,Md,2.154479,BULLETIN-OV,,,,--,Campi Flegrei,INGV_FDSN_EVENT_SERVICE
41708802,2025-02-16T02:53:09.309Z,40.827833,14.163500,2.000000,2.000000,Md,2.002337,BULLETIN-OV,,,,--,Campi Flegrei,INGV_FDSN_EVENT_SERVICE
41708852,2025-02-16T02:56:48.839Z,40.824167,14.118000,2.700000,1.300000,Md,2.038099,BULLETIN-OV,,,,--,Campi Flegrei,INGV_FDSN_EVENT_SERVICE
41708932,2025-02-16T02:57:51.059Z,40.825000,14.137833,2.100000,1.400000,Md,0.749704,BULLETIN-OV,,,,--,Campi Flegrei,INGV_FDSN_EVENT_SERVICE
41709142,2025-02-16T03:12:17.059Z,40.823833,14.114500,2.600000,1.100000,Md,2.324364,BULLETIN-OV,,,,--,Campi Flegrei,INGV_FDSN_EVENT_SERVICE
41709202,2025-02-16T03:19:54.470Z,40.824167,14.133333,1.800000,1.400000,Md,0.999349,BULLETIN-OV,,,,--,Campi Flegrei,INGV_FDSN_EVENT_SERVICE
41709262,2025-02-16T03:30:10.819Z,40.826000,14.134833,2.000000,2.200000,Md,0.760220,BULLETIN-OV,,,,--,Campi Flegrei,INGV_FDSN_EVENT_SERVICE
41709622,2025-02-16T04:28:49.890Z,40.824667,14.120333,2.400000,1.300000,Md,1.836156,BULLETIN-OV,,,,--,Campi Flegrei,INGV_FDSN_EVENT_SERVICE
41711002,2025-02-16T09:29:08.190Z,40.824500,14.141000,0.800000,1.000000,Md,0.781271,BULLETIN-OV,,,,--,Campi Flegrei,INGV_FDSN_EVENT_SERVICE
41712062,2025-02-16T11:14:31.990Z,40.813833,14.096833,2.600000,1.200000,Md,4.144317,BULLETIN-OV,,,,--,Campi Flegrei,INGV_FDSN_EVENT_SERVICE
41711872,2025-02-16T11:18:46.430Z,40.819000,14.086667,3.200000,1.700000,Md,4.713954,BULLETIN-OV,,,,--,Campi Flegrei,INGV_FDSN_EVENT_SERVICE
41712972,2025-02-16T14:30:02.640Z,40.809333,14.103000,3.000000,3.900000,Md,3.984270,BULLETIN-OV,,,,--,Campi Flegrei,INGV_FDSN_EVENT_SERVICE
41713582,2025-02-16T15:28:14.019Z,40.828667,14.142833,1.500000,1.200000,Md,0.385111,BULLETIN-OV,,,,--,Campi Flegrei,INGV_FDSN_EVENT_SERVICE
41713632,2025-02-16T15:29:32.579Z,40.831333,14.145000,2.200000,1.600000,Md,0.404271,BULLETIN-OV,,,,--,Campi Flegrei,INGV_FDSN_EVENT_SERVICE
41714052,2025-02-16T16:13:04.559Z,40.830167,14.133333,2.600000,1.400000,Md,0.596465,BULLETIN-OV,,,,--,Campi Flegrei,INGV_FDSN_EVENT_SERVICE
41714262,2025-02-16T16:18:55.519Z,40.830167,14.132000,2.800000,2.500000,Md,0.705650,BULLETIN-OV,,,,--,Campi Flegrei,INGV_FDSN_EVENT_SERVICE
41714362,2025-02-16T16:24:14.210Z,40.831500,14.137333,2.600000,1.200000,Md,0.241213,BULLETIN-OV,,,,--,Campi Flegrei,INGV_FDSN_EVENT_SERVICE
42063361,2025-02-16T16:25:29.880Z,40.828167,14.133833,2.200000,1.200000,Md,0.651402,BULLETIN-OV,,,,--,Campi Flegrei,INGV_FDSN_EVENT_SERVICE
42063371,2025-02-16T16:26:53.289Z,40.831000,14.128167,2.500000,1.100000,Md,1.013916,BULLETIN-OV,,,,--,Campi Flegrei,INGV_FDSN_EVENT_SERVICE
41714572,2025-02-16T16:30:41.910Z,40.831500,14.130667,2.900000,2.700000,Md,0.802051,BULLETIN-OV,,,,--,Campi Flegrei,INGV_FDSN_EVENT_SERVICE
41714722,2025-02-16T16:39:55.269Z,40.828333,14.130667,1.900000,1.300000,Md,0.875974,BULLETIN-OV,,,,--,Campi Flegrei,INGV_FDSN_EVENT_SERVICE
42063381,2025-02-16T17:25:17.940Z,40.798500,14.117500,4.200000,1.000000,Md,4.136919,BULLETIN-OV,,,,--,Campi Flegrei,INGV_FDSN_EVENT_SERVICE
41716162,2025-02-16T22:16:51.190Z,40.827167,14.155833,0.700000,1.300000,Md,1.400780,BULLETIN-OV,,,,--,Campi Flegrei,INGV_FDSN_EVENT_SERVICE
42063391,2025-02-16T22:26:28.630Z,40.824833,14.149500,0.900000,1.200000,Md,1.077900,BULLETIN-OV,,,,--,Campi Flegrei,INGV_FDSN_EVENT_SERVICE
41716362,2025-02-16T22:45:12.130Z,40.831333,14.145000,2.400000,3.000000,Md,0.404271,BULLETIN-OV,,,,--,Campi Flegrei,INGV_FDSN_EVENT_SERVICE
41716432,2025-02-16T22:46:47.490Z,40.827667,14.141000,2.100000,3.000000,Md,0.431493,BULLETIN-OV,,,,--,Campi Flegrei,INGV_FDSN_EVENT_SERVICE
42063401,2025-02-16T23:02:18.200Z,40.831667,14.145833,2.200000,1.700000,Md,0.474291,BULLETIN-OV,,,,--,Campi Flegrei,INGV_FDSN_EVENT_SERVICE
42063411,2025-02-16T23:11:23.940Z,40.835500,14.117333,2.200000,1.200000,Md,1.974584,BULLETIN-OV,,,,--,Campi Flegrei,INGV_FDSN_EVENT_SERVICE
42063421,2025-02-16T23:18:53.890Z,40.829500,14.143333,1.500000,1.200000,Md,0.344877,BULLETIN-OV,,,,--,Campi Flegrei,INGV_FDSN_EVENT_SERVICE
41717192,2025-02-16T23:19:52.450Z,40.829167,14.147500,2.500000,3.900000,Md,0.666729,BULLETIN-OV,,,,--,Campi Flegrei,INGV_FDSN_EVENT_SERVICE
41717992,2025-02-16T23:20:48.440Z,40.828333,14.149500,2.100000,2.300000,Md,0.858060,BULLETIN-OV,,,,--,Campi Flegrei,INGV_FDSN_EVENT_SERVICE
41718732,2025-02-16T23:21:43.059Z,40.827000,14.149667,1.400000,2.000000,Md,0.940654,BULLETIN-OV,,,,--,Campi Flegrei,INGV_FDSN_EVENT_SERVICE
41718842,2025-02-16T23:21:57.980Z,40.824167,14.150833,1.300000,1.200000,Md,1.210480,BULLETIN-OV,,,,--,Campi Flegrei,INGV_FDSN_EVENT_SERVICE
41718322,2025-02-16T23:36:21.640Z,40.829667,14.148000,1.000000,1.100000,Md,0.687178,BULLETIN-OV,,,,--,Campi Flegrei,INGV_FDSN_EVENT_SERVICE
41717722,2025-02-16T23:38:10.769Z,40.824000,14.148000,1.900000,2.000000,Md,1.061227,BULLETIN-OV,,,,--,Campi Flegrei,INGV_FDSN_EVENT_SERVICE
41806222,2025-02-16T23:40:47.089Z,40.825333,14.138667,0.800000,1.100000,Md,0.697765,BULLETIN-OV,,,,--,Campi Flegrei,INGV_FDSN_EVENT_SERVICE
41718072,2025-02-17T00:03:51.390Z,40.824167,14.149000,1.100000,1.000000,Md,1.101404,BULLETIN-OV,,,,--,Campi Flegrei,INGV_FDSN_EVENT_SERVICE
41718452,2025-02-17T00:39:03.279Z,40.829667,14.142833,2.200000,2.300000,Md,0.301028,BULLETIN-OV,,,,--,Campi Flegrei,INGV_FDSN_EVENT_SERVICE
41718872,2025-02-17T00:59:46.670Z,40.828500,14.147833,1.500000,1.200000,Md,0.723681,BULLETIN-OV,,,,--,Campi Flegrei,INGV_FDSN_EVENT_SERVICE
41718922,2025-02-17T01:04:26.390Z,40.828167,14.136000,2.700000,1.600000,Md,0.512080,BULLETIN-OV,,,,--,Campi Flegrei,INGV_FDSN_EVENT_SERVICE
41719142,2025-02-17T01:23:43.690Z,40.820333,14.143333,1.000000,1.300000,Md,1.269390,BULLETIN-OV,,,,--,Campi Flegrei,INGV_FDSN_EVENT_SERVICE
41719352,2025-02-17T01:48:25.599Z,40.820000,14.145667,0.200000,1.000000,Md,1.358965,BULLETIN-OV,,,,--,Campi Flegrei,INGV_FDSN_EVENT_SERVICE
41719372,2025-02-17T01:48:32.549Z,40.819000,14.147167,0.300000,1.100000,Md,1.508503,BULLETIN-OV,,,,--,Campi Flegrei,INGV_FDSN_EVENT_SERVICE
41719572,2025-02-17T02:14:37.049Z,40.826000,14.147833,1.700000,2.000000,Md,0.886832,BULLETIN-OV,,,,--,Campi Flegrei,INGV_FDSN_EVENT_SERVICE
41720042,2025-02-17T02:53:50.930Z,40.808333,14.120333,3.900000,1.300000,Md,3.070982,BULLETIN-OV,,,,--,Campi Flegrei,INGV_FDSN_EVENT_SERVICE
42063431,2025-02-17T03:20:59.160Z,40.824333,14.127833,2.600000,1.600000,Md,1.310663,BULLETIN-OV,,,,--,Campi Flegrei,INGV_FDSN_EVENT_SERVICE
41720302,2025-02-17T03:25:30.940Z,40.826333,14.121500,2.300000,1.000000,Md,1.674991,BULLETIN-OV,,,,--,Campi Flegrei,INGV_FDSN_EVENT_SERVICE
41720882,2025-02-17T04:04:21.400Z,40.820333,14.144833,0.300000,2.400000,Md,1.301469,BULLETIN-OV,,,,--,Campi Flegrei,INGV_FDSN_EVENT_SERVICE
41721042,2025-02-17T04:18:41.150Z,40.821667,14.138000,1.100000,1.700000,Md,1.108940,BULLETIN-OV,,,,--,Campi Flegrei,INGV_FDSN_EVENT_SERVICE
41721112,2025-02-17T04:19:34.190Z,40.821667,14.137000,0.900000,1.200000,Md,1.126045,BULLETIN-OV,,,,--,Campi Flegrei,INGV_FDSN_EVENT_SERVICE
41721402,2025-02-17T05:02:28.019Z,40.807500,14.102167,3.900000,1.300000,Md,4.167105,BULLETIN-OV,,,,--,Campi Flegrei,INGV_FDSN_EVENT_SERVICE
41722262,2025-02-17T06:45:26.359Z,40.829833,14.137000,2.300000,1.300000,Md,0.326872,BULLETIN-OV,,,,--,Campi Flegrei,INGV_FDSN_EVENT_SERVICE
41722362,2025-02-17T06:47:06.339Z,40.829167,14.143667,1.800000,1.000000,Md,0.390366,BULLETIN-OV,,,,--,Campi Flegrei,INGV_FDSN_EVENT_SERVICE
41722632,2025-02-17T07:12:10.529Z,40.831500,14.137667,2.500000,3.200000,Md,0.213112,BULLETIN-OV,,,,--,Campi Flegrei,INGV_FDSN_EVENT_SERVICE
41722942,2025-02-17T07:12:29.650Z,40.827333,14.140167,1.700000,1.200000,Md,0.463358,BULLETIN-OV,,,,--,Campi Flegrei,INGV_FDSN_EVENT_SERVICE
41722712,2025-02-17T07:14:11.559Z,40.828000,14.139167,2.200000,2.800000,Md,0.398769,BULLETIN-OV,,,,--,Campi Flegrei,INGV_FDSN_EVENT_SERVICE
41723002,2025-02-17T07:14:20.079Z,40.827167,14.140833,0.900000,1.500000,Md,0.484743,BULLETIN-OV,,,,--,Campi Flegrei,INGV_FDSN_EVENT_SERVICE
42063451,2025-02-17T07:23:47.589Z,40.830333,14.140167,2.300000,1.300000,Md,0.129794,BULLETIN-OV,,,,--,Campi Flegrei,INGV_FDSN_EVENT_SERVICE
41723012,2025-02-17T07:42:02.819Z,40.837500,14.111167,2.900000,1.500000,Md,2.532035,BULLETIN-OV,,,,--,Campi Flegrei,INGV_FDSN_EVENT_SERVICE
41723132,2025-02-17T07:45:15.420Z,40.831500,14.134000,2.700000,1.400000,Md,0.521632,BULLETIN-OV,,,,--,Campi Flegrei,INGV_FDSN_EVENT_SERVICE
41723942,2025-02-17T08:39:38.140Z,40.822167,14.136000,0.700000,2.200000,Md,1.096302,BULLETIN-OV,,,,--,Campi Flegrei,INGV_FDSN_EVENT_SERVICE
41724172,2025-02-17T09:01:55.559Z,40.820333,14.147000,1.200000,1.600000,Md,1.367196,BULLETIN-OV,,,,--,Campi Flegrei,INGV_FDSN_EVENT_SERVICE
41724352,2025-02-17T09:21:28.490Z,40.822833,14.137000,0.700000,1.100000,Md,1.000632,BULLETIN-OV,,,,--,Campi Flegrei,INGV_FDSN_EVENT_SERVICE
41724702,2025-02-17T10:11:24.480Z,40.835833,14.111833,2.200000,1.300000,Md,2.434705,BULLETIN-OV,,,,--,Campi Flegrei,INGV_FDSN_EVENT_SERVICE
41725762,2025-02-17T11:26:22.680Z,40.832000,14.126333,2.800000,2.200000,Md,1.168008,BULLETIN-OV,,,,--,Campi Flegrei,INGV_FDSN_EVENT_SERVICE
41726302,2025-02-17T11:26:32.029Z,40.831500,14.126000,2.700000,2.800000,Md,1.194705,BULLETIN-OV,,,,--,Campi Flegrei,INGV_FDSN_EVENT_SERVICE
41725922,2025-02-17T11:30:45.819Z,40.836333,14.129667,2.600000,1.300000,Md,1.036374,BULLETIN-OV,,,,--,Campi Flegrei,INGV_FDSN_EVENT_SERVICE
41726032,2025-02-17T11:33:06.619Z,40.837333,14.109000,3.000000,2.200000,Md,2.703817,BULLETIN-OV,,,,--,Campi Flegrei,INGV_FDSN_EVENT_SERVICE
41726162,2025-02-17T11:40:50.019Z,40.831500,14.129500,2.700000,1.000000,Md,0.900236,BULLETIN-OV,,,,--,Campi Flegrei,INGV_FDSN_EVENT_SERVICE
41726352,2025-02-17T11:47:04.450Z,40.830500,14.133500,2.500000,1.700000,Md,0.574566,BULLETIN-OV,,,,--,Campi Flegrei,INGV_FDSN_EVENT_SERVICE
41726452,2025-02-17T11:50:23.599Z,40.830000,14.108500,2.800000,1.200000,Md,2.672294,BULLETIN-OV,,,,--,Campi Flegrei,INGV_FDSN_EVENT_SERVICE
41726542,2025-02-17T11:52:31.029Z,40.836000,14.130000,2.300000,1.000000,Md,0.993369,BULLETIN-OV,,,,--,Campi Flegrei,INGV_FDSN_EVENT_SERVICE
41726642,2025-02-17T11:54:09.750Z,40.830167,14.128667,1.700000,1.200000,Md,0.981585,BULLETIN-OV,,,,--,Campi Flegrei,INGV_FDSN_EVENT_SERVICE
41726662,2025-02-17T11:55:17.339Z,40.834500,14.128000,2.800000,1.500000,Md,1.079261,BULLETIN-OV,,,,--,Campi Flegrei,INGV_FDSN_EVENT_SERVICE
41727002,2025-02-17T12:03:36.990Z,40.827667,14.128833,2.600000,1.000000,Md,1.047053,BULLETIN-OV,,,,--,Campi Flegrei,INGV_FDSN_EVENT_SERVICE
41727212,2025-02-17T12:18:22.170Z,40.829167,14.135667,2.700000,1.300000,Md,0.461252,BULLETIN-OV,,,,--,Campi Flegrei,INGV_FDSN_EVENT_SERVICE
41727492,2025-02-17T12:43:11.009Z,40.828833,14.106000,2.500000,1.700000,Md,2.892688,BULLETIN-OV,,,,--,Campi Flegrei,INGV_FDSN_EVENT_SERVICE
41727572,2025-02-17T12:51:30.069Z,40.828667,14.128167,2.800000,1.200000,Md,1.060285,BULLETIN-OV,,,,--,Campi Flegrei,INGV_FDSN_EVENT_SERVICE
41727682,2025-02-17T12:56:48.599Z,40.829500,14.128333,3.200000,1.100000,Md,1.022903,BULLETIN-OV,,,,--,Campi Flegrei,INGV_FDSN_EVENT_SERVICE
41728862,2025-02-17T15:42:18.029Z,40.831167,14.126000,3.100000,1.600000,Md,1.195282,BULLETIN-OV,,,,--,Campi Flegrei,INGV_FDSN_EVENT_SERVICE
41728952,2025-02-17T15:48:51.180Z,40.830333,14.130167,2.100000,1.000000,Md,0.854041,BULLETIN-OV,,,,--,Campi Flegrei,INGV_FDSN_EVENT_SERVICE
41729412,2025-02-17T16:53:05.119Z,40.826000,14.142000,2.200000,1.200000,Md,0.630046,BULLETIN-OV,,,,--,Campi Flegrei,INGV_FDSN_EVENT_SERVICE
41729442,2025-02-17T16:53:24.990Z,40.828167,14.143167,1.800000,2.800000,Md,0.446845,BULLETIN-OV,,,,--,Campi Flegrei,INGV_FDSN_EVENT_SERVICE
41729482,2025-02-17T16:56:10.460Z,40.826000,14.137833,1.700000,1.100000,Md,0.643182,BULLETIN-OV,,,,--,Campi Flegrei,INGV_FDSN_EVENT_SERVICE
41729852,2025-02-17T17:14:31.319Z,40.830000,14.146167,2.300000,1.100000,Md,0.529016,BULLETIN-OV,,,,--,Campi Flegrei,INGV_FDSN_EVENT_SERVICE
41729702,2025-02-17T17:15:54.200Z,40.829167,14.148000,2.500000,2.600000,Md,0.705672,BULLETIN-OV,,,,--,Campi Flegrei,INGV_FDSN_EVENT_SERVICE
41729982,2025-02-17T17:22:59.349Z,40.828833,14.145167,1.500000,1.100000,Md,0.512434,BULLETIN-OV,,,,--,Campi Flegrei,INGV_FDSN_EVENT_SERVICE
41730162,2025-02-17T17:41:40.299Z,40.826000,14.142167,2.200000,1.700000,Md,0.633570,BULLETIN-OV,,,,--,Campi Flegrei,INGV_FDSN_EVENT_SERVICE
41730462,2025-02-17T17:53:21.190Z,40.830500,14.146167,1.700000,1.000000,Md,0.514199,BULLETIN-OV,,,,--,Campi Flegrei,INGV_FDSN_EVENT_SERVICE
41730562,2025-02-17T17:55:34.960Z,40.827167,14.143833,1.900000,2.600000,Md,0.570590,BULLETIN-OV,,,,--,Campi Flegrei,INGV_FDSN_EVENT_SERVICE
41730952,2025-02-17T17:56:12.869Z,40.826833,14.143167,1.700000,1.000000,Md,0.575868,BULLETIN-OV,,,,--,Campi Flegrei,INGV_FDSN_EVENT_SERVICE
41730802,2025-02-17T17:59:49.940Z,40.829167,14.145333,2.300000,1.200000,Md,0.503794,BULLETIN-OV,,,,--,Campi Flegrei,INGV_FDSN_EVENT_SERVICE
41731102,2025-02-17T18:03:55.299Z,40.826833,14.146500,1.600000,1.700000,Md,0.741805,BULLETIN-OV,,,,--,Campi Flegrei,INGV_FDSN_EVENT_SERVICE
41934482,2025-02-17T18:32:58.609Z,40.826333,14.144500,1.600000,1.200000,Md,0.678966,BULLETIN-OV,,,,--,Campi Flegrei,INGV_FDSN_EVENT_SERVICE
41975862,2025-02-17T18:46:43.890Z,40.827167,14.146167,1.500000,1.200000,Md,0.695836,BULLETIN-OV,,,,--,Campi Flegrei,INGV_FDSN_EVENT_SERVICE
41731762,2025-02-17T18:47:10.200Z,40.826333,14.143500,1.300000,1.200000,Md,0.638117,BULLETIN-OV,,,,--,Campi Flegrei,INGV_FDSN_EVENT_SERVICE
41733552,2025-02-17T20:24:32.420Z,40.829333,14.145833,1.800000,1.700000,Md,0.531673,BULLETIN-OV,,,,--,Campi Flegrei,INGV_FDSN_EVENT_SERVICE
41733262,2025-02-17T20:28:47.450Z,40.831333,14.147833,1.600000,1.100000,Md,0.642465,BULLETIN-OV,,,,--,Campi Flegrei,INGV_FDSN_EVENT_SERVICE
41733902,2025-02-17T21:15:36.349Z,40.831333,14.145500,1.700000,1.400000,Md,0.446298,BULLETIN-OV,,,,--,Campi Flegrei,INGV_FDSN_EVENT_SERVICE
41733942,2025-02-17T21:20:20.819Z,40.831333,14.147833,1.800000,1.400000,Md,0.642465,BULLETIN-OV,,,,--,Campi Flegrei,INGV_FDSN_EVENT_SERVICE
41734152,2025-02-17T21:32:09.960Z,40.831333,14.146167,1.700000,1.300000,Md,0.502373,BULLETIN-OV,,,,--,Campi Flegrei,INGV_FDSN_EVENT_SERVICE
41734292,2025-02-17T21:42:45.519Z,40.829833,14.151667,2.200000,1.000000,Md,0.982424,BULLETIN-OV,,,,--,Campi Flegrei,INGV_FDSN_EVENT_SERVICE
41734672,2025-02-17T22:23:40.309Z,40.830000,14.143333,1.900000,1.800000,Md,0.311933,BULLETIN-OV,,,,--,Campi Flegrei,INGV_FDSN_EVENT_SERVICE
41734712,2025-02-17T22:24:20.690Z,40.828833,14.143667,1.500000,1.300000,Md,0.415974,BULLETIN-OV,,,,--,Campi Flegrei,INGV_FDSN_EVENT_SERVICE
41735032,2025-02-17T22:56:42.329Z,40.827167,14.143833,1.600000,1.800000,Md,0.570590,BULLETIN-OV,,,,--,Campi Flegrei,INGV_FDSN_EVENT_SERVICE
41735182,2025-02-17T23:09:13.960Z,40.828500,14.142333,1.500000,1.100000,Md,0.378795,BULLETIN-OV,,,,--,Campi Flegrei,INGV_FDSN_EVENT_SERVICE
41735232,2025-02-17T23:19:04.779Z,40.829500,14.144500,1.600000,1.700000,Md,0.424669,BULLETIN-OV,,,,--,Campi Flegrei,INGV_FDSN_EVENT_SERVICE
41735382,2025-02-17T23:29:36.950Z,40.827833,14.142000,1.500000,1.100000,Md,0.434969,BULLETIN-OV,,,,--,Campi Flegrei,INGV_FDSN_EVENT_SERVICE
41735542,2025-02-17T23:48:32.299Z,40.828667,14.143000,1.500000,1.000000,Md,0.393361,BULLETIN-OV,,,,--,Campi Flegrei,INGV_FDSN_EVENT_SERVICE
41735612,2025-02-17T23:51:22.950Z,40.827833,14.142167,1.600000,1.600000,Md,0.440058,BULLETIN-OV,,,,--,Campi Flegrei,INGV_FDSN_EVENT_SERVICE
41735722,2025-02-17T23:52:42.890Z,40.829167,14.145167,1.900000,1.700000,Md,0.491874,BULLETIN-OV,,,,--,Campi Flegrei,INGV_FDSN_EVENT_SERVICE
41735822,2025-02-18T00:06:36.960Z,40.829000,14.146000,2.200000,2.400000,Md,0.561613,BULLETIN-OV,,,,--,Campi Flegrei,INGV_FDSN_EVENT_SERVICE
41735882,2025-02-18T00:08:08.700Z,40.829000,14.144333,1.400000,1.000000,Md,0.445191,BULLETIN-OV,,,,--,Campi Flegrei,INGV_FDSN_EVENT_SERVICE
41736042,2025-02-18T00:28:48.079Z,40.827833,14.142167,2.300000,2.000000,Md,0.440058,BULLETIN-OV,,,,--,Campi Flegrei,INGV_FDSN_EVENT_SERVICE
41685371,2025-02-18T01:03:49.640Z,40.808833,14.110167,3.800000,1.200000,Md,3.569261,BULLETIN-OV,,,,--,Campi Flegrei,INGV_FDSN_EVENT_SERVICE
41736562,2025-02-18T01:13:28.230Z,40.829333,14.142667,2.000000,1.200000,Md,0.318031,BULLETIN-OV,,,,--,Campi Flegrei,INGV_FDSN_EVENT_SERVICE
41736612,2025-02-18T01:19:30.599Z,40.829333,14.143500,1.600000,1.500000,Md,0.367627,BULLETIN-OV,,,,--,Campi Flegrei,INGV_FDSN_EVENT_SERVICE
41736672,2025-02-18T01:20:53.130Z,40.823167,14.131833,2.200000,1.000000,Md,1.163690,BULLETIN-OV,,,,--,Campi Flegrei,INGV_FDSN_EVENT_SERVICE
41736892,2025-02-18T01:40:46.609Z,40.827333,14.144167,2.000000,1.700000,Md,0.571048,BULLETIN-OV,,,,--,Campi Flegrei,INGV_FDSN_EVENT_SERVICE
41687561,2025-02-18T01:44:03.980Z,40.828500,14.144500,1.900000,1.600000,Md,0.492105,BULLETIN-OV,,,,--,Campi Flegrei,INGV_FDSN_EVENT_SERVICE
41737202,2025-02-18T02:04:08.730Z,40.827500,14.140167,1.300000,1.100000,Md,0.444789,BULLETIN-OV,,,,--,Campi Flegrei,INGV_FDSN_EVENT_SERVICE
41737312,2025-02-18T02:22:11.059Z,40.827667,14.145167,1.300000,1.500000,Md,0.596910,BULLETIN-OV,,,,--,Campi Flegrei,INGV_FDSN_EVENT_SERVICE
41737592,2025-02-18T02:22:19.809Z,40.831333,14.142333,2.200000,3.100000,Md,0.180417,BULLETIN-OV,,,,--,Campi Flegrei,INGV_FDSN_EVENT_SERVICE
41737822,2025-02-18T02:22:37.079Z,40.827333,14.142000,1.500000,2.300000,Md,0.487472,BULLETIN-OV,,,,--,Campi Flegrei,INGV_FDSN_EVENT_SERVICE
41737402,2025-02-18T02:26:02.279Z,40.829667,14.143333,1.900000,1.000000,Md,0.333205,BULLETIN-OV,,,,--,Campi Flegrei,INGV_FDSN_EVENT_SERVICE
42063511,2025-02-18T03:21:35.890Z,40.831333,14.147833,1.900000,1.600000,Md,0.642465,BULLETIN-OV,,,,--,Campi Flegrei,INGV_FDSN_EVENT_SERVICE
41739082,2025-02-18T05:02:13.180Z,40.831333,14.148333,1.900000,1.300000,Md,0.684516,BULLETIN-OV,,,,--,Campi Flegrei,INGV_FDSN_EVENT_SERVICE
41739462,2025-02-18T05:26:41.180Z,40.830000,14.151667,1.800000,1.000000,Md,0.979089,BULLETIN-OV,,,,--,Campi Flegrei,INGV_FDSN_EVENT_SERVICE
41739772,2025-02-18T06:25:46.359Z,40.827500,14.140833,1.300000,1.300000,Md,0.447958,BULLETIN-OV,,,,--,Campi Flegrei,INGV_FDSN_EVENT_SERVICE
41739952,2025-02-18T06:31:40.640Z,40.827500,14.141667,1.600000,1.600000,Md,0.461589,BULLETIN-OV,,,,--,Campi Flegrei,INGV_FDSN_EVENT_SERVICE
41740122,2025-02-18T06:36:06.430Z,40.826667,14.144833,1.700000,1.000000,Md,0.663894,BULLETIN-OV,,,,--,Campi Flegrei,INGV_FDSN_EVENT_SERVICE
41740282,2025-02-18T07:02:59.380Z,40.828667,14.141333,1.400000,1.200000,Md,0.329123,BULLETIN-OV,,,,--,Campi Flegrei,INGV_FDSN_EVENT_SERVICE
41740722,2025-02-18T07:47:56.829Z,40.828333,14.142833,1.300000,1.000000,Md,0.416039,BULLETIN-OV,,,,--,Campi Flegrei,INGV_FDSN_EVENT_SERVICE
41740872,2025-02-18T08:01:26.259Z,40.827667,14.144000,1.400000,1.200000,Md,0.532800,BULLETIN-OV,,,,--,Campi Flegrei,INGV_FDSN_EVENT_SERVICE
41741102,2025-02-18T08:06:59.690Z,40.824667,14.141167,1.000000,1.000000,Md,0.764140,BULLETIN-OV,,,,--,Campi Flegrei,INGV_FDSN_EVENT_SERVICE
41741702,2025-02-18T09:28:57.339Z,40.827500,14.144833,2.400000,2.300000,Md,0.591420,BULLETIN-OV,,,,--,Campi Flegrei,INGV_FDSN_EVENT_SERVICE
41741942,2025-02-18T09:44:17.869Z,40.826500,14.143333,1.200000,1.000000,Md,0.615301,BULLETIN-OV,,,,--,Campi Flegrei,INGV_FDSN_EVENT_SERVICE
41742122,2025-02-18T10:08:07.710Z,40.824000,14.138667,1.800000,1.200000,Md,0.843879,BULLETIN-OV,,,,--,Campi Flegrei,INGV_FDSN_EVENT_SERVICE
41742272,2025-02-18T10:08:35.609Z,40.825833,14.144667,1.100000,1.000000,Md,0.733715,BULLETIN-OV,,,,--,Campi Flegrei,INGV_FDSN_EVENT_SERVICE
41461991,2025-02-18T11:35:39.170Z,40.826000,14.144000,1.300000,1.100000,Md,0.690105,BULLETIN-OV,,,,--,Campi Flegrei,INGV_FDSN_EVENT_SERVICE
41743842,2025-02-18T13:06:56.450Z,40.831333,14.145500,1.400000,1.000000,Md,0.446298,BULLETIN-OV,,,,--,Campi Flegrei,INGV_FDSN_EVENT_SERVICE
41744632,2025-02-18T13:27:30.690Z,40.830500,14.146167,2.100000,1.100000,Md,0.514199,BULLETIN-OV,,,,--,Campi Flegrei,INGV_FDSN_EVENT_SERVICE
41745142,2025-02-18T13:47:57.740Z,40.831333,14.147333,1.800000,1.000000,Md,0.600417,BULLETIN-OV,,,,--,Campi Flegrei,INGV_FDSN_EVENT_SERVICE
41746272,2025-02-18T14:46:37.619Z,40.825000,14.139833,0.700000,1.000000,Md,0.723427,BULLETIN-OV,,,,--,Campi Flegrei,INGV_FDSN_EVENT_SERVICE
41748762,2025-02-18T19:13:25.619Z,40.828000,14.142500,1.300000,1.200000,Md,0.434639,BULLETIN-OV,,,,--,Campi Flegrei,INGV_FDSN_EVENT_SERVICE
41749222,2025-02-18T21:31:27.480Z,40.828333,14.142333,1.200000,1.100000,Md,0.395246,BULLETIN-OV,,,,--,Campi Flegrei,INGV_FDSN_EVENT_SERVICE
41749832,2025-02-19T00:31:12.549Z,40.834500,14.148000,2.100000,3.100000,Md,0.736152,BULLETIN-OV,,,,--,Campi Flegrei,INGV_FDSN_EVENT_SERVICE
41750192,2025-02-19T01:30:00.210Z,40.831333,14.146500,1.700000,1.000000,Md,0.530371,BULLETIN-OV,,,,--,Campi Flegrei,INGV_FDSN_EVENT_SERVICE
41750212,2025-02-19T01:46:07.930Z,40.832333,14.147667,2.200000,1.600000,Md,0.635018,BULLETIN-OV,,,,--,Campi Flegrei,INGV_FDSN_EVENT_SERVICE
41750262,2025-02-19T01:47:47.269Z,40.831333,14.144500,1.500000,1.000000,Md,0.362254,BULLETIN-OV,,,,--,Campi Flegrei,INGV_FDSN_EVENT_SERVICE
41750822,2025-02-19T03:04:15.519Z,40.830000,14.146167,2.200000,3.000000,Md,0.529016,BULLETIN-OV,,,,--,Campi Flegrei,INGV_FDSN_EVENT_SERVICE
41751222,2025-02-19T04:12:49.420Z,40.833000,14.151667,2.500000,1.600000,Md,0.979067,BULLETIN-OV,,,,--,Campi Flegrei,INGV_FDSN_EVENT_SERVICE
41751452,2025-02-19T04:28:22.309Z,40.828667,14.147333,2.100000,1.000000,Md,0.677794,BULLETIN-OV,,,,--,Campi Flegrei,INGV_FDSN_EVENT_SERVICE
41752022,2025-02-19T05:53:07.640Z,40.829833,14.147167,2.100000,1.000000,Md,0.614780,BULLETIN-OV,,,,--,Campi Flegrei,INGV_FDSN_EVENT_SERVICE
41753372,2025-02-19T08:51:31.599Z,40.818333,14.142167,2.700000,1.200000,Md,1.473431,BULLETIN-OV,,,,--,Campi Flegrei,INGV_FDSN_EVENT_SERVICE
41755672,2025-02-19T14:55:11.180Z,40.828167,14.145000,2.500000,3.200000,Md,0.548135,BULLETIN-OV,,,,--,Campi Flegrei,INGV_FDSN_EVENT_SERVICE
41756082,2025-02-19T14:55:35.940Z,40.824833,14.139667,1.700000,3.100000,Md,0.742693,BULLETIN-OV,,,,--,Campi Flegrei,INGV_FDSN_EVENT_SERVICE
41757542,2025-02-20T01:34:41.900Z,40.829500,14.145500,2.800000,2.300000,Md,0.498297,BULLETIN-OV,,,,--,Campi Flegrei,INGV_FDSN_EVENT_SERVICE
41758822,2025-02-20T07:58:59.450Z,40.829000,14.145000,2.900000,1.100000,Md,0.490279,BULLETIN-OV,,,,--,Campi Flegrei,INGV_FDSN_EVENT_SERVICE
41760372,2025-02-20T10:43:45.039Z,40.828167,14.141000,1.400000,1.000000,Md,0.376676,BULLETIN-OV,,,,--,Campi Flegrei,INGV_FDSN_EVENT_SERVICE
41761402,2025-02-20T12:55:44.740Z,40.828167,14.143333,1.600000,1.000000,Md,0.454795,BULLETIN-OV,,,,--,Campi Flegrei,INGV_FDSN_EVENT_SERVICE
41762032,2025-02-20T14:15:46.329Z,40.827000,14.141667,1.700000,1.500000,Md,0.515376,BULLETIN-OV,,,,--,Campi Flegrei,INGV_FDSN_EVENT_SERVICE
41762532,2025-02-20T15:00:18.829Z,40.829333,14.142833,2.300000,1.200000,Md,0.327317,BULLETIN-OV,,,,--,Campi Flegrei,INGV_FDSN_EVENT_SERVICE
42063521,2025-02-20T19:14:31.410Z,40.827667,14.144667,1.800000,1.100000,Md,0.568252,BULLETIN-OV,,,,--,Campi Flegrei,INGV_FDSN_EVENT_SERVICE
41481881,2025-02-21T07:01:27.619Z,40.826333,14.140667,1.900000,1.000000,Md,0.575887,BULLETIN-OV,,,,--,Campi Flegrei,INGV_FDSN_EVENT_SERVICE
41482391,2025-02-21T07:53:39.480Z,40.828333,14.142833,2.200000,2.100000,Md,0.416039,BULLETIN-OV,,,,--,Campi Flegrei,INGV_FDSN_EVENT_SERVICE
41769582,2025-02-21T17:13:31.039Z,40.828667,14.144000,2.300000,2.100000,Md,0.448836,BULLETIN-OV,,,,--,Campi Flegrei,INGV_FDSN_EVENT_SERVICE
41769592,2025-02-21T17:13:56.960Z,40.829000,14.142667,2.000000,1.900000,Md,0.346929,BULLETIN-OV,,,,--,Campi Flegrei,INGV_FDSN_EVENT_SERVICE
41769612,2025-02-21T17:14:33.920Z,40.828000,14.148500,2.200000,1.100000,Md,0.799457,BULLETIN-OV,,,,--,Campi Flegrei,INGV_FDSN_EVENT_SERVICE
41769982,2025-02-21T17:15:05.140Z,40.830833,14.144667,1.900000,1.100000,Md,0.383077,BULLETIN-OV,,,,--,Campi Flegrei,INGV_FDSN_EVENT_SERVICE
41769622,2025-02-21T17:15:34.890Z,40.830667,14.145833,1.900000,2.100000,Md,0.482897,BULLETIN-OV,,,,--,Campi Flegrei,INGV_FDSN_EVENT_SERVICE
41769802,2025-02-21T17:32:38.619Z,40.830333,14.146167,2.300000,1.700000,Md,0.518533,BULLETIN-OV,,,,--,Campi Flegrei,INGV_FDSN_EVENT_SERVICE
41770022,2025-02-21T18:26:34.549Z,40.828333,14.142000,1.800000,1.300000,Md,0.383339,BULLETIN-OV,,,,--,Campi Flegrei,INGV_FDSN_EVENT_SERVICE
41770782,2025-02-21T23:23:27.059Z,40.826333,14.141500,1.500000,1.000000,Md,0.584864,BULLETIN-OV,,,,--,Campi Flegrei,INGV_FDSN_EVENT_SERVICE
41777022,2025-02-22T22:05:07.589Z,40.835833,14.084333,2.700000,1.000000,Md,4.724800,BULLETIN-OV,,,,--,Campi Flegrei,INGV_FDSN_EVENT_SERVICE
41789312,2025-02-24T23:58:54.730Z,40.837167,14.092000,2.100000,1.200000,Md,4.103762,BULLETIN-OV,,,,--,Campi Flegrei,INGV_FDSN_EVENT_SERVICE
41816522,2025-03-01T00:53:08.579Z,40.836333,14.124667,2.600000,2.200000,Md,1.412994,BULLETIN-OV,,,,--,Campi Flegrei,INGV_FDSN_EVENT_SERVICE
41816542,2025-03-01T00:53:31.700Z,40.836333,14.129667,2.400000,1.200000,Md,1.036374,BULLETIN-OV,,,,--,Campi Flegrei,INGV_FDSN_EVENT_SERVICE
41828602,2025-03-02T20:27:18.079Z,40.825167,14.140500,0.200000,1.000000,Md,0.704651,BULLETIN-OV,,,,--,Campi Flegrei,INGV_FDSN_EVENT_SERVICE
41828682,2025-03-02T20:57:42.369Z,40.811333,14.107333,3.500000,1.300000,Md,3.560554,BULLETIN-OV,,,,--,Campi Flegrei,INGV_FDSN_EVENT_SERVICE
41830092,2025-03-03T06:54:21.420Z,40.809833,14.139333,2.700000,1.300000,Md,2.410368,BULLETIN-OV,,,,--,Campi Flegrei,INGV_FDSN_EVENT_SERVICE
41831232,2025-03-03T09:06:24.690Z,40.820000,14.135833,0.300000,1.000000,Md,1.330489,BULLETIN-OV,,,,--,Campi Flegrei,INGV_FDSN_EVENT_SERVICE
41853172,2025-03-06T07:26:08.380Z,40.834500,14.084500,2.700000,1.800000,Md,4.698025,BULLETIN-OV,,,,--,Campi Flegrei,INGV_FDSN_EVENT_SERVICE
41856812,2025-03-06T14:21:55.039Z,40.838167,14.117167,2.500000,1.100000,Md,2.074732,BULLETIN-OV,,,,--,Campi Flegrei,INGV_FDSN_EVENT_SERVICE
41858852,2025-03-06T20:46:08.569Z,40.817667,14.142333,2.900000,1.100000,Md,1.548597,BULLETIN-OV,,,,--,Campi Flegrei,INGV_FDSN_EVENT_SERVICE
41858882,2025-03-06T20:46:36.740Z,40.817167,14.141833,2.800000,2.000000,Md,1.599671,BULLETIN-OV,,,,--,Campi Flegrei,INGV_FDSN_EVENT_SERVICE
41859192,2025-03-06T23:38:43.099Z,40.825167,14.131833,0.500000,3.400000,Md,0.995736,BULLETIN-OV,,,,--,Campi Flegrei,INGV_FDSN_EVENT_SERVICE
41859522,2025-03-07T00:44:46.220Z,40.824000,14.133667,0.400000,2.000000,Md,0.998820,BULLETIN-OV,,,,--,Campi Flegrei,INGV_FDSN_EVENT_SERVICE
41859942,2025-03-07T03:46:50.220Z,40.825000,14.138500,0.700000,1.000000,Md,0.736785,BULLETIN-OV,,,,--,Campi Flegrei,INGV_FDSN_EVENT_SERVICE
41861392,2025-03-07T07:55:39.960Z,40.834500,14.098500,2.300000,1.000000,Md,3.524139,BULLETIN-OV,,,,--,Campi Flegrei,INGV_FDSN_EVENT_SERVICE
41866562,2025-03-07T20:00:23.359Z,40.827333,14.140167,2.200000,1.300000,Md,0.463358,BULLETIN-OV,,,,--,Campi Flegrei,INGV_FDSN_EVENT_SERVICE
41866702,2025-03-07T20:44:58.490Z,40.837833,14.123000,2.600000,1.900000,Md,1.609291,BULLETIN-OV,,,,--,Campi Flegrei,INGV_FDSN_EVENT_SERVICE
41867772,2025-03-08T03:58:32.589Z,40.825500,14.158333,2.800000,1.100000,Md,1.665172,BULLETIN-OV,,,,--,Campi Flegrei,INGV_FDSN_EVENT_SERVICE
41873252,2025-03-08T18:54:50.490Z,40.807667,14.137333,3.200000,1.000000,Md,2.661071,BULLETIN-OV,,,,--,Campi Flegrei,INGV_FDSN_EVENT_SERVICE
41873502,2025-03-08T19:39:06.170Z,40.797500,14.122667,2.800000,1.100000,Md,4.058361,BULLETIN-OV,,,,--,Campi Flegrei,INGV_FDSN_EVENT_SERVICE
41873532,2025-03-08T19:52:31.930Z,40.809833,14.120167,3.400000,1.500000,Md,2.940451,BULLETIN-OV,,,,--,Campi Flegrei,INGV_FDSN_EVENT_SERVICE
41873882,2025-03-08T21:29:10.940Z,40.810833,14.093500,3.200000,2.300000,Md,4.552306,BULLETIN-OV,,,,--,Campi Flegrei,INGV_FDSN_EVENT_SERVICE
41874102,2025-03-08T22:09:38.230Z,40.816667,14.100500,3.000000,1.100000,Md,3.725496,BULLETIN-OV,,,,--,Campi Flegrei,INGV_FDSN_EVENT_SERVICE
41881112,2025-03-09T13:25:14.950Z,40.869000,14.077000,2.200000,1.400000,Md,6.756095,BULLETIN-OV,,,,--,Campi Flegrei,INGV_FDSN_EVENT_SERVICE
41882402,2025-03-09T17:09:51.089Z,40.841000,14.126500,2.600000,1.300000,Md,1.563415,BULLETIN-OV,,,,--,Campi Flegrei,INGV_FDSN_EVENT_SERVICE
41882882,2025-03-09T19:08:08.190Z,40.822833,14.128167,2.300000,1.000000,Md,1.397795,BULLETIN-OV,,,,--,Campi Flegrei,INGV_FDSN_EVENT_SERVICE
41883622,2025-03-09T22:46:36.859Z,40.831167,14.092000,2.300000,1.200000,Md,4.055446,BULLETIN-OV,,,,--,Campi Flegrei,INGV_FDSN_EVENT_SERVICE
41883812,2025-03-09T23:59:14.799Z,40.834500,14.087000,1.700000,2.800000,Md,4.488250,BULLETIN-OV,,,,--,Campi Flegrei,INGV_FDSN_EVENT_SERVICE
41883962,2025-03-10T00:41:01.880Z,40.827167,14.086833,3.000000,1.200000,Md,4.515911,BULLETIN-OV,,,,--,Campi Flegrei,INGV_FDSN_EVENT_SERVICE
41891962,2025-03-10T20:55:13.859Z,40.830667,14.092000,1.700000,1.700000,Md,4.056350,BULLETIN-OV,,,,--,Campi Flegrei,INGV_FDSN_EVENT_SERVICE
41892682,2025-03-11T02:04:09.559Z,40.828500,14.138000,2.500000,3.200000,Md,0.381498,BULLETIN-OV,,,,--,Campi Flegrei,INGV_FDSN_EVENT_SERVICE
41892862,2025-03-11T02:11:06.559Z,40.828500,14.140167,1.500000,1.300000,Md,0.333597,BULLETIN-OV,,,,--,Campi Flegrei,INGV_FDSN_EVENT_SERVICE
41730861,2025-03-11T02:43:50.759Z,40.825667,14.133833,2.600000,2.600000,Md,0.841228,BULLETIN-OV,,,,--,Campi Flegrei,INGV_FDSN_EVENT_SERVICE
41893082,2025-03-11T02:49:45.539Z,40.824667,14.138500,1.700000,1.100000,Md,0.773142,BULLETIN-OV,,,,--,Campi Flegrei,INGV_FDSN_EVENT_SERVICE
41893212,2025-03-11T02:51:52.710Z,40.828500,14.133833,2.000000,1.100000,Md,0.631069,BULLETIN-OV,,,,--,Campi Flegrei,INGV_FDSN_EVENT_SERVICE
41893152,2025-03-11T03:02:19.440Z,40.826833,14.133833,2.400000,1.400000,Md,0.745843,BULLETIN-OV,,,,--,Campi Flegrei,INGV_FDSN_EVENT_SERVICE
41897322,2025-03-11T12:54:48.230Z,40.821000,14.122167,3.000000,1.000000,Md,1.914524,BULLETIN-OV,,,,--,Campi Flegrei,INGV_FDSN_EVENT_SERVICE
41901152,2025-03-12T05:25:19.539Z,40.840667,14.136000,1.800000,1.700000,Md,1.078829,BULLETIN-OV,,,,--,Campi Flegrei,INGV_FDSN_EVENT_SERVICE
41901192,2025-03-12T05:27:55.789Z,40.842000,14.138667,1.200000,1.000000,Md,1.174650,BULLETIN-OV,,,,--,Campi Flegrei,INGV_FDSN_EVENT_SERVICE
41903092,2025-03-12T09:13:31.710Z,40.842000,14.139167,1.300000,1.200000,Md,1.170778,BULLETIN-OV,,,,--,Campi Flegrei,INGV_FDSN_EVENT_SERVICE
41906902,2025-03-12T19:51:44.660Z,40.822000,14.128167,1.000000,1.000000,Md,1.463200,BULLETIN-OV,,,,--,Campi Flegrei,INGV_FDSN_EVENT_SERVICE
41908352,2025-03-13T00:25:02.349Z,40.818833,14.157500,2.400000,4.600000,Md,2.025547,BULLETIN-OV,,,,--,Campi Flegrei,INGV_FDSN_EVENT_SERVICE
41908722,2025-03-13T00:26:23.789Z,40.827167,14.142333,0.300000,1.100000,Md,0.514146,BULLETIN-OV,,,,--,Campi Flegrei,INGV_FDSN_EVENT_SERVICE
41908702,2025-03-13T00:26:39.410Z,40.825333,14.154333,2.200000,1.000000,Md,1.372681,BULLETIN-OV,,,,--,Campi Flegrei,INGV_FDSN_EVENT_SERVICE
41908522,2025-03-13T00:40:11.859Z,40.814667,14.150833,2.300000,1.500000,Md,2.074595,BULLETIN-OV,,,,--,Campi Flegrei,INGV_FDSN_EVENT_SERVICE
41908682,2025-03-13T00:47:47.339Z,40.808667,14.152667,2.400000,1.100000,Md,2.747121,BULLETIN-OV,,,,--,Campi Flegrei,INGV_FDSN_EVENT_SERVICE
41908852,2025-03-13T01:27:16.940Z,40.820333,14.157333,3.000000,1.200000,Md,1.902642,BULLETIN-OV,,,,--,Campi Flegrei,INGV_FDSN_EVENT_SERVICE
41909292,2025-03-13T02:26:38.390Z,40.821333,14.155333,3.000000,1.100000,Md,1.702753,BULLETIN-OV,,,,--,Campi Flegrei,INGV_FDSN_EVENT_SERVICE
41911472,2025-03-13T07:24:13.480Z,40.817333,14.149667,1.300000,1.700000,Md,1.765253,BULLETIN-OV,,,,--,Campi Flegrei,INGV_FDSN_EVENT_SERVICE
41914102,2025-03-13T10:09:16.009Z,40.836333,14.124167,2.600000,1.300000,Md,1.451987,BULLETIN-OV,,,,--,Campi Flegrei,INGV_FDSN_EVENT_SERVICE
41922742,2025-03-14T02:52:06.539Z,40.818000,14.158167,3.000000,1.000000,Md,2.130474,BULLETIN-OV,,,,--,Campi Flegrei,INGV_FDSN_EVENT_SERVICE
41936002,2025-03-14T18:44:10.519Z,40.819667,14.157500,2.800000,3.500000,Md,1.962186,BULLETIN-OV,,,,--,Campi Flegrei,INGV_FDSN_EVENT_SERVICE
41938122,2025-03-14T21:42:41.680Z,40.825833,14.092000,1.900000,2.500000,Md,4.104105,BULLETIN-OV,,,,--,Campi Flegrei,INGV_FDSN_EVENT_SERVICE
41942132,2025-03-15T08:28:57.950Z,40.813333,14.153000,2.300000,1.100000,Md,2.289278,BULLETIN-OV,,,,--,Campi Flegrei,INGV_FDSN_EVENT_SERVICE
41944592,2025-03-15T12:32:27.089Z,40.829667,14.132333,2.900000,3.300000,Mw,0.692564,BULLETIN-OV,,,,--,Campi Flegrei,INGV_FDSN_EVENT_SERVICE
41956952,2025-03-16T13:18:43.920Z,40.814333,14.155167,2.700000,1.000000,Md,2.286904,BULLETIN-OV,,,,--,Campi Flegrei,INGV_FDSN_EVENT_SERVICE
41959692,2025-03-16T17:37:19.740Z,40.811167,14.155333,2.800000,1.200000,Md,2.594869,BULLETIN-OV,,,,--,Campi Flegrei,INGV_FDSN_EVENT_SERVICE
41967352,2025-03-17T16:07:55.819Z,40.829000,14.107667,2.400000,1.000000,Md,2.751268,BULLETIN-OV,,,,--,Campi Flegrei,INGV_FDSN_EVENT_SERVICE
41970462,2025-03-18T04:01:36.750Z,40.797500,14.107833,4.600000,1.400000,Md,4.659683,BULLETIN-OV,,,,--,Campi Flegrei,INGV_FDSN_EVENT_SERVICE
41970832,2025-03-18T05:40:12.950Z,40.801833,14.110000,4.500000,1.200000,Md,4.164260,BULLETIN-OV,,,,--,Campi Flegrei,INGV_FDSN_EVENT_SERVICE
41982832,2025-03-19T02:48:18.670Z,40.806000,14.113500,2.300000,1.100000,Md,3.617746,BULLETIN-OV,,,,--,Campi Flegrei,INGV_FDSN_EVENT_SERVICE
41982862,2025-03-19T02:52:46.210Z,40.815500,14.158167,2.600000,1.300000,Md,2.334711,BULLETIN-OV,,,,--,Campi Flegrei,INGV_FDSN_EVENT_SERVICE
41986132,2025-03-19T11:54:59.910Z,40.832167,14.086667,3.000000,1.000000,Md,4.504542,BULLETIN-OV,,,,--,Campi Flegrei,INGV_FDSN_EVENT_SERVICE
41993022,2025-03-20T06:32:17.359Z,40.807500,14.106333,2.500000,2.000000,Md,3.904321,BULLETIN-OV,,,,--,Campi Flegrei,INGV_FDSN_EVENT_SERVICE
41733941,2025-03-25T19:51:21.779Z,40.828000,14.140333,1.300000,1.200000,Md,0.389344,BULLETIN-OV,,,,--,Campi Flegrei,INGV_FDSN_EVENT_SERVICE
42154792,2025-03-26T19:11:37.599Z,40.826833,14.138833,1.000000,1.200000,Md,0.531540,BULLETIN-OV,,,,--,Campi Flegrei,INGV_FDSN_EVENT_SERVICE
42155622,2025-03-27T03:43:07.839Z,40.798500,14.109333,4.800000,1.000000,Md,4.495818,BULLETIN-OV,,,,--,Campi Flegrei,INGV_FDSN_EVENT_SERVICE
42161152,2025-03-27T19:04:48.170Z,40.834833,14.151667,2.400000,1.300000,Md,1.033480,BULLETIN-OV,,,,--,Campi Flegrei,INGV_FDSN_EVENT_SERVICE
42167142,2025-03-28T23:30:53.940Z,40.830667,14.091000,2.600000,1.000000,Md,4.140463,BULLETIN-OV,,,,--,Campi Flegrei,INGV_FDSN_EVENT_SERVICE
42173932,2025-03-30T11:05:55.720Z,40.825833,14.114500,1.800000,1.100000,Md,2.252287,BULLETIN-OV,,,,--,Campi Flegrei,INGV_FDSN_EVENT_SERVICE
42177162,2025-03-30T22:29:40.940Z,40.838167,14.148667,2.600000,1.300000,Md,1.028102,BULLETIN-OV,,,,--,Campi Flegrei,INGV_FDSN_EVENT_SERVICE
42184732,2025-03-31T16:00:20.750Z,40.827167,14.084000,2.800000,1.000000,Md,4.752978,BULLETIN-OV,,,,--,Campi Flegrei,INGV_FDSN_EVENT_SERVICE
42195902,2025-04-02T00:37:12.690Z,40.808833,14.086667,3.800000,1.000000,Md,5.161904,BULLETIN-OV,,,,--,Campi Flegrei,INGV_FDSN_EVENT_SERVICE
42197422,2025-04-02T08:27:33.630Z,40.814000,14.100333,3.000000,2.000000,Md,3.878151,SURVEY-INGV-OV#WESSEL,,,,--,Campi Flegrei,INGV_FDSN_EVENT_SERVICE
42206712,2025-04-03T14:07:13.940Z,40.826833,14.101667,1.400000,1.000000,Md,3.283327,SURVEY-INGV-OV#WESSEL,,,,--,Campi Flegrei,INGV_FDSN_EVENT_SERVICE
42355742,2025-04-05T19:20:49.859Z,40.827333,14.140000,1.900000,1.400000,Md,0.463655,BULLETIN-OV,,,,--,Campi Flegrei,INGV_FDSN_EVENT_SERVICE
42363642,2025-04-07T00:55:32.710Z,40.825167,14.137667,0.900000,1.500000,Md,0.735742,BULLETIN-OV,,,,--,Campi Flegrei,INGV_FDSN_EVENT_SERVICE
42363672,2025-04-07T00:56:56.539Z,40.826667,14.140000,0.800000,1.200000,Md,0.537669,BULLETIN-OV,,,,--,Campi Flegrei,INGV_FDSN_EVENT_SERVICE
42364102,2025-04-07T04:11:41.299Z,40.840500,14.131000,2.200000,1.700000,Md,1.265132,BULLETIN-OV,,,,--,Campi Flegrei,INGV_FDSN_EVENT_SERVICE
42365652,2025-04-07T07:43:32.380Z,40.835833,14.135333,2.200000,2.400000,Md,0.632300,BULLETIN-OV,,,,--,Campi Flegrei,INGV_FDSN_EVENT_SERVICE
42449471,2025-04-07T11:39:49.609Z,40.834500,14.090000,2.500000,1.000000,Md,4.236593,BULLETIN-OV,,,,--,Campi Flegrei,INGV_FDSN_EVENT_SERVICE
42373612,2025-04-08T01:21:45.859Z,40.807333,14.115500,2.900000,1.200000,Md,3.397271,BULLETIN-OV,,,,--,Campi Flegrei,INGV_FDSN_EVENT_SERVICE
42380202,2025-04-08T16:19:48.529Z,40.831167,14.122667,2.100000,1.100000,Md,1.475593,BULLETIN-OV,,,,--,Campi Flegrei,INGV_FDSN_EVENT_SERVICE
42380262,2025-04-08T16:27:07.079Z,40.836000,14.122833,2.700000,1.200000,Md,1.544414,BULLETIN-OV,,,,--,Campi Flegrei,INGV_FDSN_EVENT_SERVICE
42389732,2025-04-10T03:19:49.819Z,40.800833,14.117833,3.600000,2.200000,Md,3.895016,BULLETIN-OV,,,,--,Campi Flegrei,INGV_FDSN_EVENT_SERVICE
42399162,2025-04-10T21:38:01.089Z,40.822833,14.132167,2.400000,1.200000,Md,1.177117,BULLETIN-OV,,,,--,Campi Flegrei,INGV_FDSN_EVENT_SERVICE
42399272,2025-04-10T22:30:28.099Z,40.822833,14.130667,1.600000,1.000000,Md,1.253851,BULLETIN-OV,,,,--,Campi Flegrei,INGV_FDSN_EVENT_SERVICE
42406692,2025-04-11T16:07:09.250Z,40.825000,14.131000,2.400000,1.600000,Md,1.059047,BULLETIN-OV,,,,--,Campi Flegrei,INGV_FDSN_EVENT_SERVICE
42408642,2025-04-11T20:55:54.720Z,40.824667,14.132333,2.200000,2.200000,Md,1.007683,BULLETIN-OV,,,,--,Campi Flegrei,INGV_FDSN_EVENT_SERVICE
42408902,2025-04-11T20:56:03.670Z,40.830833,14.142167,2.900000,1.500000,Md,0.181352,BULLETIN-OV,,,,--,Campi Flegrei,INGV_FDSN_EVENT_SERVICE
42408692,2025-04-11T20:59:20.200Z,40.824333,14.128833,1.700000,1.600000,Md,1.244916,BULLETIN-OV,,,,--,Campi Flegrei,INGV_FDSN_EVENT_SERVICE
42408752,2025-04-11T21:02:26.529Z,40.824833,14.129667,1.800000,1.200000,Md,1.155415,BULLETIN-OV,,,,--,Campi Flegrei,INGV_FDSN_EVENT_SERVICE
42449481,2025-04-12T12:59:54.279Z,40.826667,14.126167,1.900000,1.300000,Md,1.297248,BULLETIN-OV,,,,--,Campi Flegrei,INGV_FDSN_EVENT_SERVICE
42417512,2025-04-12T21:29:15.420Z,40.826333,14.135667,2.200000,2.900000,Md,0.689612,BULLETIN-OV,,,,--,Campi Flegrei,INGV_FDSN_EVENT_SERVICE
42417632,2025-04-12T21:39:08.329Z,40.827833,14.137167,2.200000,1.200000,Md,0.481022,BULLETIN-OV,,,,--,Campi Flegrei,INGV_FDSN_EVENT_SERVICE
42417702,2025-04-12T21:46:37.259Z,40.823333,14.134333,1.200000,1.000000,Md,1.033628,BULLETIN-OV,,,,--,Campi Flegrei,INGV_FDSN_EVENT_SERVICE
42418452,2025-04-13T01:10:48.079Z,40.838667,14.120667,2.600000,1.500000,Md,1.826350,BULLETIN-OV,,,,--,Campi Flegrei,INGV_FDSN_EVENT_SERVICE
42422282,2025-04-13T12:28:58.759Z,40.835500,14.125833,2.200000,1.300000,Md,1.287956,BULLETIN-OV,,,,--,Campi Flegrei,INGV_FDSN_EVENT_SERVICE
42424972,2025-04-14T04:00:39.819Z,40.835167,14.134667,2.400000,1.000000,Md,0.618832,BULLETIN-OV,,,,--,Campi Flegrei,INGV_FDSN_EVENT_SERVICE
42449581,2025-04-14T16:03:25.980Z,40.815667,14.097833,2.600000,1.000000,Md,3.975968,BULLETIN-OV,,,,--,Campi Flegrei,INGV_FDSN_EVENT_SERVICE
42446252,2025-04-15T20:53:10.089Z,40.829667,14.140167,2.500000,1.300000,Md,0.203839,BULLETIN-OV,,,,--,Campi Flegrei,INGV_FDSN_EVENT_SERVICE
42442732,2025-04-16T00:25:00.710Z,40.820500,14.124167,2.600000,1.200000,Md,1.820984,BULLETIN-OV,,,,--,Campi Flegrei,INGV_FDSN_EVENT_SERVICE
42455552,2025-04-16T23:19:00.859Z,40.823833,14.151667,1.400000,1.100000,Md,1.287515,BULLETIN-OV,,,,--,Campi Flegrei,INGV_FDSN_EVENT_SERVICE
42484402,2025-04-20T01:48:00.170Z,40.824500,14.137000,0.700000,1.600000,Md,0.823617,BULLETIN-OV,,,,--,Campi Flegrei,INGV_FDSN_EVENT_SERVICE
42484452,2025-04-20T01:53:46.910Z,40.825500,14.139667,0.800000,2.200000,Md,0.668676,BULLETIN-OV,,,,--,Campi Flegrei,INGV_FDSN_EVENT_SERVICE
42484752,2025-04-20T01:56:01.690Z,40.824833,14.140667,0.900000,1.100000,Md,0.742378,BULLETIN-OV,,,,--,Campi Flegrei,INGV_FDSN_EVENT_SERVICE
42488342,2025-04-20T12:15:06.579Z,40.827333,14.140833,1.900000,1.200000,Md,0.466401,BULLETIN-OV,,,,--,Campi Flegrei,INGV_FDSN_EVENT_SERVICE
42501162,2025-04-21T17:47:10.809Z,40.835000,14.151667,1.900000,1.100000,Md,1.040283,BULLETIN-OV,,,,--,Campi Flegrei,INGV_FDSN_EVENT_SERVICE
42501962,2025-04-21T20:08:37.109Z,40.839000,14.118667,2.600000,1.100000,Md,1.994302,BULLETIN-OV,,,,--,Campi Flegrei,INGV_FDSN_EVENT_SERVICE
42502562,2025-04-22T00:22:12.829Z,40.836000,14.118167,1.800000,1.600000,Md,1.920014,BULLETIN-OV,,,,--,Campi Flegrei,INGV_FDSN_EVENT_SERVICE
42527552,2025-04-24T00:11:24.430Z,40.822167,14.157333,2.500000,1.800000,Md,1.776267,BULLETIN-OV,,,,--,Campi Flegrei,INGV_FDSN_EVENT_SERVICE
42527702,2025-04-24T01:00:45.099Z,40.836833,14.130167,2.200000,1.600000,Md,1.031567,BULLETIN-OV,,,,--,Campi Flegrei,INGV_FDSN_EVENT_SERVICE
42527822,2025-04-24T01:56:20.599Z,40.822000,14.155667,2.900000,1.700000,Md,1.676161,BULLETIN-OV,,,,--,Campi Flegrei,INGV_FDSN_EVENT_SERVICE
42528232,2025-04-24T04:21:49.640Z,40.821333,14.157333,2.600000,2.100000,Md,1.832002,BULLETIN-OV,,,,--,Campi Flegrei,INGV_FDSN_EVENT_SERVICE
42535822,2025-04-24T20:26:06.980Z,40.836833,14.117333,2.700000,2.500000,Md,2.013140,BULLETIN-OV,,,,--,Campi Flegrei,INGV_FDSN_EVENT_SERVICE
42536532,2025-04-25T00:12:30.059Z,40.837833,14.123000,2.700000,1.600000,Md,1.609291,BULLETIN-OV,,,,--,Campi Flegrei,INGV_FDSN_EVENT_SERVICE
42537582,2025-04-25T06:28:55.890Z,40.835667,14.115167,2.500000,2.700000,Md,2.156432,BULLETIN-OV,,,,--,Campi Flegrei,INGV_FDSN_EVENT_SERVICE
42537622,2025-04-25T06:32:11.009Z,40.834833,14.114667,2.100000,1.000000,Md,2.179880,BULLETIN-OV,,,,--,Campi Flegrei,INGV_FDSN_EVENT_SERVICE
42537642,2025-04-25T06:36:27.509Z,40.838000,14.114667,2.200000,1.400000,Md,2.266428,BULLETIN-OV,,,,--,Campi Flegrei,INGV_FDSN_EVENT_SERVICE
42559542,2025-04-27T18:51:13.670Z,40.832667,14.130167,2.300000,1.300000,Md,0.854027,BULLETIN-OV,,,,--,Campi Flegrei,INGV_FDSN_EVENT_SERVICE
42559622,2025-04-27T18:51:50.890Z,40.831500,14.133833,2.400000,1.200000,Md,0.535682,BULLETIN-OV,,,,--,Campi Flegrei,INGV_FDSN_EVENT_SERVICE
42559662,2025-04-27T18:54:25.509Z,40.832500,14.130667,2.600000,1.600000,Md,0.809716,BULLETIN-OV,,,,--,Campi Flegrei,INGV_FDSN_EVENT_SERVICE
42559692,2025-04-27T18:58:40.049Z,40.832833,14.131333,2.400000,1.200000,Md,0.760593,BULLETIN-OV,,,,--,Campi Flegrei,INGV_FDSN_EVENT_SERVICE
42579062,2025-04-29T18:57:16.720Z,40.823333,14.083000,2.200000,1.400000,Md,4.897700,BULLETIN-OV,,,,--,Campi Flegrei,INGV_FDSN_EVENT_SERVICE
42583072,2025-04-30T09:24:01.779Z,40.823833,14.145667,1.900000,1.000000,Md,0.968711,BULLETIN-OV,,,,--,Campi Flegrei,INGV_FDSN_EVENT_SERVICE
42590872,2025-05-01T08:27:02.369Z,40.835333,14.140167,2.300000,1.400000,Md,0.426220,BULLETIN-OV,,,,--,Campi Flegrei,INGV_FDSN_EVENT_SERVICE
42449591,2025-05-01T14:11:57.099Z,40.812333,14.124167,3.800000,1.100000,Md,2.522391,BULLETIN-OV,,,,--,Campi Flegrei,INGV_FDSN_EVENT_SERVICE
42449661,2025-05-01T15:33:46.220Z,40.809333,14.123333,4.000000,1.300000,Md,2.844298,BULLETIN-OV,,,,--,Campi Flegrei,INGV_FDSN_EVENT_SERVICE
42604472,2025-05-03T01:32:41.079Z,40.813333,14.152500,2.900000,1.400000,Md,2.269788,BULLETIN-OV,,,,--,Campi Flegrei,INGV_FDSN_EVENT_SERVICE
42635152,2025-05-06T03:04:11.859Z,40.805000,14.123333,3.500000,2.300000,Md,3.270701,BULLETIN-OV,,,,--,Campi Flegrei,INGV_FDSN_EVENT_SERVICE
42449691,2025-05-07T00:06:54.119Z,40.819333,14.098500,2.100000,1.000000,Md,3.760513,BULLETIN-OV,,,,--,Campi Flegrei,INGV_FDSN_EVENT_SERVICE
42656272,2025-05-08T13:55:45.470Z,40.829000,14.133000,2.400000,1.100000,Md,0.666516,BULLETIN-OV,,,,--,Campi Flegrei,INGV_FDSN_EVENT_SERVICE
42681772,2025-05-12T02:35:29.549Z,40.834500,14.092000,2.300000,1.900000,Md,4.068873,BULLETIN-OV,,,,--,Campi Flegrei,INGV_FDSN_EVENT_SERVICE
42687972,2025-05-12T12:38:35.650Z,40.843833,14.147833,1.800000,2.000000,Md,1.514263,BULLETIN-OV,,,,--,Campi Flegrei,INGV_FDSN_EVENT_SERVICE
42693082,2025-05-13T01:58:39.289Z,40.835000,14.128167,2.800000,1.200000,Md,1.084590,BULLETIN-OV,,,,--,Campi Flegrei,INGV_FDSN_EVENT_SERVICE
42693202,2025-05-13T01:58:57.289Z,40.834000,14.131000,2.300000,1.200000,Md,0.822426,BULLETIN-OV,,,,--,Campi Flegrei,INGV_FDSN_EVENT_SERVICE
42693282,2025-05-13T02:03:06.420Z,40.836000,14.128500,2.700000,1.100000,Md,1.104217,BULLETIN-OV,,,,--,Campi Flegrei,INGV_FDSN_EVENT_SERVICE
42697472,2025-05-13T10:06:43.990Z,40.826333,14.111333,2.500000,2.100000,Md,2.495827,BULLETIN-OV,,,,--,Campi Flegrei,INGV_FDSN_EVENT_SERVICE
42698352,2025-05-13T10:07:44.910Z,40.828167,14.110333,2.600000,4.400000,Md,2.540081,BULLETIN-OV,,,,--,Campi Flegrei,INGV_FDSN_EVENT_SERVICE
42449951,2025-05-13T10:13:59.859Z,40.824667,14.122000,2.800000,1.300000,Md,1.709454,BULLETIN-OV,,,,--,Campi Flegrei,INGV_FDSN_EVENT_SERVICE
42698472,2025-05-13T10:22:43.289Z,40.825333,14.123833,2.800000,3.500000,Md,1.538379,BULLETIN-OV,,,,--,Campi Flegrei,INGV_FDSN_EVENT_SERVICE
42699092,2025-05-13T10:27:11.119Z,40.823667,14.123333,2.600000,1.900000,Md,1.665137,BULLETIN-OV,,,,--,Campi Flegrei,INGV_FDSN_EVENT_SERVICE
42699422,2025-05-13T10:27:30.119Z,40.822833,14.123667,2.500000,1.600000,Md,1.692300,BULLETIN-OV,,,,--,Campi Flegrei,INGV_FDSN_EVENT_SERVICE
42699252,2025-05-13T10:34:25.150Z,40.826500,14.129500,2.100000,1.000000,Md,1.058109,BULLETIN-OV,,,,--,Campi Flegrei,INGV_FDSN_EVENT_SERVICE
42699612,2025-05-13T10:59:40.619Z,40.827167,14.120333,2.400000,1.100000,Md,1.739601,BULLETIN-OV,,,,--,Campi Flegrei,INGV_FDSN_EVENT_SERVICE
42701812,2025-05-13T12:58:42.440Z,40.825000,14.123833,2.200000,3.200000,Md,1.555241,BULLETIN-OV,,,,--,Campi Flegrei,INGV_FDSN_EVENT_SERVICE
42450651,2025-05-13T13:01:07.220Z,40.824000,14.124333,2.800000,2.700000,Md,1.574105,BULLETIN-OV,,,,--,Campi Flegrei,INGV_FDSN_EVENT_SERVICE
42702402,2025-05-13T13:24:20.779Z,40.827500,14.129667,1.300000,1.200000,Md,0.991565,BULLETIN-OV,,,,--,Campi Flegrei,INGV_FDSN_EVENT_SERVICE
42702462,2025-05-13T13:29:57.259Z,40.828500,14.122333,1.800000,1.000000,Md,1.539827,BULLETIN-OV,,,,--,Campi Flegrei,INGV_FDSN_EVENT_SERVICE
42702962,2025-05-13T13:55:46.079Z,40.825000,14.138000,1.600000,1.000000,Md,0.746095,BULLETIN-OV,,,,--,Campi Flegrei,INGV_FDSN_EVENT_SERVICE
42703552,2025-05-13T14:47:08.359Z,40.830833,14.139167,2.200000,1.000000,Md,0.114255,BULLETIN-OV,,,,--,Campi Flegrei,INGV_FDSN_EVENT_SERVICE
42704212,2025-05-13T15:52:11.099Z,40.825000,14.135000,2.400000,1.300000,Md,0.844877,BULLETIN-OV,,,,--,Campi Flegrei,INGV_FDSN_EVENT_SERVICE
42704222,2025-05-13T15:53:41.119Z,40.826000,14.134167,2.500000,1.400000,Md,0.794784,BULLETIN-OV,,,,--,Campi Flegrei,INGV_FDSN_EVENT_SERVICE
42704352,2025-05-13T15:54:58.750Z,40.823333,14.135500,2.300000,1.400000,Md,0.990497,BULLETIN-OV,,,,--,Campi Flegrei,INGV_FDSN_EVENT_SERVICE
42707732,2025-05-14T02:52:37.420Z,40.826667,14.126500,1.900000,1.000000,Md,1.271800,BULLETIN-OV,,,,--,Campi Flegrei,INGV_FDSN_EVENT_SERVICE
42707842,2025-05-14T03:39:45.670Z,40.822167,14.129500,1.200000,1.000000,Md,1.373875,BULLETIN-OV,,,,--,Campi Flegrei,INGV_FDSN_EVENT_SERVICE
42711862,2025-05-14T12:23:00.240Z,40.835000,14.143833,2.600000,3.500000,Md,0.494860,BULLETIN-OV,,,,--,Campi Flegrei,INGV_FDSN_EVENT_SERVICE
42712342,2025-05-14T12:23:05.019Z,40.833500,14.130833,1.800000,2.500000,Md,0.818851,BULLETIN-OV,,,,--,Campi Flegrei,INGV_FDSN_EVENT_SERVICE
42712092,2025-05-14T12:24:19.920Z,40.833667,14.131833,1.800000,1.300000,Md,0.744038,BULLETIN-OV,,,,--,Campi Flegrei,INGV_FDSN_EVENT_SERVICE
42711982,2025-05-14T12:35:54.579Z,40.830000,14.152667,1.900000,1.200000,Md,1.062091,BULLETIN-OV,,,,--,Campi Flegrei,INGV_FDSN_EVENT_SERVICE
42738942,2025-05-17T10:02:25.740Z,40.837167,14.136167,2.500000,1.100000,Md,0.715684,BULLETIN-OV,,,,--,Campi Flegrei,INGV_FDSN_EVENT_SERVICE
42743252,2025-05-17T17:42:37.519Z,40.824000,14.127833,1.700000,1.200000,Md,1.333503,BULLETIN-OV,,,,--,Campi Flegrei,INGV_FDSN_EVENT_SERVICE
42746302,2025-05-18T05:27:05.970Z,40.805167,14.148833,3.000000,1.700000,Md,3.016875,BULLETIN-OV,,,,--,Campi Flegrei,INGV_FDSN_EVENT_SERVICE
42747102,2025-05-18T07:13:29.259Z,40.828000,14.148500,2.300000,1.800000,Md,0.799457,BULLETIN-OV,,,,--,Campi Flegrei,INGV_FDSN_EVENT_SERVICE
42754752,2025-05-18T22:25:06.200Z,40.833500,14.143500,2.700000,1.100000,Md,0.355725,BULLETIN-OV,,,,--,Campi Flegrei,INGV_FDSN_EVENT_SERVICE
42768902,2025-05-20T11:01:43.349Z,40.829333,14.143333,1.700000,1.000000,Md,0.357134,BULLETIN-OV,,,,--,Campi Flegrei,INGV_FDSN_EVENT_SERVICE
42450661,2025-05-22T16:59:15.640Z,40.834667,14.131333,1.600000,1.000000,Md,0.824942,BULLETIN-OV,,,,--,Campi Flegrei,INGV_FDSN_EVENT_SERVICE
42799812,2025-05-23T10:44:16.220Z,40.830667,14.094167,2.100000,2.600000,Md,3.874080,BULLETIN-OV,,,,--,Campi Flegrei,INGV_FDSN_EVENT_SERVICE
42821512,2025-05-25T17:27:54.970Z,40.827500,14.143333,1.500000,2.300000,Md,0.517025,BULLETIN-OV,,,,--,Campi Flegrei,INGV_FDSN_EVENT_SERVICE
42242671,2025-05-26T22:43:01.289Z,40.828667,14.142000,1.700000,1.000000,Md,0.349529,BULLETIN-OV,,,,--,Campi Flegrei,INGV_FDSN_EVENT_SERVICE
42243181,2025-05-27T02:10:47.259Z,40.821833,14.136500,1.300000,1.000000,Md,1.119097,SURVEY-INGV-OV#WESSEL,,,,--,Campi Flegrei,INGV_FDSN_EVENT_SERVICE
42450701,2025-05-27T22:39:46.960Z,40.817667,14.153500,2.500000,1.000000,Md,1.902190,BULLETIN-OV,,,,--,Campi Flegrei,INGV_FDSN_EVENT_SERVICE
42260791,2025-05-28T20:03:36.099Z,40.825000,14.142000,1.600000,1.900000,Md,0.738465,BULLETIN-OV,,,,--,Campi Flegrei,INGV_FDSN_EVENT_SERVICE
42450731,2025-05-31T18:46:07.500Z,40.836500,14.123167,2.600000,1.000000,Md,1.537077,BULLETIN-OV,,,,--,Campi Flegrei,INGV_FDSN_EVENT_SERVICE
42777781,2025-06-02T10:01:53.569Z,40.831500,14.137833,2.100000,1.000000,Md,0.199146,BULLETIN-OV,,,,--,Campi Flegrei,INGV_FDSN_EVENT_SERVICE
42908952,2025-06-03T03:59:54.440Z,40.838167,14.132167,2.400000,1.100000,Md,1.003149,BULLETIN-OV,,,,--,Campi Flegrei,INGV_FDSN_EVENT_SERVICE
42917972,2025-06-04T03:44:20.450Z,40.805500,14.110667,3.800000,1.000000,Md,3.812430,BULLETIN-OV,,,,--,Campi Flegrei,INGV_FDSN_EVENT_SERVICE
42927122,2025-06-05T04:39:01.829Z,40.826833,14.148000,2.500000,2.300000,Md,0.836658,BULLETIN-OV,,,,--,Campi Flegrei,INGV_FDSN_EVENT_SERVICE
42927912,2025-06-05T04:43:58.160Z,40.827333,14.150667,2.000000,1.300000,Md,0.995116,BULLETIN-OV,,,,--,Campi Flegrei,INGV_FDSN_EVENT_SERVICE
42927262,2025-06-05T04:44:48.309Z,40.827833,14.149500,2.200000,2.200000,Md,0.882338,BULLETIN-OV,,,,--,Campi Flegrei,INGV_FDSN_EVENT_SERVICE
42927332,2025-06-05T04:48:25.390Z,40.827167,14.148667,2.500000,3.200000,Md,0.860020,BULLETIN-OV,,,,--,Campi Flegrei,INGV_FDSN_EVENT_SERVICE
42927432,2025-06-05T04:50:59.230Z,40.827500,14.152333,2.500000,2.100000,Md,1.113519,BULLETIN-OV,,,,--,Campi Flegrei,INGV_FDSN_EVENT_SERVICE
42928802,2025-06-05T07:25:15.009Z,40.826500,14.146000,2.200000,1.100000,Md,0.739763,BULLETIN-OV,,,,--,Campi Flegrei,INGV_FDSN_EVENT_SERVICE
42929662,2025-06-05T08:51:50.500Z,40.798500,14.128167,2.700000,1.500000,Md,3.806601,BULLETIN-OV,,,,--,Campi Flegrei,INGV_FDSN_EVENT_SERVICE
42932632,2025-06-05T13:33:15.690Z,40.828667,14.145500,2.300000,1.300000,Md,0.545967,BULLETIN-OV,,,,--,Campi Flegrei,INGV_FDSN_EVENT_SERVICE
42932792,2025-06-05T13:51:03.750Z,40.832000,14.150500,2.300000,2.000000,Md,0.868360,BULLETIN-OV,,,,--,Campi Flegrei,INGV_FDSN_EVENT_SERVICE
42934552,2025-06-05T16:59:40.170Z,40.831500,14.145500,2.500000,2.800000,Md,0.445911,BULLETIN-OV,,,,--,Campi Flegrei,INGV_FDSN_EVENT_SERVICE
42935222,2025-06-05T18:30:54.619Z,40.829833,14.143833,2.500000,1.000000,Md,0.357476,BULLETIN-OV,,,,--,Campi Flegrei,INGV_FDSN_EVENT_SERVICE
42936042,2025-06-06T00:26:22.170Z,40.823333,14.136500,0.500000,1.200000,Md,0.960009,BULLETIN-OV,,,,--,Campi Flegrei,INGV_FDSN_EVENT_SERVICE
42936092,2025-06-06T00:28:10.980Z,40.821667,14.136500,0.500000,1.100000,Md,1.136839,BULLETIN-OV,,,,--,Campi Flegrei,INGV_FDSN_EVENT_SERVICE
42944912,2025-06-06T17:31:06.230Z,40.821500,14.129167,1.700000,3.200000,Md,1.448522,BULLETIN-OV,,,,--,Campi Flegrei,INGV_FDSN_EVENT_SERVICE
42946462,2025-06-07T02:10:16.769Z,40.823500,14.146833,1.900000,1.200000,Md,1.050138,BULLETIN-OV,,,,--,Campi Flegrei,INGV_FDSN_EVENT_SERVICE
42948712,2025-06-07T08:21:28.130Z,40.803167,14.111167,2.700000,1.300000,Md,3.986823,BULLETIN-OV,,,,--,Campi Flegrei,INGV_FDSN_EVENT_SERVICE
42949022,2025-06-07T09:01:41.710Z,40.796000,14.110500,4.500000,1.300000,Md,4.672198,BULLETIN-OV,,,,--,Campi Flegrei,INGV_FDSN_EVENT_SERVICE
42955652,2025-06-07T18:48:49.319Z,40.837000,14.122333,2.100000,1.000000,Md,1.622812,BULLETIN-OV,,,,--,Campi Flegrei,INGV_FDSN_EVENT_SERVICE
42955982,2025-06-07T19:45:34.789Z,40.820333,14.138333,0.200000,2.600000,Md,1.251613,BULLETIN-OV,,,,--,Campi Flegrei,INGV_FDSN_EVENT_SERVICE
42956392,2025-06-07T20:32:34.220Z,40.816833,14.137667,0.400000,1.000000,Md,1.644766,BULLETIN-OV,,,,--,Campi Flegrei,INGV_FDSN_EVENT_SERVICE
42956402,2025-06-07T20:55:58.309Z,40.820833,14.139667,0.200000,2.300000,Md,1.186965,BULLETIN-OV,,,,--,Campi Flegrei,INGV_FDSN_EVENT_SERVICE
42956532,2025-06-07T20:57:37Z,40.816167,14.138000,0.500000,1.900000,Md,1.714974,BULLETIN-OV,,,,--,Campi Flegrei,INGV_FDSN_EVENT_SERVICE
42956472,2025-06-07T21:00:45.119Z,40.819333,14.139833,0.500000,1.000000,Md,1.353263,BULLETIN-OV,,,,--,Campi Flegrei,INGV_FDSN_EVENT_SERVICE
42956482,2025-06-07T21:03:27.089Z,40.818333,14.142333,0.200000,1.200000,Md,1.475065,BULLETIN-OV,,,,--,Campi Flegrei,INGV_FDSN_EVENT_SERVICE
42956732,2025-06-07T21:45:29.190Z,40.819000,14.145833,0.300000,1.900000,Md,1.468530,BULLETIN-OV,,,,--,Campi Flegrei,INGV_FDSN_EVENT_SERVICE
42956912,2025-06-07T22:21:41.460Z,40.819667,14.142667,0.500000,1.000000,Md,1.332045,BULLETIN-OV,,,,--,Campi Flegrei,INGV_FDSN_EVENT_SERVICE
42957122,2025-06-07T22:54:52.400Z,40.818833,14.142167,0.400000,1.300000,Md,1.418199,BULLETIN-OV,,,,--,Campi Flegrei,INGV_FDSN_EVENT_SERVICE
42957862,2025-06-08T05:14:12.170Z,40.823333,14.140833,0.900000,2.100000,Md,0.909691,BULLETIN-OV,,,,--,Campi Flegrei,INGV_FDSN_EVENT_SERVICE
42958002,2025-06-08T05:33:57.960Z,40.822500,14.143333,0.700000,1.000000,Md,1.034892,BULLETIN-OV,,,,--,Campi Flegrei,INGV_FDSN_EVENT_SERVICE
42777801,2025-06-08T06:04:21.559Z,40.819833,14.145167,0.200000,1.100000,Md,1.362970,BULLETIN-OV,,,,--,Campi Flegrei,INGV_FDSN_EVENT_SERVICE
42967232,2025-06-08T23:19:17.650Z,40.829667,14.116167,2.700000,1.300000,Md,2.032271,BULLETIN-OV,,,,--,Campi Flegrei,INGV_FDSN_EVENT_SERVICE
42777821,2025-06-10T01:06:56.230Z,40.807167,14.117500,3.800000,1.200000,Md,3.312056,BULLETIN-OV,,,,--,Campi Flegrei,INGV_FDSN_EVENT_SERVICE
42988832,2025-06-10T23:12:08.430Z,40.811833,14.109833,2.700000,1.300000,Md,3.363314,BULLETIN-OV,,,,--,Campi Flegrei,INGV_FDSN_EVENT_SERVICE
42777831,2025-06-12T03:33:24.250Z,40.838333,14.117333,2.800000,1.700000,Md,2.068401,BULLETIN-OV,,,,--,Campi Flegrei,INGV_FDSN_EVENT_SERVICE
43027442,2025-06-12T03:48:57.559Z,40.838500,14.120500,2.800000,1.300000,Md,1.831033,BULLETIN-OV,,,,--,Campi Flegrei,INGV_FDSN_EVENT_SERVICE
42777931,2025-06-12T18:22:43.059Z,40.838000,14.087667,2.900000,1.000000,Md,4.478313,BULLETIN-OV,,,,--,Campi Flegrei,INGV_FDSN_EVENT_SERVICE
43069722,2025-06-14T01:11:02.319Z,40.833167,14.133500,2.400000,1.200000,Md,0.593387,BULLETIN-OV,,,,--,Campi Flegrei,INGV_FDSN_EVENT_SERVICE
43081282,2025-06-15T05:56:37.529Z,40.824833,14.139000,0.800000,1.700000,Md,0.748182,BULLETIN-OV,,,,--,Campi Flegrei,INGV_FDSN_EVENT_SERVICE
43087752,2025-06-15T16:43:05.660Z,40.832500,14.125500,2.600000,1.500000,Md,1.241752,BULLETIN-OV,,,,--,Campi Flegrei,INGV_FDSN_EVENT_SERVICE
43135152,2025-06-19T08:29:20.490Z,40.815833,14.154167,2.800000,1.100000,Md,2.101447,BULLETIN-OV,,,,--,Campi Flegrei,INGV_FDSN_EVENT_SERVICE
43135342,2025-06-19T08:42:22.400Z,40.816167,14.155500,2.900000,1.900000,Md,2.136416,BULLETIN-OV,,,,--,Campi Flegrei,INGV_FDSN_EVENT_SERVICE
43135742,2025-06-19T08:42:26.910Z,40.812667,14.154500,2.400000,1.600000,Md,2.415226,BULLETIN-OV,,,,--,Campi Flegrei,INGV_FDSN_EVENT_SERVICE
43144182,2025-06-19T21:37:30.869Z,40.837167,14.095333,2.200000,1.900000,Md,3.826923,BULLETIN-OV,,,,--,Campi Flegrei,INGV_FDSN_EVENT_SERVICE
43144232,2025-06-19T21:47:02.180Z,40.824667,14.140167,1.200000,1.500000,Md,0.759801,BULLETIN-OV,,,,--,Campi Flegrei,INGV_FDSN_EVENT_SERVICE
43157242,2025-06-20T23:01:01.809Z,40.830167,14.139333,0.900000,1.500000,Md,0.165200,BULLETIN-OV,,,,--,Campi Flegrei,INGV_FDSN_EVENT_SERVICE
43157282,2025-06-20T23:01:46.119Z,40.830000,14.140000,0.800000,1.100000,Md,0.167639,BULLETIN-OV,,,,--,Campi Flegrei,INGV_FDSN_EVENT_SERVICE
43158092,2025-06-21T02:55:48.940Z,40.839333,14.126833,2.500000,2.300000,Md,1.422410,BULLETIN-OV,,,,--,Campi Flegrei,INGV_FDSN_EVENT_SERVICE
43158122,2025-06-21T03:00:12.640Z,40.837667,14.122667,2.600000,3.200000,Md,1.626662,BULLETIN-OV,,,,--,Campi Flegrei,INGV_FDSN_EVENT_SERVICE
43158342,2025-06-21T03:00:39.710Z,40.839333,14.124333,2.400000,2.000000,Md,1.593902,BULLETIN-OV,,,,--,Campi Flegrei,INGV_FDSN_EVENT_SERVICE
43158222,2025-06-21T03:16:45.009Z,40.835667,14.119500,2.300000,1.600000,Md,1.802108,BULLETIN-OV,,,,--,Campi Flegrei,INGV_FDSN_EVENT_SERVICE
42778011,2025-06-21T11:43:51.549Z,40.834667,14.127833,1.600000,1.000000,Md,1.098442,BULLETIN-OV,,,,--,Campi Flegrei,INGV_FDSN_EVENT_SERVICE
43167202,2025-06-22T00:02:27.220Z,40.809667,14.112167,2.800000,1.300000,Md,3.385018,BULLETIN-OV,,,,--,Campi Flegrei,INGV_FDSN_EVENT_SERVICE
43172052,2025-06-22T15:06:28.900Z,40.806500,14.147833,3.000000,1.800000,Md,2.853119,BULLETIN-OV,,,,--,Campi Flegrei,INGV_FDSN_EVENT_SERVICE
43173932,2025-06-22T19:59:09.339Z,40.797667,14.126333,2.900000,1.600000,Md,3.938905,BULLETIN-OV,,,,--,Campi Flegrei,INGV_FDSN_EVENT_SERVICE
43185582,2025-06-24T01:57:16.619Z,40.817833,14.086000,3.400000,1.800000,Md,4.807082,BULLETIN-OV,,,,--,Campi Flegrei,INGV_FDSN_EVENT_SERVICE
43185672,2025-06-24T02:04:44.369Z,40.819333,14.100500,1.600000,1.500000,Md,3.604006,BULLETIN-OV,,,,--,Campi Flegrei,INGV_FDSN_EVENT_SERVICE
43193202,2025-06-24T15:03:01.019Z,40.839000,14.136333,2.600000,1.500000,Md,0.895172,BULLETIN-OV,,,,--,Campi Flegrei,INGV_FDSN_EVENT_SERVICE
43246782,2025-06-27T14:25:32.369Z,40.824167,14.081667,3.100000,1.900000,Md,4.991942,BULLETIN-OV,,,,--,Campi Flegrei,INGV_FDSN_EVENT_SERVICE
43258242,2025-06-28T20:07:38.980Z,40.810833,14.124167,3.600000,1.300000,Md,2.664823,BULLETIN-OV,,,,--,Campi Flegrei,INGV_FDSN_EVENT_SERVICE
43259232,2025-06-29T02:16:53.740Z,40.822167,14.132333,2.200000,1.500000,Md,1.230913,BULLETIN-OV,,,,--,Campi Flegrei,INGV_FDSN_EVENT_SERVICE
43270472,2025-06-30T10:47:11.759Z,40.808000,14.095833,3.900000,4.600000,Md,4.557060,BULLETIN-OV,,,,--,Campi Flegrei,INGV_FDSN_EVENT_SERVICE
43270512,2025-06-30T10:51:17.319Z,40.805833,14.117000,3.600000,2.200000,Md,3.457890,BULLETIN-OV,,,,--,Campi Flegrei,INGV_FDSN_EVENT_SERVICE
43270672,2025-06-30T10:59:16.200Z,40.800000,14.117833,3.900000,1.600000,Md,3.976366,BULLETIN-OV,,,,--,Campi Flegrei,INGV_FDSN_EVENT_SERVICE
43270972,2025-06-30T11:25:50.470Z,40.808167,14.108833,3.800000,1.100000,Md,3.701145,BULLETIN-OV,,,,--,Campi Flegrei,INGV_FDSN_EVENT_SERVICE
43272382,2025-06-30T14:38:53.950Z,40.811333,14.106000,4.000000,1.100000,Md,3.648364,BULLETIN-OV,,,,--,Campi Flegrei,INGV_FDSN_EVENT_SERVICE
43273772,2025-06-30T17:43:19.319Z,40.802167,14.106500,3.000000,1.100000,Md,4.322175,BULLETIN-OV,,,,--,Campi Flegrei,INGV_FDSN_EVENT_SERVICE
43298652,2025-07-03T07:00:08.099Z,40.835167,14.150167,2.300000,2.600000,Md,0.932424,SURVEY-INGV-OV#WESSEL,,,,--,Campi Flegrei,INGV_FDSN_EVENT_SERVICE
43321482,2025-07-05T08:46:45.359Z,40.814333,14.160667,2.700000,1.000000,Md,2.570955,SURVEY-INGV-OV#WESSEL,,,,--,Campi Flegrei,INGV_FDSN_EVENT_SERVICE
43328142,2025-07-05T19:26:35.539Z,40.817833,14.163167,2.700000,1.200000,Md,2.458472,SURVEY-INGV-OV#WESSEL,,,,--,Campi Flegrei,INGV_FDSN_EVENT_SERVICE
43330112,2025-07-06T04:10:23.660Z,40.838833,14.128167,3.000000,1.000000,Md,1.299877,SURVEY-INGV-OV#WESSEL,,,,--,Campi Flegrei,INGV_FDSN_EVENT_SERVICE
43333592,2025-07-06T10:22:38.369Z,40.830167,14.151667,2.300000,1.200000,Md,0.976096,SURVEY-INGV-OV#SiSmi,,,,--,Campi Flegrei,INGV_FDSN_EVENT_SERVICE
43339292,2025-07-06T19:27:01.519Z,40.801167,14.123000,4.200000,1.200000,Md,3.670341,SURVEY-INGV-OV#WESSEL,,,,--,Campi Flegrei,INGV_FDSN_EVENT_SERVICE
43370922,2025-07-09T03:35:59.950Z,40.824167,14.140667,0.900000,1.000000,Md,0.816340,SURVEY-INGV-OV#WESSEL,,,,--,Campi Flegrei,INGV_FDSN_EVENT_SERVICE
43372942,2025-07-09T09:05:43.500Z,40.825500,14.132667,2.000000,1.100000,Md,0.920235,SURVEY-INGV-OV#WESSEL,,,,--,Campi Flegrei,INGV_FDSN_EVENT_SERVICE
43373052,2025-07-09T09:14:32.230Z,40.830833,14.128500,2.700000,1.600000,Md,0.987165,SURVEY-INGV-OV#WESSEL,,,,--,Campi Flegrei,INGV_FDSN_EVENT_SERVICE
43373832,2025-07-09T10:08:01.690Z,40.828333,14.132000,2.700000,1.500000,Md,0.774595,SURVEY-INGV-OV#WESSEL,,,,--,Campi Flegrei,INGV_FDSN_EVENT_SERVICE
43380032,2025-07-10T06:38:49.130Z,40.826000,14.151667,1.500000,1.200000,Md,1.142310,SURVEY-INGV-OV#WESSEL,,,,--,Campi Flegrei,INGV_FDSN_EVENT_SERVICE
43421722,2025-07-14T19:25:36.829Z,40.820833,14.161500,3.000000,1.000000,Md,2.149154,SURVEY-INGV-OV#WESSEL,,,,--,Campi Flegrei,INGV_FDSN_EVENT_SERVICE
43422422,2025-07-14T23:39:35.170Z,40.835500,14.110333,2.800000,1.300000,Md,2.551821,SURVEY-INGV-OV#WESSEL,,,,--,Campi Flegrei,INGV_FDSN_EVENT_SERVICE
43427062,2025-07-15T13:12:29.759Z,40.832000,14.085833,2.700000,2.100000,Md,4.574443,SURVEY-INGV-OV#WESSEL,,,,--,Campi Flegrei,INGV_FDSN_EVENT_SERVICE
43449592,2025-07-17T23:44:53.839Z,40.833500,14.128833,2.700000,1.000000,Md,0.981856,SURVEY-INGV-OV#WESSEL,,,,--,Campi Flegrei,INGV_FDSN_EVENT_SERVICE
43451602,2025-07-18T07:14:22.079Z,40.817000,14.155667,2.500000,4.000000,Md,2.072043,SURVEY-INGV-OV#WESSEL,,,,--,Campi Flegrei,INGV_FDSN_EVENT_SERVICE
43452012,2025-07-18T07:36:05.269Z,40.825500,14.143667,0.800000,1.500000,Md,0.728155,SURVEY-INGV-OV#WESSEL,,,,--,Campi Flegrei,INGV_FDSN_EVENT_SERVICE
43452072,2025-07-18T07:37:51.329Z,40.824167,14.139000,0.900000,1.500000,Md,0.821621,SURVEY-INGV-OV#WESSEL,,,,--,Campi Flegrei,INGV_FDSN_EVENT_SERVICE
43454742,2025-07-18T12:10:47.440Z,40.822333,14.157667,2.600000,1.500000,Md,1.788565,SURVEY-INGV-OV#WESSEL,,,,--,Campi Flegrei,INGV_FDSN_EVENT_SERVICE
43457262,2025-07-18T18:04:24.190Z,40.822333,14.104000,4.100000,1.300000,Md,3.211905,SURVEY-INGV-OV#WESSEL,,,,--,Campi Flegrei,INGV_FDSN_EVENT_SERVICE
43458442,2025-07-18T22:08:57.400Z,40.831000,14.114333,1.900000,1.700000,Md,2.177017,SURVEY-INGV-OV#WESSEL,,,,--,Campi Flegrei,INGV_FDSN_EVENT_SERVICE
43458582,2025-07-18T22:29:28.259Z,40.838333,14.106667,2.200000,1.600000,Md,2.921650,SURVEY-INGV-OV#WESSEL,,,,--,Campi Flegrei,INGV_FDSN_EVENT_SERVICE
43458532,2025-07-18T22:30:07.029Z,40.837167,14.110667,2.400000,1.600000,Md,2.563290,SURVEY-INGV-OV#WESSEL,,,,--,Campi Flegrei,INGV_FDSN_EVENT_SERVICE
43458612,2025-07-18T23:03:23.089Z,40.837167,14.112500,2.700000,1.100000,Md,2.414109,SURVEY-INGV-OV#WESSEL,,,,--,Campi Flegrei,INGV_FDSN_EVENT_SERVICE
43461082,2025-07-19T08:58:35.750Z,40.839667,14.106833,2.900000,1.500000,Md,2.950371,SURVEY-INGV-OV#WESSEL,,,,--,Campi Flegrei,INGV_FDSN_EVENT_SERVICE
43461832,2025-07-19T10:22:55.200Z,40.836000,14.113500,2.500000,1.900000,Md,2.301362,SURVEY-INGV-OV#WESSEL,,,,--,Campi Flegrei,INGV_FDSN_EVENT_SERVICE
43473042,2025-07-20T16:56:26.990Z,40.801500,14.100833,3.800000,1.200000,Md,4.701377,SURVEY-INGV-OV#WESSEL,,,,--,Campi Flegrei,INGV_FDSN_EVENT_SERVICE
43486992,2025-07-22T00:07:13.910Z,40.824833,14.133167,1.800000,1.100000,Md,0.948548,SURVEY-INGV-OV#WESSEL,,,,--,Campi Flegrei,INGV_FDSN_EVENT_SERVICE
43492612,2025-07-22T12:43:45.890Z,40.840000,14.130333,2.500000,1.200000,Md,1.257930,SURVEY-INGV-OV#WESSEL,,,,--,Campi Flegrei,INGV_FDSN_EVENT_SERVICE
43507942,2025-07-23T21:14:21.660Z,40.829667,14.085667,2.600000,1.000000,Md,4.592677,SURVEY-INGV-OV#WESSEL,,,,--,Campi Flegrei,INGV_FDSN_EVENT_SERVICE
43517852,2025-07-25T04:36:10.319Z,40.822667,14.141000,0.500000,1.200000,Md,0.984490,SURVEY-INGV-OV#WESSEL,,,,--,Campi Flegrei,INGV_FDSN_EVENT_SERVICE
43518352,2025-07-25T05:12:31.009Z,40.823167,14.135333,1.500000,1.400000,Md,1.013046,SURVEY-INGV-OV#WESSEL,,,,--,Campi Flegrei,INGV_FDSN_EVENT_SERVICE
43527212,2025-07-26T00:47:05.519Z,40.818333,14.132167,0.800000,1.000000,Md,1.612597,SURVEY-INGV-OV#WESSEL,,,,--,Campi Flegrei,INGV_FDSN_EVENT_SERVICE
43528072,2025-07-26T05:16:28.930Z,40.807500,14.117333,3.500000,1.100000,Md,3.290073,SURVEY-INGV-OV#WESSEL,,,,--,Campi Flegrei,INGV_FDSN_EVENT_SERVICE
43545142,2025-07-27T15:56:36Z,40.828000,14.146833,2.400000,1.300000,Md,0.680377,SURVEY-INGV-OV#WESSEL,,,,--,Campi Flegrei,INGV_FDSN_EVENT_SERVICE
43558732,2025-07-29T03:37:34.109Z,40.826500,14.142333,1.700000,1.800000,Md,0.584223,SURVEY-INGV-OV#WESSEL,,,,--,Campi Flegrei,INGV_FDSN_EVENT_SERVICE
43562742,2025-07-29T12:41:02.240Z,40.835167,14.132000,2.200000,1.000000,Md,0.801373,SURVEY-INGV-OV#WESSEL,,,,--,Campi Flegrei,INGV_FDSN_EVENT_SERVICE
43567672,2025-07-30T00:37:23.250Z,40.821667,14.145333,1.200000,1.000000,Md,1.175591,SURVEY-INGV-OV#WESSEL,,,,--,Campi Flegrei,INGV_FDSN_EVENT_SERVICE
43578322,2025-07-30T21:05:58.890Z,40.820333,14.136333,1.200000,1.000000,Md,1.283638,SURVEY-INGV-OV#WESSEL,,,,--,Campi Flegrei,INGV_FDSN_EVENT_SERVICE
43578672,2025-07-30T22:47:26.900Z,40.821667,14.136500,1.200000,1.800000,Md,1.136839,SURVEY-INGV-OV#SiSmi,,,,--,Campi Flegrei,INGV_FDSN_EVENT_SERVICE
43578722,2025-07-30T22:48:28.769Z,40.822167,14.137667,1.200000,1.000000,Md,1.059442,SURVEY-INGV-OV#WESSEL,,,,--,Campi Flegrei,INGV_FDSN_EVENT_SERVICE
43579272,2025-07-31T01:45:37.920Z,40.820833,14.134833,0.900000,1.200000,Md,1.269175,SURVEY-INGV-OV#WESSEL,,,,--,Campi Flegrei,INGV_FDSN_EVENT_SERVICE
43588852,2025-08-01T02:24:24.160Z,40.815667,14.096833,2.600000,1.100000,Md,4.051585,SURVEY-INGV-OV#WESSEL,,,,--,Campi Flegrei,INGV_FDSN_EVENT_SERVICE
43610042,2025-08-02T22:45:41.220Z,40.831500,14.133833,2.600000,2.400000,Md,0.535682,SURVEY-INGV-OV#WESSEL,,,,--,Campi Flegrei,INGV_FDSN_EVENT_SERVICE
43610432,2025-08-02T23:54:24.859Z,40.831500,14.138000,2.400000,1.000000,Md,0.185095,SURVEY-INGV-OV#WESSEL,,,,--,Campi Flegrei,INGV_FDSN_EVENT_SERVICE
43610762,2025-08-03T00:53:53.089Z,40.830000,14.128833,2.800000,1.300000,Md,0.970800,SURVEY-INGV-OV#WESSEL,,,,--,Campi Flegrei,INGV_FDSN_EVENT_SERVICE
43611332,2025-08-03T05:12:35.650Z,40.832167,14.131500,2.100000,1.400000,Md,0.735712,SURVEY-INGV-OV#WESSEL,,,,--,Campi Flegrei,INGV_FDSN_EVENT_SERVICE
43618792,2025-08-03T14:24:46.769Z,40.838833,14.131500,2.900000,1.600000,Md,1.095711,SURVEY-INGV-OV#WESSEL,,,,--,Campi Flegrei,INGV_FDSN_EVENT_SERVICE
43639632,2025-08-05T23:35:52.359Z,40.831500,14.140167,2.600000,2.000000,Md,0.002776,SURVEY-INGV-OV#WESSEL,,,,--,Campi Flegrei,INGV_FDSN_EVENT_SERVICE
43660812,2025-08-08T06:36:40.059Z,40.832667,14.144667,2.500000,1.500000,Md,0.397596,SURVEY-INGV-OV#WESSEL,,,,--,Campi Flegrei,INGV_FDSN_EVENT_SERVICE
43678492,2025-08-09T19:11:23.769Z,40.804667,14.103833,2.800000,1.300000,Md,4.274114,SURVEY-INGV-OV#WESSEL,,,,--,Campi Flegrei,INGV_FDSN_EVENT_SERVICE
43678752,2025-08-09T20:30:23.059Z,40.821167,14.137167,1.000000,1.000000,Md,1.176979,SURVEY-INGV-OV#WESSEL,,,,--,Campi Flegrei,INGV_FDSN_EVENT_SERVICE
43678922,2025-08-09T21:02:32.640Z,40.821333,14.134167,0.500000,1.000000,Md,1.239256,SURVEY-INGV-OV#WESSEL,,,,--,Campi Flegrei,INGV_FDSN_EVENT_SERVICE
43678962,2025-08-09T21:03:22.049Z,40.820833,14.136167,0.900000,1.600000,Md,1.233705,SURVEY-INGV-OV#WESSEL,,,,--,Campi Flegrei,INGV_FDSN_EVENT_SERVICE
43679842,2025-08-10T00:03:21.970Z,40.800833,14.108500,2.400000,1.000000,Md,4.329514,SURVEY-INGV-OV#WESSEL,,,,--,Campi Flegrei,INGV_FDSN_EVENT_SERVICE
43680582,2025-08-10T04:43:16.569Z,40.821333,14.135667,1.400000,1.200000,Md,1.193126,SURVEY-INGV-OV#WESSEL,,,,--,Campi Flegrei,INGV_FDSN_EVENT_SERVICE
43684962,2025-08-10T13:51:05.529Z,40.840333,14.118667,3.100000,1.000000,Md,2.060672,SURVEY-INGV-OV#WESSEL,,,,--,Campi Flegrei,INGV_FDSN_EVENT_SERVICE
43685152,2025-08-10T13:51:11.799Z,40.840500,14.110500,1.200000,1.100000,Md,2.691578,SURVEY-INGV-OV#WESSEL,,,,--,Campi Flegrei,INGV_FDSN_EVENT_SERVICE
43691622,2025-08-11T08:35:37.369Z,40.825167,14.142500,2.200000,1.300000,Md,0.730304,SURVEY-INGV-OV#WESSEL,,,,--,Campi Flegrei,INGV_FDSN_EVENT_SERVICE
43696582,2025-08-11T17:15:09.900Z,40.817167,14.089333,3.000000,1.200000,Md,4.567215,SURVEY-INGV-OV#WESSEL,,,,--,Campi Flegrei,INGV_FDSN_EVENT_SERVICE
43697532,2025-08-11T18:41:08.579Z,40.823167,14.157000,2.800000,2.300000,Md,1.690169,SURVEY-INGV-OV#WESSEL,,,,--,Campi Flegrei,INGV_FDSN_EVENT_SERVICE
43698662,2025-08-12T01:45:16.380Z,40.836667,14.110500,2.900000,1.600000,Md,2.563892,SURVEY-INGV-OV#WESSEL,,,,--,Campi Flegrei,INGV_FDSN_EVENT_SERVICE
43706962,2025-08-12T15:54:24.329Z,40.836667,14.131500,1.600000,1.100000,Md,0.930503,SURVEY-INGV-OV#WESSEL,,,,--,Campi Flegrei,INGV_FDSN_EVENT_SERVICE
43729122,2025-08-14T09:36:12.369Z,40.831500,14.131833,2.900000,1.500000,Md,0.703951,SURVEY-INGV-OV#WESSEL,,,,--,Campi Flegrei,INGV_FDSN_EVENT_SERVICE
43729182,2025-08-14T09:36:35.839Z,40.834333,14.132667,2.800000,1.300000,Md,0.707742,SURVEY-INGV-OV#WESSEL,,,,--,Campi Flegrei,INGV_FDSN_EVENT_SERVICE
43729432,2025-08-14T09:36:56.210Z,40.832167,14.128000,2.900000,1.300000,Md,1.029108,SURVEY-INGV-OV#WESSEL,,,,--,Campi Flegrei,INGV_FDSN_EVENT_SERVICE
43752402,2025-08-15T14:54:41.170Z,40.811833,14.149000,3.200000,1.000000,Md,2.308840,SURVEY-INGV-OV#WESSEL,,,,--,Campi Flegrei,INGV_FDSN_EVENT_SERVICE
43759872,2025-08-15T22:49:55.940Z,40.820333,14.143333,1.300000,1.200000,Md,1.269390,SURVEY-INGV-OV#WESSEL,,,,--,Campi Flegrei,INGV_FDSN_EVENT_SERVICE
43760342,2025-08-16T00:50:49.009Z,40.822833,14.130000,2.800000,1.100000,Md,1.290473,SURVEY-INGV-OV#WESSEL,,,,--,Campi Flegrei,INGV_FDSN_EVENT_SERVICE
43760712,2025-08-16T03:25:56.039Z,40.823167,14.147833,2.100000,1.400000,Md,1.127401,SURVEY-INGV-OV#SiSmi,,,,--,Campi Flegrei,INGV_FDSN_EVENT_SERVICE
43774192,2025-08-17T03:05:22.200Z,40.839667,14.116667,2.900000,2.200000,Md,2.178150,SURVEY-INGV-OV#WESSEL,,,,--,Campi Flegrei,INGV_FDSN_EVENT_SERVICE
43774262,2025-08-17T03:20:41.750Z,40.835833,14.129000,2.700000,1.000000,Md,1.058308,SURVEY-INGV-OV#WESSEL,,,,--,Campi Flegrei,INGV_FDSN_EVENT_SERVICE
43774682,2025-08-17T05:56:59.410Z,40.823167,14.140000,1.800000,1.000000,Md,0.926741,SURVEY-INGV-OV#WESSEL,,,,--,Campi Flegrei,INGV_FDSN_EVENT_SERVICE
43775422,2025-08-17T08:18:23.390Z,40.835333,14.127500,2.500000,1.400000,Md,1.150344,SURVEY-INGV-OV#WESSEL,,,,--,Campi Flegrei,INGV_FDSN_EVENT_SERVICE
43777052,2025-08-17T11:03:53.299Z,40.835500,14.112333,2.100000,1.100000,Md,2.386313,SURVEY-INGV-OV#WESSEL,,,,--,Campi Flegrei,INGV_FDSN_EVENT_SERVICE
43777032,2025-08-17T11:03:56.230Z,40.837833,14.131500,2.400000,1.600000,Md,1.015687,SURVEY-INGV-OV#WESSEL,,,,--,Campi Flegrei,INGV_FDSN_EVENT_SERVICE
43778412,2025-08-17T13:37:04.250Z,40.819833,14.092500,2.800000,1.300000,Md,4.218012,SURVEY-INGV-OV#WESSEL,,,,--,Campi Flegrei,INGV_FDSN_EVENT_SERVICE
43795812,2025-08-18T18:54:29.720Z,40.823167,14.132167,1.200000,1.100000,Md,1.146907,SURVEY-INGV-OV#SiSmi,,,,--,Campi Flegrei,INGV_FDSN_EVENT_SERVICE
43797742,2025-08-19T02:22:20.529Z,40.820667,14.134500,2.500000,1.200000,Md,1.296543,SURVEY-INGV-OV#WESSEL,,,,--,Campi Flegrei,INGV_FDSN_EVENT_SERVICE
43798182,2025-08-19T03:50:43.890Z,40.824667,14.128667,3.200000,1.100000,Md,1.232439,SURVEY-INGV-OV#SiSmi,,,,--,Campi Flegrei,INGV_FDSN_EVENT_SERVICE
43798232,2025-08-19T03:50:47.329Z,40.835167,14.140167,3.500000,1.300000,Md,0.407762,SURVEY-INGV-OV#WESSEL,,,,--,Campi Flegrei,INGV_FDSN_EVENT_SERVICE
43808732,2025-08-20T01:57:56.170Z,40.827667,14.149333,1.900000,1.500000,Md,0.878706,SURVEY-INGV-OV#SiSmi,,,,--,Campi Flegrei,INGV_FDSN_EVENT_SERVICE
43817672,2025-08-20T20:47:31.579Z,40.836667,14.117000,2.900000,1.200000,Md,2.034642,SURVEY-INGV-OV#WESSEL,,,,--,Campi Flegrei,INGV_FDSN_EVENT_SERVICE
43841502,2025-08-22T16:30:35.859Z,40.809500,14.127833,3.000000,1.100000,Md,2.658442,SURVEY-INGV-OV#WESSEL,,,,--,Campi Flegrei,INGV_FDSN_EVENT_SERVICE
43843602,2025-08-23T02:50:15.380Z,40.836333,14.129500,2.400000,1.200000,Md,1.048413,SURVEY-INGV-OV#WESSEL,,,,--,Campi Flegrei,INGV_FDSN_EVENT_SERVICE
43853562,2025-08-23T20:55:04.960Z,40.818833,14.140667,1.700000,1.600000,Md,1.409056,SURVEY-INGV-OV#WESSEL,,,,--,Campi Flegrei,INGV_FDSN_EVENT_SERVICE
43853612,2025-08-23T20:57:18.509Z,40.822667,14.141500,2.100000,2.400000,Md,0.988258,SURVEY-INGV-OV#WESSEL,,,,--,Campi Flegrei,INGV_FDSN_EVENT_SERVICE
43853652,2025-08-23T21:00:21.519Z,40.818000,14.140167,1.500000,1.600000,Md,1.501136,SURVEY-INGV-OV#WESSEL,,,,--,Campi Flegrei,INGV_FDSN_EVENT_SERVICE
43854542,2025-08-24T03:45:08.759Z,40.821333,14.141167,2.200000,1.400000,Md,1.133444,SURVEY-INGV-OV#WESSEL,,,,--,Campi Flegrei,INGV_FDSN_EVENT_SERVICE
43854602,2025-08-24T04:02:18.940Z,40.820333,14.144333,2.100000,1.100000,Md,1.289493,SURVEY-INGV-OV#WESSEL,,,,--,Campi Flegrei,INGV_FDSN_EVENT_SERVICE
43857742,2025-08-24T13:54:53.230Z,40.826833,14.077333,2.800000,2.000000,Md,5.314845,SURVEY-INGV-OV#WESSEL,,,,--,Campi Flegrei,INGV_FDSN_EVENT_SERVICE
43860782,2025-08-25T04:33:17.880Z,40.825833,14.142000,0.800000,1.600000,Md,0.648086,SURVEY-INGV-OV#WESSEL,,,,--,Campi Flegrei,INGV_FDSN_EVENT_SERVICE
43863502,2025-08-25T10:09:58.240Z,40.839500,14.118000,3.000000,1.000000,Md,2.068694,SURVEY-INGV-OV#WESSEL,,,,--,Campi Flegrei,INGV_FDSN_EVENT_SERVICE
43864932,2025-08-25T13:36:17.400Z,40.832333,14.133167,2.600000,1.500000,Md,0.598918,SURVEY-INGV-OV#WESSEL,,,,--,Campi Flegrei,INGV_FDSN_EVENT_SERVICE
43869472,2025-08-26T05:36:33.089Z,40.823833,14.150000,1.500000,1.600000,Md,1.186050,SURVEY-INGV-OV#WESSEL,,,,--,Campi Flegrei,INGV_FDSN_EVENT_SERVICE
43869962,2025-08-26T05:44:42.250Z,40.824500,14.151667,1.600000,1.200000,Md,1.239647,SURVEY-INGV-OV#WESSEL,,,,--,Campi Flegrei,INGV_FDSN_EVENT_SERVICE
43888592,2025-08-27T17:09:29Z,40.824000,14.140333,0.300000,1.100000,Md,0.834038,SURVEY-INGV-OV#WESSEL,,,,--,Campi Flegrei,INGV_FDSN_EVENT_SERVICE
43889442,2025-08-27T22:45:49.049Z,40.833167,14.078167,2.900000,1.000000,Md,5.222320,SURVEY-INGV-OV#WESSEL,,,,--,Campi Flegrei,INGV_FDSN_EVENT_SERVICE
43894252,2025-08-28T13:02:51.220Z,40.821167,14.141833,2.000000,1.300000,Md,1.157165,SURVEY-INGV-OV#WESSEL,,,,--,Campi Flegrei,INGV_FDSN_EVENT_SERVICE
43897202,2025-08-28T19:53:23.569Z,40.831000,14.093000,2.000000,3.000000,Md,3.971537,SURVEY-INGV-OV#SiSmi,,,,--,Campi Flegrei,INGV_FDSN_EVENT_SERVICE
43898982,2025-08-29T00:37:46.380Z,40.826667,14.144833,2.600000,1.800000,Md,0.663894,SURVEY-INGV-OV#WESSEL,,,,--,Campi Flegrei,INGV_FDSN_EVENT_SERVICE
43902632,2025-08-29T10:03:29.210Z,40.821667,14.139500,0.300000,2.300000,Md,1.094966,SURVEY-INGV-OV#WESSEL,,,,--,Campi Flegrei,INGV_FDSN_EVENT_SERVICE
43919072,2025-08-30T20:11:46.440Z,40.824667,14.139167,0.800000,1.200000,Md,0.764751,SURVEY-INGV-OV#WESSEL,,,,--,Campi Flegrei,INGV_FDSN_EVENT_SERVICE
43919162,2025-08-30T20:11:58.009Z,40.825667,14.139833,0.600000,1.100000,Md,0.649336,SURVEY-INGV-OV#WESSEL,,,,--,Campi Flegrei,INGV_FDSN_EVENT_SERVICE
43921572,2025-08-31T09:27:27.619Z,40.839667,14.124333,2.700000,1.800000,Md,1.614494,SURVEY-INGV-OV#WESSEL,,,,--,Campi Flegrei,INGV_FDSN_EVENT_SERVICE
43924152,2025-08-31T14:09:21.269Z,40.826000,14.141833,0.200000,1.200000,Md,0.626817,SURVEY-INGV-OV#WESSEL,,,,--,Campi Flegrei,INGV_FDSN_EVENT_SERVICE
43923702,2025-08-31T14:10:13.079Z,40.818167,14.141500,0.700000,3.300000,Md,1.486594,SURVEY-INGV-OV#WESSEL,,,,--,Campi Flegrei,INGV_FDSN_EVENT_SERVICE
43924682,2025-08-31T14:14:26.900Z,40.819833,14.142333,0.300000,1.000000,Md,1.309669,SURVEY-INGV-OV#WESSEL,,,,--,Campi Flegrei,INGV_FDSN_EVENT_SERVICE
43932152,2025-08-31T14:15:21.440Z,40.817833,14.156167,0.400000,1.000000,Md,2.028426,SURVEY-INGV-OV#WESSEL,,,,--,Campi Flegrei,INGV_FDSN_EVENT_SERVICE
43924732,2025-08-31T14:18:12.980Z,40.819333,14.141833,0.400000,1.400000,Md,1.359870,SURVEY-INGV-OV#WESSEL,,,,--,Campi Flegrei,INGV_FDSN_EVENT_SERVICE
43924742,2025-08-31T14:18:36.500Z,40.820333,14.140500,1.300000,1.300000,Md,1.241972,SURVEY-INGV-OV#WESSEL,,,,--,Campi Flegrei,INGV_FDSN_EVENT_SERVICE
43924832,2025-08-31T14:19:15.309Z,40.812167,14.151167,2.700000,1.600000,Md,2.339440,SURVEY-INGV-OV#WESSEL,,,,--,Campi Flegrei,INGV_FDSN_EVENT_SERVICE
43924672,2025-08-31T14:34:00.630Z,40.818333,14.144667,0.400000,1.400000,Md,1.511582,SURVEY-INGV-OV#WESSEL,,,,--,Campi Flegrei,INGV_FDSN_EVENT_SERVICE
43924192,2025-08-31T14:36:41.589Z,40.818667,14.149000,1.800000,3.300000,Md,1.607639,SURVEY-INGV-OV#WESSEL,,,,--,Campi Flegrei,INGV_FDSN_EVENT_SERVICE
43924212,2025-08-31T14:38:47.400Z,40.816333,14.146333,0.900000,2.700000,Md,1.763684,SURVEY-INGV-OV#WESSEL,,,,--,Campi Flegrei,INGV_FDSN_EVENT_SERVICE
43925382,2025-08-31T15:59:52.839Z,40.820667,14.148167,0.500000,1.100000,Md,1.378541,SURVEY-INGV-OV#WESSEL,,,,--,Campi Flegrei,INGV_FDSN_EVENT_SERVICE
43926332,2025-08-31T18:31:35.180Z,40.820333,14.139167,0.700000,1.300000,Md,1.244754,SURVEY-INGV-OV#WESSEL,,,,--,Campi Flegrei,INGV_FDSN_EVENT_SERVICE
43927062,2025-08-31T21:36:39.059Z,40.824500,14.149000,1.600000,1.100000,Md,1.074279,SURVEY-INGV-OV#WESSEL,,,,--,Campi Flegrei,INGV_FDSN_EVENT_SERVICE
43927092,2025-08-31T21:38:12.829Z,40.824000,14.141000,1.400000,1.600000,Md,0.836675,SURVEY-INGV-OV#WESSEL,,,,--,Campi Flegrei,INGV_FDSN_EVENT_SERVICE
43927152,2025-08-31T21:46:31.849Z,40.826667,14.143333,1.100000,1.800000,Md,0.598574,SURVEY-INGV-OV#WESSEL,,,,--,Campi Flegrei,INGV_FDSN_EVENT_SERVICE
43927172,2025-08-31T21:47:41.470Z,40.824000,14.147667,1.000000,1.100000,Md,1.044132,SURVEY-INGV-OV#WESSEL,,,,--,Campi Flegrei,INGV_FDSN_EVENT_SERVICE
43927452,2025-08-31T22:33:31.019Z,40.820333,14.138333,0.800000,2.800000,Md,1.251613,SURVEY-INGV-OV#WESSEL,,,,--,Campi Flegrei,INGV_FDSN_EVENT_SERVICE
43927872,2025-08-31T22:38:39.950Z,40.820333,14.142500,0.300000,1.300000,Md,1.256706,SURVEY-INGV-OV#WESSEL,,,,--,Campi Flegrei,INGV_FDSN_EVENT_SERVICE
43927562,2025-08-31T22:40:38.349Z,40.820333,14.139167,0.300000,2.500000,Md,1.244754,SURVEY-INGV-OV#WESSEL,,,,--,Campi Flegrei,INGV_FDSN_EVENT_SERVICE
43927662,2025-08-31T22:45:44.119Z,40.820333,14.149000,1.000000,1.300000,Md,1.445722,SURVEY-INGV-OV#WESSEL,,,,--,Campi Flegrei,INGV_FDSN_EVENT_SERVICE
43927782,2025-08-31T22:54:27.940Z,40.817667,14.142500,0.300000,1.100000,Md,1.550288,SURVEY-INGV-OV#WESSEL,,,,--,Campi Flegrei,INGV_FDSN_EVENT_SERVICE
43173381,2025-08-31T23:01:09.190Z,40.822833,14.141500,0.800000,2.100000,Md,0.969915,BULLETIN-OV,,,,--,Campi Flegrei,INGV_FDSN_EVENT_SERVICE
43927852,2025-08-31T23:05:26.950Z,40.823667,14.142000,1.300000,1.300000,Md,0.884060,SURVEY-INGV-OV#WESSEL,,,,--,Campi Flegrei,INGV_FDSN_EVENT_SERVICE
43927942,2025-08-31T23:29:36.930Z,40.818667,14.141333,0.400000,2.800000,Md,1.430147,SURVEY-INGV-OV#WESSEL,,,,--,Campi Flegrei,INGV_FDSN_EVENT_SERVICE
43928002,2025-08-31T23:32:33.779Z,40.817500,14.137333,0.300000,2.000000,Md,1.575312,SURVEY-INGV-OV#WESSEL,,,,--,Campi Flegrei,INGV_FDSN_EVENT_SERVICE
43928032,2025-08-31T23:51:56.869Z,40.820333,14.144667,0.200000,1.200000,Md,1.297354,SURVEY-INGV-OV#WESSEL,,,,--,Campi Flegrei,INGV_FDSN_EVENT_SERVICE
43928042,2025-08-31T23:54:31.380Z,40.818500,14.140167,0.400000,2.300000,Md,1.445539,SURVEY-INGV-OV#WESSEL,,,,--,Campi Flegrei,INGV_FDSN_EVENT_SERVICE
43928092,2025-09-01T00:02:11.380Z,40.818833,14.139833,0.600000,2.300000,Md,1.408847,SURVEY-INGV-OV#WESSEL,,,,--,Campi Flegrei,INGV_FDSN_EVENT_SERVICE
43928272,2025-09-01T00:03:11.369Z,40.820333,14.142167,0.400000,1.800000,Md,1.252697,SURVEY-INGV-OV#WESSEL,,,,--,Campi Flegrei,INGV_FDSN_EVENT_SERVICE
43928132,2025-09-01T00:05:16.819Z,40.819333,14.142333,0.400000,1.200000,Md,1.364763,SURVEY-INGV-OV#WESSEL,,,,--,Campi Flegrei,INGV_FDSN_EVENT_SERVICE
43928372,2025-09-01T01:05:39.460Z,40.827667,14.156500,0.900000,1.400000,Md,1.436129,SURVEY-INGV-OV#WESSEL,,,,--,Campi Flegrei,INGV_FDSN_EVENT_SERVICE
43928662,2025-09-01T02:55:45.400Z,40.823000,14.137167,2.300000,4.000000,Md,0.979004,SURVEY-INGV-OV#SiSmi,,,,--,Campi Flegrei,INGV_FDSN_EVENT_SERVICE
43928942,2025-09-01T02:56:35.019Z,40.816167,14.141667,0.800000,1.300000,Md,1.709417,SURVEY-INGV-OV#WESSEL,,,,--,Campi Flegrei,INGV_FDSN_EVENT_SERVICE
43928952,2025-09-01T02:56:53.609Z,40.823500,14.140333,0.900000,1.400000,Md,0.889631,SURVEY-INGV-OV#WESSEL,,,,--,Campi Flegrei,INGV_FDSN_EVENT_SERVICE
43928762,2025-09-01T02:59:06.069Z,40.825333,14.138167,1.800000,1.900000,Md,0.706752,SURVEY-INGV-OV#WESSEL,,,,--,Campi Flegrei,INGV_FDSN_EVENT_SERVICE
43928772,2025-09-01T03:04:28.099Z,40.824167,14.135167,0.400000,1.600000,Md,0.918800,SURVEY-INGV-OV#WESSEL,,,,--,Campi Flegrei,INGV_FDSN_EVENT_SERVICE
43928832,2025-09-01T03:10:05.759Z,40.821167,14.140167,0.800000,1.100000,Md,1.148982,SURVEY-INGV-OV#WESSEL,,,,--,Campi Flegrei,INGV_FDSN_EVENT_SERVICE
43928852,2025-09-01T03:10:53.779Z,40.822167,14.145500,1.200000,1.700000,Md,1.129540,SURVEY-INGV-OV#WESSEL,,,,--,Campi Flegrei,INGV_FDSN_EVENT_SERVICE
43929192,2025-09-01T04:40:56.230Z,40.823667,14.133167,0.400000,1.800000,Md,1.052993,SURVEY-INGV-OV#WESSEL,,,,--,Campi Flegrei,INGV_FDSN_EVENT_SERVICE
43929722,2025-09-01T06:07:45.589Z,40.825333,14.133333,0.900000,1.000000,Md,0.896697,SURVEY-INGV-OV#WESSEL,,,,--,Campi Flegrei,INGV_FDSN_EVENT_SERVICE
43930672,2025-09-01T08:24:22.210Z,40.830167,14.151667,2.800000,2.700000,Md,0.976096,SURVEY-INGV-OV#WESSEL,,,,--,Campi Flegrei,INGV_FDSN_EVENT_SERVICE
43930892,2025-09-01T08:25:09.160Z,40.831000,14.147000,2.200000,1.400000,Md,0.574810,SURVEY-INGV-OV#WESSEL,,,,--,Campi Flegrei,INGV_FDSN_EVENT_SERVICE
43930932,2025-09-01T08:52:55.619Z,40.828500,14.144333,2.400000,1.700000,Md,0.481870,SURVEY-INGV-OV#WESSEL,,,,--,Campi Flegrei,INGV_FDSN_EVENT_SERVICE
43931362,2025-09-01T09:34:59.880Z,40.828667,14.147167,2.700000,1.900000,Md,0.665459,SURVEY-INGV-OV#WESSEL,,,,--,Campi Flegrei,INGV_FDSN_EVENT_SERVICE
43931572,2025-09-01T09:54:02.210Z,40.832667,14.149500,2.300000,1.000000,Md,0.793128,SURVEY-INGV-OV#WESSEL,,,,--,Campi Flegrei,INGV_FDSN_EVENT_SERVICE
43931982,2025-09-01T10:53:42.710Z,40.834500,14.150833,2.600000,1.400000,Md,0.954751,SURVEY-INGV-OV#WESSEL,,,,--,Campi Flegrei,INGV_FDSN_EVENT_SERVICE
43933792,2025-09-01T15:22:01.250Z,40.829000,14.147000,2.200000,3.300000,Md,0.636083,SURVEY-INGV-OV#WESSEL,,,,--,Campi Flegrei,INGV_FDSN_EVENT_SERVICE
43936032,2025-09-02T02:10:10.839Z,40.826500,14.149000,1.800000,1.000000,Md,0.925912,SURVEY-INGV-OV#WESSEL,,,,--,Campi Flegrei,INGV_FDSN_EVENT_SERVICE
43954972,2025-09-04T07:07:38.500Z,40.824333,14.138000,0.700000,1.800000,Md,0.818150,SURVEY-INGV-OV#WESSEL,,,,--,Campi Flegrei,INGV_FDSN_EVENT_SERVICE
43970972,2025-09-06T00:13:13.920Z,40.829000,14.149000,1.400000,1.000000,Md,0.790861,SURVEY-INGV-OV#WESSEL,,,,--,Campi Flegrei,INGV_FDSN_EVENT_SERVICE
43971912,2025-09-06T05:18:11.730Z,40.826667,14.133167,1.600000,1.200000,Md,0.799348,SURVEY-INGV-OV#WESSEL,,,,--,Campi Flegrei,INGV_FDSN_EVENT_SERVICE
43976202,2025-09-06T14:38:23.339Z,40.838167,14.138000,2.100000,1.300000,Md,0.764093,SURVEY-INGV-OV#WESSEL,,,,--,Campi Flegrei,INGV_FDSN_EVENT_SERVICE
43985182,2025-09-07T15:28:33.769Z,40.841833,14.132667,2.300000,1.100000,Md,1.312162,SURVEY-INGV-OV#WESSEL,,,,--,Campi Flegrei,INGV_FDSN_EVENT_SERVICE
43993762,2025-09-08T16:05:02.200Z,40.815833,14.138833,2.600000,1.200000,Md,1.745887,SURVEY-INGV-OV#WESSEL,,,,--,Campi Flegrei,INGV_FDSN_EVENT_SERVICE
44029102,2025-09-12T15:11:31.720Z,40.836500,14.122333,2.400000,1.800000,Md,1.602693,SURVEY-INGV-OV#WESSEL,,,,--,Campi Flegrei,INGV_FDSN_EVENT_SERVICE
44029642,2025-09-12T16:00:57.680Z,40.835833,14.128833,2.600000,2.100000,Md,1.070836,SURVEY-INGV-OV#WESSEL,,,,--,Campi Flegrei,INGV_FDSN_EVENT_SERVICE
44030692,2025-09-12T19:27:29.759Z,40.839833,14.125500,3.000000,1.400000,Md,1.545309,SURVEY-INGV-OV#WESSEL,,,,--,Campi Flegrei,INGV_FDSN_EVENT_SERVICE
44054162,2025-09-15T18:32:34.309Z,40.824333,14.147333,2.400000,2.000000,Md,0.997647,SURVEY-INGV-OV#WESSEL,,,,--,Campi Flegrei,INGV_FDSN_EVENT_SERVICE
44067572,2025-09-17T18:14:08.359Z,40.824833,14.142500,2.300000,1.000000,Md,0.766179,SURVEY-INGV-OV#WESSEL,,,,--,Campi Flegrei,INGV_FDSN_EVENT_SERVICE
44085532,2025-09-20T01:10:00.470Z,40.825333,14.119167,2.400000,1.200000,Md,1.897892,SURVEY-INGV-OV#WESSEL,,,,--,Campi Flegrei,INGV_FDSN_EVENT_SERVICE
44091702,2025-09-20T19:39:04.500Z,40.827333,14.118000,2.600000,1.300000,Md,1.924450,SURVEY-INGV-OV#WESSEL,,,,--,Campi Flegrei,INGV_FDSN_EVENT_SERVICE
44100392,2025-09-22T02:08:02.980Z,40.827500,14.143667,2.000000,1.000000,Md,0.531902,SURVEY-INGV-OV#WESSEL,,,,--,Campi Flegrei,INGV_FDSN_EVENT_SERVICE
44123992,2025-09-24T16:54:36.079Z,40.834167,14.120333,2.900000,1.100000,Md,1.697564,SURVEY-INGV-OV#WESSEL,,,,--,Campi Flegrei,INGV_FDSN_EVENT_SERVICE
44124122,2025-09-24T19:32:48.279Z,40.820333,14.142667,0.900000,1.100000,Md,1.258946,SURVEY-INGV-OV#WESSEL,,,,--,Campi Flegrei,INGV_FDSN_EVENT_SERVICE
44124172,2025-09-24T20:02:57.319Z,40.819667,14.140667,0.900000,1.000000,Md,1.316358,SURVEY-INGV-OV#WESSEL,,,,--,Campi Flegrei,INGV_FDSN_EVENT_SERVICE
44124382,2025-09-24T22:20:00.079Z,40.821333,14.142500,1.200000,1.700000,Md,1.146965,SURVEY-INGV-OV#WESSEL,,,,--,Campi Flegrei,INGV_FDSN_EVENT_SERVICE
44124612,2025-09-24T22:51:04.019Z,40.820333,14.144833,1.200000,1.300000,Md,1.301469,SURVEY-INGV-OV#WESSEL,,,,--,Campi Flegrei,INGV_FDSN_EVENT_SERVICE
44124652,2025-09-24T22:54:54.279Z,40.821167,14.145167,1.100000,1.700000,Md,1.222626,SURVEY-INGV-OV#WESSEL,,,,--,Campi Flegrei,INGV_FDSN_EVENT_SERVICE
44124692,2025-09-24T23:09:24.420Z,40.820833,14.146333,1.000000,1.400000,Md,1.293510,SURVEY-INGV-OV#WESSEL,,,,--,Campi Flegrei,INGV_FDSN_EVENT_SERVICE
44124802,2025-09-25T00:06:22.869Z,40.820333,14.145167,1.200000,1.100000,Md,1.310161,SURVEY-INGV-OV#WESSEL,,,,--,Campi Flegrei,INGV_FDSN_EVENT_SERVICE
44125332,2025-09-25T04:15:57.640Z,40.821667,14.140833,1.900000,1.000000,Md,1.094678,SURVEY-INGV-OV#WESSEL,,,,--,Campi Flegrei,INGV_FDSN_EVENT_SERVICE
44125692,2025-09-25T05:50:00.170Z,40.829667,14.103667,2.400000,1.200000,Md,3.080466,SURVEY-INGV-OV#WESSEL,,,,--,Campi Flegrei,INGV_FDSN_EVENT_SERVICE
44126432,2025-09-25T07:25:44.309Z,40.828667,14.103000,2.500000,1.000000,Md,3.145671,SURVEY-INGV-OV#WESSEL,,,,--,Campi Flegrei,INGV_FDSN_EVENT_SERVICE
44129422,2025-09-25T13:18:06.369Z,40.820333,14.149000,1.000000,1.500000,Md,1.445722,SURVEY-INGV-OV#WESSEL,,,,--,Campi Flegrei,INGV_FDSN_EVENT_SERVICE
44286862,2025-09-27T23:59:23.180Z,40.826833,14.144833,1.700000,1.100000,Md,0.649043,SURVEY-INGV-OV#WESSEL,,,,--,Campi Flegrei,INGV_FDSN_EVENT_SERVICE
44288392,2025-09-28T07:18:33.059Z,40.805167,14.127000,4.900000,1.000000,Md,3.131713,SURVEY-INGV-OV#WESSEL,,,,--,Campi Flegrei,INGV_FDSN_EVENT_SERVICE
44292562,2025-09-28T22:21:52.029Z,40.820333,14.145833,0.900000,1.100000,Md,1.329098,SURVEY-INGV-OV#WESSEL,,,,--,Campi Flegrei,INGV_FDSN_EVENT_SERVICE
44293292,2025-09-29T05:07:59.440Z,40.818833,14.126000,2.700000,2.000000,Md,1.847021,SURVEY-INGV-OV#WESSEL,,,,--,Campi Flegrei,INGV_FDSN_EVENT_SERVICE
44295732,2025-09-29T11:17:07.990Z,40.822833,14.130000,2.800000,1.200000,Md,1.290473,SURVEY-INGV-OV#WESSEL,,,,--,Campi Flegrei,INGV_FDSN_EVENT_SERVICE
44296312,2025-09-29T13:11:52.109Z,40.830500,14.138333,1.300000,1.200000,Md,0.192454,SURVEY-INGV-OV#WESSEL,,,,--,Campi Flegrei,INGV_FDSN_EVENT_SERVICE
44296992,2025-09-29T15:47:59.930Z,40.835167,14.130500,2.400000,1.000000,Md,0.912276,SURVEY-INGV-OV#WESSEL,,,,--,Campi Flegrei,INGV_FDSN_EVENT_SERVICE
44303552,2025-09-30T15:35:53.700Z,40.827333,14.143333,1.600000,1.300000,Md,0.533084,SURVEY-INGV-OV#WESSEL,,,,--,Campi Flegrei,INGV_FDSN_EVENT_SERVICE
44320522,2025-10-02T12:41:42.940Z,40.838167,14.135167,2.200000,1.600000,Md,0.853739,SURVEY-INGV-OV#WESSEL,,,,--,Campi Flegrei,INGV_FDSN_EVENT_SERVICE
44321682,2025-10-02T14:38:03.359Z,40.839000,14.136667,2.700000,1.600000,Md,0.885347,SURVEY-INGV-OV#WESSEL,,,,--,Campi Flegrei,INGV_FDSN_EVENT_SERVICE
44321782,2025-10-02T14:46:57.980Z,40.835500,14.135500,1.800000,1.000000,Md,0.595135,SURVEY-INGV-OV#WESSEL,,,,--,Campi Flegrei,INGV_FDSN_EVENT_SERVICE
44322082,2025-10-02T14:48:08.650Z,40.841167,14.110833,2.500000,1.400000,Md,2.694302,SURVEY-INGV-OV#WESSEL,,,,--,Campi Flegrei,INGV_FDSN_EVENT_SERVICE
44205571,2025-10-02T17:56:04.079Z,40.836500,14.127000,2.600000,1.100000,Md,1.241927,BULLETIN-OV,,,,--,Campi Flegrei,INGV_FDSN_EVENT_SERVICE
44324532,2025-10-02T17:57:03.690Z,40.833667,14.126000,2.800000,2.700000,Md,1.218743,SURVEY-INGV-OV#WESSEL,,,,--,Campi Flegrei,INGV_FDSN_EVENT_SERVICE
44325282,2025-10-02T18:20:18.019Z,40.836833,14.127500,3.000000,1.600000,Md,1.221991,SURVEY-INGV-OV#WESSEL,,,,--,Campi Flegrei,INGV_FDSN_EVENT_SERVICE
44325302,2025-10-02T18:31:01.460Z,40.839833,14.132667,2.900000,2.200000,Md,1.122585,SURVEY-INGV-OV#WESSEL,,,,--,Campi Flegrei,INGV_FDSN_EVENT_SERVICE
44325882,2025-10-02T19:31:59.509Z,40.833333,14.148667,2.600000,2.400000,Md,0.740939,SURVEY-INGV-OV#WESSEL,,,,--,Campi Flegrei,INGV_FDSN_EVENT_SERVICE
44325942,2025-10-02T19:33:26.670Z,40.834333,14.145000,2.500000,2.000000,Md,0.512170,SURVEY-INGV-OV#WESSEL,,,,--,Campi Flegrei,INGV_FDSN_EVENT_SERVICE
44326032,2025-10-02T19:36:56.859Z,40.835167,14.146000,2.500000,1.900000,Md,0.635902,SURVEY-INGV-OV#WESSEL,,,,--,Campi Flegrei,INGV_FDSN_EVENT_SERVICE
44326172,2025-10-02T19:46:52.170Z,40.835333,14.145333,2.600000,2.000000,Md,0.606752,SURVEY-INGV-OV#WESSEL,,,,--,Campi Flegrei,INGV_FDSN_EVENT_SERVICE
44328422,2025-10-03T00:38:58.539Z,40.837833,14.129667,2.300000,1.300000,Md,1.131877,SURVEY-INGV-OV#WESSEL,,,,--,Campi Flegrei,INGV_FDSN_EVENT_SERVICE
44328652,2025-10-03T01:00:46.819Z,40.796333,14.112667,2.100000,1.200000,Md,4.545335,SURVEY-INGV-OV#WESSEL,,,,--,Campi Flegrei,INGV_FDSN_EVENT_SERVICE
44328932,2025-10-03T01:42:06.559Z,40.836667,14.130833,2.600000,1.000000,Md,0.975260,SURVEY-INGV-OV#WESSEL,,,,--,Campi Flegrei,INGV_FDSN_EVENT_SERVICE
44329452,2025-10-03T03:11:24.900Z,40.839000,14.120167,2.800000,2.200000,Md,1.880412,SURVEY-INGV-OV#WESSEL,,,,--,Campi Flegrei,INGV_FDSN_EVENT_SERVICE
44330012,2025-10-03T04:13:00.279Z,40.836667,14.114667,2.700000,2.200000,Md,2.223622,SURVEY-INGV-OV#WESSEL,,,,--,Campi Flegrei,INGV_FDSN_EVENT_SERVICE
44330832,2025-10-03T05:18:37.029Z,40.831500,14.140167,2.400000,1.200000,Md,0.002776,SURVEY-INGV-OV#WESSEL,,,,--,Campi Flegrei,INGV_FDSN_EVENT_SERVICE
44339812,2025-10-03T23:00:22.130Z,40.837167,14.116500,3.400000,1.800000,Md,2.091099,SURVEY-INGV-OV#WESSEL,,,,--,Campi Flegrei,INGV_FDSN_EVENT_SERVICE
44340032,2025-10-04T02:03:43.700Z,40.839000,14.085333,2.700000,1.200000,Md,4.690660,SURVEY-INGV-OV#WESSEL,,,,--,Campi Flegrei,INGV_FDSN_EVENT_SERVICE
44343992,2025-10-04T17:59:01.869Z,40.828500,14.140333,1.900000,1.500000,Md,0.333773,SURVEY-INGV-OV#WESSEL,,,,--,Campi Flegrei,INGV_FDSN_EVENT_SERVICE
44345022,2025-10-04T21:33:49.539Z,40.824167,14.129167,1.700000,1.100000,Md,1.235562,SURVEY-INGV-OV#WESSEL,,,,--,Campi Flegrei,INGV_FDSN_EVENT_SERVICE
44345642,2025-10-04T22:50:25.789Z,40.826000,14.133167,2.400000,3.300000,Md,0.850986,SURVEY-INGV-OV#WESSEL,,,,--,Campi Flegrei,INGV_FDSN_EVENT_SERVICE
44346112,2025-10-04T22:51:09.140Z,40.822500,14.133833,2.000000,1.200000,Md,1.135124,SURVEY-INGV-OV#WESSEL,,,,--,Campi Flegrei,INGV_FDSN_EVENT_SERVICE
44346152,2025-10-04T22:51:34.910Z,40.825000,14.134000,2.200000,1.500000,Md,0.891359,SURVEY-INGV-OV#WESSEL,,,,--,Campi Flegrei,INGV_FDSN_EVENT_SERVICE
44345842,2025-10-04T23:03:19.759Z,40.827333,14.135833,2.400000,1.400000,Md,0.591350,SURVEY-INGV-OV#WESSEL,,,,--,Campi Flegrei,INGV_FDSN_EVENT_SERVICE
44346162,2025-10-05T00:02:11.410Z,40.815167,14.165833,2.900000,1.900000,Md,2.819666,SURVEY-INGV-OV#WESSEL,,,,--,Campi Flegrei,INGV_FDSN_EVENT_SERVICE
44346752,2025-10-05T03:49:43.450Z,40.825000,14.138333,0.700000,1.000000,Md,0.739642,SURVEY-INGV-OV#WESSEL,,,,--,Campi Flegrei,INGV_FDSN_EVENT_SERVICE
44353132,2025-10-06T06:06:12.680Z,40.823667,14.138167,0.600000,1.500000,Md,0.887629,SURVEY-INGV-OV#WESSEL,,,,--,Campi Flegrei,INGV_FDSN_EVENT_SERVICE
44376682,2025-10-08T12:12:35.769Z,40.835500,14.137833,2.400000,1.700000,Md,0.487325,SURVEY-INGV-OV#WESSEL,,,,--,Campi Flegrei,INGV_FDSN_EVENT_SERVICE
44379682,2025-10-09T00:09:35.279Z,40.833333,14.082667,2.800000,1.100000,Md,4.844713,SURVEY-INGV-OV#WESSEL,,,,--,Campi Flegrei,INGV_FDSN_EVENT_SERVICE
44386562,2025-10-09T23:22:22.259Z,40.841667,14.101000,3.000000,1.200000,Md,3.486202,SURVEY-INGV-OV#WESSEL,,,,--,Campi Flegrei,INGV_FDSN_EVENT_SERVICE
44386692,2025-10-09T23:54:05.460Z,40.824000,14.150000,1.000000,1.100000,Md,1.172773,SURVEY-INGV-OV#WESSEL,,,,--,Campi Flegrei,INGV_FDSN_EVENT_SERVICE
44386772,2025-10-10T00:23:13.569Z,40.828167,14.154333,2.400000,1.300000,Md,1.245515,SURVEY-INGV-OV#WESSEL,,,,--,Campi Flegrei,INGV_FDSN_EVENT_SERVICE
44386792,2025-10-10T00:30:14.619Z,40.825333,14.152333,0.500000,1.000000,Md,1.229784,SURVEY-INGV-OV#WESSEL,,,,--,Campi Flegrei,INGV_FDSN_EVENT_SERVICE
44392042,2025-10-10T13:10:26.309Z,40.807500,14.104167,2.900000,1.100000,Md,4.039285,SURVEY-INGV-OV#WESSEL,,,,--,Campi Flegrei,INGV_FDSN_EVENT_SERVICE
44393272,2025-10-10T16:15:11.549Z,40.835167,14.131500,2.600000,1.200000,Md,0.837859,SURVEY-INGV-OV#WESSEL,,,,--,Campi Flegrei,INGV_FDSN_EVENT_SERVICE
44394242,2025-10-10T19:56:25.069Z,40.799167,14.124500,4.600000,1.200000,Md,3.830354,SURVEY-INGV-OV#WESSEL,,,,--,Campi Flegrei,INGV_FDSN_EVENT_SERVICE
44395342,2025-10-11T02:05:15.319Z,40.834500,14.108833,2.200000,1.100000,Md,2.659977,SURVEY-INGV-OV#WESSEL,,,,--,Campi Flegrei,INGV_FDSN_EVENT_SERVICE
44395462,2025-10-11T02:28:42.400Z,40.826333,14.145167,1.800000,1.400000,Md,0.710459,SURVEY-INGV-OV#WESSEL,,,,--,Campi Flegrei,INGV_FDSN_EVENT_SERVICE
44395512,2025-10-11T02:38:11.799Z,40.823000,14.141667,1.600000,1.100000,Md,0.953184,SURVEY-INGV-OV#WESSEL,,,,--,Campi Flegrei,INGV_FDSN_EVENT_SERVICE
44395542,2025-10-11T02:52:04.019Z,40.834333,14.128000,2.800000,1.000000,Md,1.073668,SURVEY-INGV-OV#WESSEL,,,,--,Campi Flegrei,INGV_FDSN_EVENT_SERVICE
44395602,2025-10-11T02:53:21.359Z,40.839667,14.134167,3.000000,1.100000,Md,1.040340,SURVEY-INGV-OV#WESSEL,,,,--,Campi Flegrei,INGV_FDSN_EVENT_SERVICE
44396562,2025-10-11T03:32:33.859Z,40.826833,14.151667,2.500000,1.200000,Md,1.095512,SURVEY-INGV-OV#WESSEL,,,,--,Campi Flegrei,INGV_FDSN_EVENT_SERVICE
44396692,2025-10-11T04:00:31.880Z,40.829167,14.139833,1.500000,1.800000,Md,0.261249,SURVEY-INGV-OV#WESSEL,,,,--,Campi Flegrei,INGV_FDSN_EVENT_SERVICE
44396622,2025-10-11T04:01:21.789Z,40.826667,14.141333,2.400000,1.600000,Md,0.545795,SURVEY-INGV-OV#WESSEL,,,,--,Campi Flegrei,INGV_FDSN_EVENT_SERVICE
44396702,2025-10-11T04:01:31.190Z,40.822667,14.146333,0.700000,1.100000,Md,1.109493,SURVEY-INGV-OV#WESSEL,,,,--,Campi Flegrei,INGV_FDSN_EVENT_SERVICE
44399332,2025-10-11T10:20:53.160Z,40.798333,14.210167,2.600000,1.900000,Md,6.947731,SURVEY-INGV-OV#SiSmi,,,,--,Campi Flegrei,INGV_FDSN_EVENT_SERVICE
44401522,2025-10-11T14:33:24.230Z,40.836333,14.128833,2.500000,1.300000,Md,1.096973,SURVEY-INGV-OV#WESSEL,,,,--,Campi Flegrei,INGV_FDSN_EVENT_SERVICE
44401552,2025-10-11T14:34:02.160Z,40.834167,14.127167,1.700000,1.500000,Md,1.135894,SURVEY-INGV-OV#WESSEL,,,,--,Campi Flegrei,INGV_FDSN_EVENT_SERVICE
44402142,2025-10-11T15:49:03.420Z,40.834000,14.127500,2.400000,1.200000,Md,1.104054,SURVEY-INGV-OV#WESSEL,,,,--,Campi Flegrei,INGV_FDSN_EVENT_SERVICE
44402362,2025-10-11T16:20:44.500Z,40.820833,14.138333,1.000000,1.100000,Md,1.196475,SURVEY-INGV-OV#WESSEL,,,,--,Campi Flegrei,INGV_FDSN_EVENT_SERVICE
44403602,2025-10-11T20:38:39.069Z,40.827667,14.140833,1.800000,1.000000,Md,0.429525,SURVEY-INGV-OV#WESSEL,,,,--,Campi Flegrei,INGV_FDSN_EVENT_SERVICE
44403662,2025-10-11T21:11:44.009Z,40.831500,14.138333,2.400000,1.700000,Md,0.157078,SURVEY-INGV-OV#WESSEL,,,,--,Campi Flegrei,INGV_FDSN_EVENT_SERVICE
44403742,2025-10-11T21:11:55.130Z,40.831167,14.136167,2.100000,1.000000,Md,0.341328,SURVEY-INGV-OV#WESSEL,,,,--,Campi Flegrei,INGV_FDSN_EVENT_SERVICE
44403912,2025-10-11T21:53:18.349Z,40.828500,14.137000,2.100000,1.300000,Md,0.428680,SURVEY-INGV-OV#WESSEL,,,,--,Campi Flegrei,INGV_FDSN_EVENT_SERVICE
44405272,2025-10-12T06:37:47.869Z,40.829000,14.083667,2.600000,1.300000,Md,4.764563,SURVEY-INGV-OV#WESSEL,,,,--,Campi Flegrei,INGV_FDSN_EVENT_SERVICE
44408162,2025-10-12T13:35:50.480Z,40.832167,14.092000,1.600000,2.500000,Md,4.055925,SURVEY-INGV-OV#WESSEL,,,,--,Campi Flegrei,INGV_FDSN_EVENT_SERVICE
44408322,2025-10-12T14:00:11.130Z,40.838667,14.119000,2.400000,1.800000,Md,1.953497,SURVEY-INGV-OV#WESSEL,,,,--,Campi Flegrei,INGV_FDSN_EVENT_SERVICE
44408442,2025-10-12T14:13:45.220Z,40.832000,14.088833,2.500000,1.400000,Md,4.322061,SURVEY-INGV-OV#WESSEL,,,,--,Campi Flegrei,INGV_FDSN_EVENT_SERVICE
44408572,2025-10-12T14:29:05.950Z,40.830667,14.083833,2.800000,1.200000,Md,4.743325,SURVEY-INGV-OV#WESSEL,,,,--,Campi Flegrei,INGV_FDSN_EVENT_SERVICE
44408742,2025-10-12T15:01:55.400Z,40.829833,14.139000,2.500000,2.500000,Md,0.211075,SURVEY-INGV-OV#WESSEL,,,,--,Campi Flegrei,INGV_FDSN_EVENT_SERVICE
44409242,2025-10-12T15:02:12.329Z,40.830833,14.139167,3.000000,1.500000,Md,0.114255,SURVEY-INGV-OV#WESSEL,,,,--,Campi Flegrei,INGV_FDSN_EVENT_SERVICE
44290481,2025-10-12T15:04:04.220Z,40.829667,14.136000,2.400000,2.000000,Md,0.407936,BULLETIN-OV,,,,--,Campi Flegrei,INGV_FDSN_EVENT_SERVICE
44416662,2025-10-13T16:08:35.450Z,40.827333,14.140167,2.200000,2.200000,Md,0.463358,SURVEY-INGV-OV#WESSEL,,,,--,Campi Flegrei,INGV_FDSN_EVENT_SERVICE
44417262,2025-10-13T18:40:26.450Z,40.825833,14.158667,2.300000,1.200000,Md,1.676689,SURVEY-INGV-OV#WESSEL,,,,--,Campi Flegrei,INGV_FDSN_EVENT_SERVICE
44418542,2025-10-14T01:52:49.390Z,40.824667,14.084000,2.800000,1.400000,Md,4.789237,SURVEY-INGV-OV#WESSEL,,,,--,Campi Flegrei,INGV_FDSN_EVENT_SERVICE
44418862,2025-10-14T02:44:43.380Z,40.814833,14.139833,2.700000,1.200000,Md,1.853546,SURVEY-INGV-OV#WESSEL,,,,--,Campi Flegrei,INGV_FDSN_EVENT_SERVICE
44425282,2025-10-14T17:33:21.210Z,40.811333,14.092833,3.200000,1.100000,Md,4.573313,SURVEY-INGV-OV#WESSEL,,,,--,Campi Flegrei,INGV_FDSN_EVENT_SERVICE
44425392,2025-10-14T17:58:22.490Z,40.825000,14.149000,2.100000,1.300000,Md,1.034703,SURVEY-INGV-OV#WESSEL,,,,--,Campi Flegrei,INGV_FDSN_EVENT_SERVICE
44426282,2025-10-15T00:51:10.559Z,40.806500,14.138667,1.700000,2.100000,Md,2.782869,SURVEY-INGV-OV#WESSEL,,,,--,Campi Flegrei,INGV_FDSN_EVENT_SERVICE
44426682,2025-10-15T03:31:56.289Z,40.826167,14.151833,1.100000,1.000000,Md,1.144398,SURVEY-INGV-OV#WESSEL,,,,--,Campi Flegrei,INGV_FDSN_EVENT_SERVICE
44432602,2025-10-15T14:30:51.920Z,40.834500,14.099333,2.200000,1.300000,Md,3.454378,SURVEY-INGV-OV#WESSEL,,,,--,Campi Flegrei,INGV_FDSN_EVENT_SERVICE
44433962,2025-10-15T17:26:33.890Z,40.827833,14.137833,2.500000,1.600000,Md,0.453788,SURVEY-INGV-OV#WESSEL,,,,--,Campi Flegrei,INGV_FDSN_EVENT_SERVICE
44434732,2025-10-15T21:34:50.509Z,40.824500,14.142167,0.800000,1.500000,Md,0.795766,SURVEY-INGV-OV#WESSEL,,,,--,Campi Flegrei,INGV_FDSN_EVENT_SERVICE
44435822,2025-10-16T04:04:02.700Z,40.840500,14.118167,2.700000,1.100000,Md,2.106503,SURVEY-INGV-OV#WESSEL,,,,--,Campi Flegrei,INGV_FDSN_EVENT_SERVICE
44443272,2025-10-16T21:38:37.230Z,40.803000,14.125833,3.900000,1.200000,Md,3.391852,SURVEY-INGV-OV#WESSEL,,,,--,Campi Flegrei,INGV_FDSN_EVENT_SERVICE
44443962,2025-10-17T02:02:08.920Z,40.826500,14.152833,1.700000,1.400000,Md,1.199533,SURVEY-INGV-OV#WESSEL,,,,--,Campi Flegrei,INGV_FDSN_EVENT_SERVICE
44447802,2025-10-17T13:57:16.009Z,40.832833,14.128500,2.400000,1.200000,Md,0.995457,SURVEY-INGV-OV#WESSEL,,,,--,Campi Flegrei,INGV_FDSN_EVENT_SERVICE
44449562,2025-10-17T21:15:16.359Z,40.840500,14.105667,3.000000,2.500000,Md,3.072742,SURVEY-INGV-OV#WESSEL,,,,--,Campi Flegrei,INGV_FDSN_EVENT_SERVICE
44451152,2025-10-18T06:50:47.430Z,40.828167,14.141667,2.500000,1.500000,Md,0.390626,SURVEY-INGV-OV#WESSEL,,,,--,Campi Flegrei,INGV_FDSN_EVENT_SERVICE
44452172,2025-10-18T09:21:43.950Z,40.835500,14.129333,2.400000,1.400000,Md,1.016709,SURVEY-INGV-OV#SiSmi,,,,--,Campi Flegrei,INGV_FDSN_EVENT_SERVICE
44330261,2025-10-18T12:38:39.819Z,40.828667,14.144333,2.000000,1.100000,Md,0.469205,BULLETIN-OV,,,,--,Campi Flegrei,INGV_FDSN_EVENT_SERVICE
44457152,2025-10-18T22:53:53.349Z,40.835667,14.132667,2.800000,1.000000,Md,0.785079,SURVEY-INGV-OV#WESSEL,,,,--,Campi Flegrei,INGV_FDSN_EVENT_SERVICE
44456912,2025-10-18T22:54:13.960Z,40.833167,14.130167,2.600000,1.200000,Md,0.864220,SURVEY-INGV-OV#WESSEL,,,,--,Campi Flegrei,INGV_FDSN_EVENT_SERVICE
44456952,2025-10-18T22:59:01.349Z,40.835500,14.124500,2.500000,2.900000,Md,1.393742,SURVEY-INGV-OV#SiSmi,,,,--,Campi Flegrei,INGV_FDSN_EVENT_SERVICE
44457182,2025-10-18T22:59:47.880Z,40.834000,14.125500,1.800000,1.200000,Md,1.267606,SURVEY-INGV-OV#WESSEL,,,,--,Campi Flegrei,INGV_FDSN_EVENT_SERVICE
44457032,2025-10-18T23:05:06.460Z,40.836833,14.133667,2.900000,1.300000,Md,0.808543,SURVEY-INGV-OV#WESSEL,,,,--,Campi Flegrei,INGV_FDSN_EVENT_SERVICE
44458992,2025-10-19T07:50:14.240Z,40.820333,14.157333,2.400000,1.500000,Md,1.902642,SURVEY-INGV-OV#WESSEL,,,,--,Campi Flegrei,INGV_FDSN_EVENT_SERVICE
44459192,2025-10-19T08:08:40.839Z,40.837000,14.119000,2.900000,1.000000,Md,1.885509,SURVEY-INGV-OV#WESSEL,,,,--,Campi Flegrei,INGV_FDSN_EVENT_SERVICE
44461942,2025-10-19T14:39:12.599Z,40.831500,14.131000,1.500000,1.100000,Md,0.774034,SURVEY-INGV-OV#WESSEL,,,,--,Campi Flegrei,INGV_FDSN_EVENT_SERVICE
44463022,2025-10-19T16:55:01.920Z,40.803167,14.099833,2.800000,1.000000,Md,4.633032,SURVEY-INGV-OV#WESSEL,,,,--,Campi Flegrei,INGV_FDSN_EVENT_SERVICE
44463912,2025-10-19T21:57:52.940Z,40.827333,14.142167,1.800000,2.200000,Md,0.492019,SURVEY-INGV-OV#WESSEL,,,,--,Campi Flegrei,INGV_FDSN_EVENT_SERVICE
44465502,2025-10-20T02:47:51.450Z,40.843333,14.142333,2.900000,2.500000,Md,1.327951,SURVEY-INGV-OV#WESSEL,,,,--,Campi Flegrei,INGV_FDSN_EVENT_SERVICE
44466052,2025-10-20T05:15:45.029Z,40.831500,14.147333,1.400000,1.100000,Md,0.600129,SURVEY-INGV-OV#WESSEL,,,,--,Campi Flegrei,INGV_FDSN_EVENT_SERVICE
44468172,2025-10-20T09:45:22.539Z,40.834000,14.130000,2.600000,1.800000,Md,0.902055,SURVEY-INGV-OV#WESSEL,,,,--,Campi Flegrei,INGV_FDSN_EVENT_SERVICE
44468272,2025-10-20T10:05:04.059Z,40.831500,14.138500,2.700000,1.300000,Md,0.143028,SURVEY-INGV-OV#WESSEL,,,,--,Campi Flegrei,INGV_FDSN_EVENT_SERVICE
44472252,2025-10-20T23:49:25.299Z,40.814833,14.145667,2.800000,1.300000,Md,1.909528,SURVEY-INGV-OV#WESSEL,,,,--,Campi Flegrei,INGV_FDSN_EVENT_SERVICE
44472562,2025-10-21T03:46:36.380Z,40.819167,14.084333,2.400000,1.000000,Md,4.896713,SURVEY-INGV-OV#WESSEL,,,,--,Campi Flegrei,INGV_FDSN_EVENT_SERVICE
44473002,2025-10-21T05:13:10.339Z,40.830500,14.134000,1.900000,1.000000,Md,0.533356,SURVEY-INGV-OV#WESSEL,,,,--,Campi Flegrei,INGV_FDSN_EVENT_SERVICE
44477942,2025-10-22T01:59:25.430Z,40.805167,14.105667,3.000000,1.400000,Md,4.125349,SURVEY-INGV-OV#WESSEL,,,,--,Campi Flegrei,INGV_FDSN_EVENT_SERVICE
44478542,2025-10-22T04:59:04.250Z,40.811333,14.098000,4.000000,2.800000,Md,4.199796,SURVEY-INGV-OV#WESSEL,,,,--,Campi Flegrei,INGV_FDSN_EVENT_SERVICE
44479312,2025-10-22T06:36:43.619Z,40.810667,14.115667,1.700000,1.100000,Md,3.102901,SURVEY-INGV-OV#WESSEL,,,,--,Campi Flegrei,INGV_FDSN_EVENT_SERVICE
44482172,2025-10-22T11:57:53.019Z,40.822500,14.137500,1.600000,1.200000,Md,1.026217,SURVEY-INGV-OV#SiSmi,,,,--,Campi Flegrei,INGV_FDSN_EVENT_SERVICE
44482412,2025-10-22T12:13:21.950Z,40.812833,14.091500,3.400000,1.300000,Md,4.593617,SURVEY-INGV-OV#WESSEL,,,,--,Campi Flegrei,INGV_FDSN_EVENT_SERVICE
44490402,2025-10-23T09:49:08.279Z,40.830833,14.142167,1.000000,1.200000,Md,0.181352,SURVEY-INGV-OV#WESSEL,,,,--,Campi Flegrei,INGV_FDSN_EVENT_SERVICE
44501092,2025-10-23T21:29:11.279Z,40.823000,14.148167,1.800000,1.200000,Md,1.158740,SURVEY-INGV-OV#WESSEL,,,,--,Campi Flegrei,INGV_FDSN_EVENT_SERVICE
44501812,2025-10-23T22:24:38.069Z,40.820333,14.145833,1.700000,1.100000,Md,1.329098,SURVEY-INGV-OV#WESSEL,,,,--,Campi Flegrei,INGV_FDSN_EVENT_SERVICE
44506012,2025-10-24T08:06:28.750Z,40.820000,14.084333,3.600000,1.100000,Md,4.871556,SURVEY-INGV-OV#WESSEL,,,,--,Campi Flegrei,INGV_FDSN_EVENT_SERVICE
44508932,2025-10-24T12:25:33.750Z,40.835500,14.139000,2.800000,1.700000,Md,0.456094,SURVEY-INGV-OV#WESSEL,,,,--,Campi Flegrei,INGV_FDSN_EVENT_SERVICE
44509322,2025-10-24T12:44:12.569Z,40.834167,14.129167,1.100000,1.000000,Md,0.974456,SURVEY-INGV-OV#WESSEL,,,,--,Campi Flegrei,INGV_FDSN_EVENT_SERVICE
44512172,2025-10-24T20:33:40.289Z,40.831500,14.132167,2.400000,1.200000,Md,0.675850,SURVEY-INGV-OV#WESSEL,,,,--,Campi Flegrei,INGV_FDSN_EVENT_SERVICE
44512972,2025-10-25T02:37:49.559Z,40.838667,14.140167,1.600000,1.500000,Md,0.796940,SURVEY-INGV-OV#WESSEL,,,,--,Campi Flegrei,INGV_FDSN_EVENT_SERVICE
44524112,2025-10-25T22:51:49.289Z,40.834333,14.141500,2.600000,2.800000,Md,0.333462,SURVEY-INGV-OV#SiSmi,,,,--,Campi Flegrei,INGV_FDSN_EVENT_SERVICE
44524092,2025-10-25T22:52:13.339Z,40.831500,14.140167,2.300000,1.400000,Md,0.002776,SURVEY-INGV-OV#WESSEL,,,,--,Campi Flegrei,INGV_FDSN_EVENT_SERVICE
44523832,2025-10-25T22:52:44.009Z,40.832333,14.136833,2.200000,1.900000,Md,0.298037,SURVEY-INGV-OV#WESSEL,,,,--,Campi Flegrei,INGV_FDSN_EVENT_SERVICE
44524382,2025-10-25T22:53:16.700Z,40.833167,14.133833,2.900000,1.000000,Md,0.566840,SURVEY-INGV-OV#SiSmi,,,,--,Campi Flegrei,INGV_FDSN_EVENT_SERVICE
44523852,2025-10-25T22:54:42.789Z,40.833000,14.140833,2.000000,1.100000,Md,0.175089,SURVEY-INGV-OV#WESSEL,,,,--,Campi Flegrei,INGV_FDSN_EVENT_SERVICE
44523872,2025-10-25T22:57:53.789Z,40.834167,14.136833,2.300000,1.700000,Md,0.410110,SURVEY-INGV-OV#WESSEL,,,,--,Campi Flegrei,INGV_FDSN_EVENT_SERVICE
44524392,2025-10-25T22:58:08.279Z,40.830500,14.134167,1.900000,1.400000,Md,0.519622,SURVEY-INGV-OV#WESSEL,,,,--,Campi Flegrei,INGV_FDSN_EVENT_SERVICE
44524432,2025-10-26T00:16:40.549Z,40.817500,14.123667,2.200000,1.200000,Md,2.087744,SURVEY-INGV-OV#WESSEL,,,,--,Campi Flegrei,INGV_FDSN_EVENT_SERVICE
44526392,2025-10-26T06:26:48.019Z,40.816667,14.091000,3.300000,1.000000,Md,4.456327,SURVEY-INGV-OV#WESSEL,,,,--,Campi Flegrei,INGV_FDSN_EVENT_SERVICE
44538402,2025-10-27T02:52:52.359Z,40.820333,14.084667,3.000000,1.000000,Md,4.834790,SURVEY-INGV-OV#WESSEL,,,,--,Campi Flegrei,INGV_FDSN_EVENT_SERVICE
44538592,2025-10-27T04:39:17.589Z,40.833500,14.120333,0.700000,1.400000,Md,1.686198,SURVEY-INGV-OV#SiSmi,,,,--,Campi Flegrei,INGV_FDSN_EVENT_SERVICE
44547042,2025-10-28T04:13:28.450Z,40.813833,14.100000,1.600000,2.000000,Md,3.911710,SURVEY-INGV-OV#WESSEL,,,,--,Campi Flegrei,INGV_FDSN_EVENT_SERVICE
44551602,2025-10-28T20:44:32.180Z,40.824333,14.150000,2.200000,1.300000,Md,1.146736,SURVEY-INGV-OV#WESSEL,,,,--,Campi Flegrei,INGV_FDSN_EVENT_SERVICE
44551882,2025-10-28T23:25:33.539Z,40.833167,14.109000,2.300000,1.100000,Md,2.631490,SURVEY-INGV-OV#WESSEL,,,,--,Campi Flegrei,INGV_FDSN_EVENT_SERVICE
44552242,2025-10-29T04:00:30.869Z,40.807500,14.116000,2.200000,1.000000,Md,3.356911,SURVEY-INGV-OV#WESSEL,,,,--,Campi Flegrei,INGV_FDSN_EVENT_SERVICE
44564352,2025-10-30T13:23:10.349Z,40.833167,14.093333,2.800000,1.000000,Md,3.947421,SURVEY-INGV-OV#WESSEL,,,,--,Campi Flegrei,INGV_FDSN_EVENT_SERVICE
44565772,2025-10-30T17:03:42.319Z,40.829167,14.142667,2.200000,1.400000,Md,0.332235,SURVEY-INGV-OV#WESSEL,,,,--,Campi Flegrei,INGV_FDSN_EVENT_SERVICE
44567172,2025-10-31T02:30:55.019Z,40.832833,14.114000,3.000000,2.000000,Md,2.209271,SURVEY-INGV-OV#WESSEL,,,,--,Campi Flegrei,INGV_FDSN_EVENT_SERVICE
44571112,2025-10-31T16:04:28.670Z,40.825000,14.080500,2.800000,1.600000,Md,5.074789,SURVEY-INGV-OV#WESSEL,,,,--,Campi Flegrei,INGV_FDSN_EVENT_SERVICE
44571662,2025-10-31T18:23:20.599Z,40.834500,14.078167,3.000000,1.100000,Md,5.229627,SURVEY-INGV-OV#WESSEL,,,,--,Campi Flegrei,INGV_FDSN_EVENT_SERVICE
44571862,2025-10-31T20:10:16.509Z,40.813000,14.118500,2.200000,1.100000,Md,2.750609,SURVEY-INGV-OV#WESSEL,,,,--,Campi Flegrei,INGV_FDSN_EVENT_SERVICE
44571902,2025-10-31T20:14:51.549Z,40.814333,14.117833,2.400000,1.000000,Md,2.680679,SURVEY-INGV-OV#WESSEL,,,,--,Campi Flegrei,INGV_FDSN_EVENT_SERVICE
44571922,2025-10-31T20:18:55.869Z,40.808833,14.117500,2.800000,1.000000,Md,3.162510,SURVEY-INGV-OV#WESSEL,,,,--,Campi Flegrei,INGV_FDSN_EVENT_SERVICE
44572102,2025-10-31T21:04:05.690Z,40.830500,14.082333,2.600000,1.200000,Md,4.869898,SURVEY-INGV-OV#WESSEL,,,,--,Campi Flegrei,INGV_FDSN_EVENT_SERVICE
44572912,2025-11-01T05:09:33.420Z,40.826333,14.176500,5.200000,1.100000,Md,3.107760,SURVEY-INGV-OV#WESSEL,,,,--,Campi Flegrei,INGV_FDSN_EVENT_SERVICE
44578472,2025-11-01T21:02:45.009Z,40.804833,14.139167,3.700000,1.400000,Md,2.966513,SURVEY-INGV-OV#WESSEL,,,,--,Campi Flegrei,INGV_FDSN_EVENT_SERVICE
44578482,2025-11-01T21:04:01.150Z,40.805333,14.139333,3.600000,1.500000,Md,2.910556,SURVEY-INGV-OV#WESSEL,,,,--,Campi Flegrei,INGV_FDSN_EVENT_SERVICE
44579642,2025-11-02T01:43:08.019Z,40.836500,14.111333,2.800000,1.000000,Md,2.491436,SURVEY-INGV-OV#WESSEL,,,,--,Campi Flegrei,INGV_FDSN_EVENT_SERVICE
44579622,2025-11-02T01:43:16Z,40.831333,14.132000,2.400000,1.800000,Md,0.690151,SURVEY-INGV-OV#WESSEL,,,,--,Campi Flegrei,INGV_FDSN_EVENT_SERVICE
44579792,2025-11-02T02:32:54.619Z,40.829000,14.120333,2.900000,1.800000,Md,1.694483,SURVEY-INGV-OV#WESSEL,,,,--,Campi Flegrei,INGV_FDSN_EVENT_SERVICE
44579862,2025-11-02T02:40:27.470Z,40.839167,14.110000,3.200000,2.100000,Md,2.679924,SURVEY-INGV-OV#WESSEL,,,,--,Campi Flegrei,INGV_FDSN_EVENT_SERVICE
44584542,2025-11-02T14:38:21.930Z,40.827833,14.122167,2.700000,1.500000,Md,1.571069,SURVEY-INGV-OV#WESSEL,,,,--,Campi Flegrei,INGV_FDSN_EVENT_SERVICE
44584622,2025-11-02T14:40:51.619Z,40.828000,14.125833,2.600000,1.300000,Md,1.269894,SURVEY-INGV-OV#WESSEL,,,,--,Campi Flegrei,INGV_FDSN_EVENT_SERVICE
44584792,2025-11-02T14:51:02.069Z,40.827000,14.128333,2.800000,2.100000,Md,1.116821,SURVEY-INGV-OV#WESSEL,,,,--,Campi Flegrei,INGV_FDSN_EVENT_SERVICE
44584872,2025-11-02T14:53:11.759Z,40.826833,14.126833,2.700000,1.300000,Md,1.238616,SURVEY-INGV-OV#WESSEL,,,,--,Campi Flegrei,INGV_FDSN_EVENT_SERVICE
44585012,2025-11-02T14:58:10.579Z,40.827167,14.123500,2.600000,1.100000,Md,1.485398,SURVEY-INGV-OV#WESSEL,,,,--,Campi Flegrei,INGV_FDSN_EVENT_SERVICE
44585092,2025-11-02T15:00:28.460Z,40.828000,14.121833,2.500000,1.000000,Md,1.593586,SURVEY-INGV-OV#WESSEL,,,,--,Campi Flegrei,INGV_FDSN_EVENT_SERVICE
44585172,2025-11-02T15:05:12.269Z,40.826333,14.125000,2.500000,1.000000,Md,1.402020,SURVEY-INGV-OV#WESSEL,,,,--,Campi Flegrei,INGV_FDSN_EVENT_SERVICE
44585472,2025-11-02T15:26:09.369Z,40.825500,14.120333,2.700000,2.000000,Md,1.799794,SURVEY-INGV-OV#WESSEL,,,,--,Campi Flegrei,INGV_FDSN_EVENT_SERVICE
44587682,2025-11-02T23:30:23.490Z,40.821667,14.082333,2.800000,1.200000,Md,4.990209,SURVEY-INGV-OV#WESSEL,,,,--,Campi Flegrei,INGV_FDSN_EVENT_SERVICE
44588072,2025-11-03T04:34:39.339Z,40.842000,14.117333,2.800000,1.500000,Md,2.250324,SURVEY-INGV-OV#SiSmi,,,,--,Campi Flegrei,INGV_FDSN_EVENT_SERVICE
44588512,2025-11-03T06:49:10.539Z,40.803333,14.122500,4.400000,1.300000,Md,3.468171,SURVEY-INGV-OV#WESSEL,,,,--,Campi Flegrei,INGV_FDSN_EVENT_SERVICE
44589072,2025-11-03T08:41:06.349Z,40.828833,14.151667,2.700000,1.000000,Md,1.009335,SURVEY-INGV-OV#WESSEL,,,,--,Campi Flegrei,INGV_FDSN_EVENT_SERVICE
44589672,2025-11-03T09:51:36.609Z,40.835833,14.134667,2.800000,1.600000,Md,0.669947,SURVEY-INGV-OV#WESSEL,,,,--,Campi Flegrei,INGV_FDSN_EVENT_SERVICE
44598952,2025-11-04T18:48:22.359Z,40.824833,14.130500,2.100000,2.400000,Md,1.102574,SURVEY-INGV-OV#WESSEL,,,,--,Campi Flegrei,INGV_FDSN_EVENT_SERVICE
44599092,2025-11-04T19:32:53.599Z,40.829500,14.129167,2.600000,1.900000,Md,0.954534,SURVEY-INGV-OV#WESSEL,,,,--,Campi Flegrei,INGV_FDSN_EVENT_SERVICE
44599282,2025-11-04T20:31:53.859Z,40.839000,14.130167,2.000000,1.100000,Md,1.186570,SURVEY-INGV-OV#WESSEL,,,,--,Campi Flegrei,INGV_FDSN_EVENT_SERVICE
44599242,2025-11-04T20:39:28.210Z,40.842833,14.137000,2.800000,1.800000,Md,1.288608,SURVEY-INGV-OV#WESSEL,,,,--,Campi Flegrei,INGV_FDSN_EVENT_SERVICE
44600302,2025-11-05T01:36:19.940Z,40.828167,14.149000,1.400000,1.000000,Md,0.827977,SURVEY-INGV-OV#WESSEL,,,,--,Campi Flegrei,INGV_FDSN_EVENT_SERVICE
44611332,2025-11-06T20:11:52.059Z,40.807500,14.095333,4.600000,1.100000,Md,4.623472,SURVEY-INGV-OV#WESSEL,,,,--,Campi Flegrei,INGV_FDSN_EVENT_SERVICE
44614112,2025-11-07T09:26:26.750Z,40.829167,14.145167,2.100000,1.000000,Md,0.491874,SURVEY-INGV-OV#WESSEL,,,,--,Campi Flegrei,INGV_FDSN_EVENT_SERVICE
44614682,2025-11-07T11:59:57.420Z,40.796667,14.115667,3.700000,1.500000,Md,4.389160,SURVEY-INGV-OV#WESSEL,,,,--,Campi Flegrei,INGV_FDSN_EVENT_SERVICE
44614952,2025-11-07T12:40:24.640Z,40.828500,14.135500,2.200000,1.700000,Md,0.517350,SURVEY-INGV-OV#WESSEL,,,,--,Campi Flegrei,INGV_FDSN_EVENT_SERVICE
44615172,2025-11-07T12:40:49.579Z,40.829833,14.135833,1.900000,1.500000,Md,0.411528,SURVEY-INGV-OV#WESSEL,,,,--,Campi Flegrei,INGV_FDSN_EVENT_SERVICE
44615002,2025-11-07T12:42:33.829Z,40.831333,14.134500,2.000000,1.300000,Md,0.479925,SURVEY-INGV-OV#WESSEL,,,,--,Campi Flegrei,INGV_FDSN_EVENT_SERVICE
44615012,2025-11-07T12:43:25.650Z,40.833500,14.135667,2.600000,2.200000,Md,0.441479,SURVEY-INGV-OV#WESSEL,,,,--,Campi Flegrei,INGV_FDSN_EVENT_SERVICE
44617972,2025-11-08T04:36:10.279Z,40.837500,14.122500,2.600000,1.000000,Md,1.631734,SURVEY-INGV-OV#WESSEL,,,,--,Campi Flegrei,INGV_FDSN_EVENT_SERVICE
44618032,2025-11-08T05:16:10.410Z,40.840167,14.128000,3.000000,1.000000,Md,1.407908,SURVEY-INGV-OV#WESSEL,,,,--,Campi Flegrei,INGV_FDSN_EVENT_SERVICE
44618292,2025-11-08T06:50:10.549Z,40.839333,14.140833,3.100000,1.100000,Md,0.872618,SURVEY-INGV-OV#WESSEL,,,,--,Campi Flegrei,INGV_FDSN_EVENT_SERVICE
44619932,2025-11-08T12:10:17.420Z,40.832500,14.133667,2.300000,1.000000,Md,0.560779,SURVEY-INGV-OV#WESSEL,,,,--,Campi Flegrei,INGV_FDSN_EVENT_SERVICE
44621792,2025-11-08T22:09:17.349Z,40.831500,14.138167,1.200000,1.000000,Md,0.171045,SURVEY-INGV-OV#WESSEL,,,,--,Campi Flegrei,INGV_FDSN_EVENT_SERVICE
44622402,2025-11-09T05:11:44.710Z,40.833667,14.145667,2.300000,2.500000,Md,0.519249,SURVEY-INGV-OV#SiSmi,,,,--,Campi Flegrei,INGV_FDSN_EVENT_SERVICE
44622452,2025-11-09T05:12:40.200Z,40.834000,14.149167,2.500000,1.400000,Md,0.804004,SURVEY-INGV-OV#WESSEL,,,,--,Campi Flegrei,INGV_FDSN_EVENT_SERVICE
44622482,2025-11-09T05:13:18.259Z,40.831333,14.147667,2.500000,1.400000,Md,0.628505,SURVEY-INGV-OV#WESSEL,,,,--,Campi Flegrei,INGV_FDSN_EVENT_SERVICE
44622502,2025-11-09T05:14:40.539Z,40.831500,14.134833,0.600000,1.300000,Md,0.451548,SURVEY-INGV-OV#WESSEL,,,,--,Campi Flegrei,INGV_FDSN_EVENT_SERVICE
44623072,2025-11-09T07:33:20.529Z,40.833333,14.127333,2.700000,1.400000,Md,1.101560,SURVEY-INGV-OV#WESSEL,,,,--,Campi Flegrei,INGV_FDSN_EVENT_SERVICE
44623282,2025-11-09T08:00:37.630Z,40.824667,14.149000,2.300000,1.100000,Md,1.060901,SURVEY-INGV-OV#WESSEL,,,,--,Campi Flegrei,INGV_FDSN_EVENT_SERVICE
44626022,2025-11-09T15:18:03.190Z,40.830333,14.081167,2.800000,1.200000,Md,4.968431,SURVEY-INGV-OV#WESSEL,,,,--,Campi Flegrei,INGV_FDSN_EVENT_SERVICE
44627162,2025-11-09T20:26:02.609Z,40.838667,14.125667,2.100000,1.100000,Md,1.459449,SURVEY-INGV-OV#WESSEL,,,,--,Campi Flegrei,INGV_FDSN_EVENT_SERVICE
44627442,2025-11-10T00:27:01.240Z,40.831333,14.151667,2.800000,1.700000,Md,0.964946,SURVEY-INGV-OV#WESSEL,,,,--,Campi Flegrei,INGV_FDSN_EVENT_SERVICE
44639492,2025-11-12T09:07:27.119Z,40.822333,14.137167,1.600000,1.000000,Md,1.050785,SURVEY-INGV-OV#WESSEL,,,,--,Campi Flegrei,INGV_FDSN_EVENT_SERVICE
44639582,2025-11-12T09:12:02.539Z,40.822167,14.135333,1.900000,1.400000,Md,1.115658,SURVEY-INGV-OV#WESSEL,,,,--,Campi Flegrei,INGV_FDSN_EVENT_SERVICE
44640292,2025-11-12T10:19:13.049Z,40.803667,14.124333,4.200000,1.100000,Md,3.370641,SURVEY-INGV-OV#WESSEL,,,,--,Campi Flegrei,INGV_FDSN_EVENT_SERVICE
44648382,2025-11-13T12:45:54.740Z,40.838000,14.141833,2.600000,1.300000,Md,0.735709,SURVEY-INGV-OV#WESSEL,,,,--,Campi Flegrei,INGV_FDSN_EVENT_SERVICE
44658042,2025-11-15T00:40:44.789Z,40.822167,14.142833,2.200000,1.000000,Md,1.061167,SURVEY-INGV-OV#WESSEL,,,,--,Campi Flegrei,INGV_FDSN_EVENT_SERVICE
44658782,2025-11-15T05:45:41.769Z,40.838667,14.140833,2.000000,1.200000,Md,0.798712,SURVEY-INGV-OV#WESSEL,,,,--,Campi Flegrei,INGV_FDSN_EVENT_SERVICE
44658792,2025-11-15T05:46:02.200Z,40.831333,14.134500,1.400000,1.000000,Md,0.479925,SURVEY-INGV-OV#WESSEL,,,,--,Campi Flegrei,INGV_FDSN_EVENT_SERVICE
44659202,2025-11-15T07:14:25.279Z,40.835333,14.121500,2.600000,1.600000,Md,1.629973,SURVEY-INGV-OV#WESSEL,,,,--,Campi Flegrei,INGV_FDSN_EVENT_SERVICE
44662772,2025-11-15T18:57:53.809Z,40.812500,14.143833,3.300000,2.000000,Md,2.134709,SURVEY-INGV-OV#WESSEL,,,,--,Campi Flegrei,INGV_FDSN_EVENT_SERVICE
44663642,2025-11-16T01:23:41.630Z,40.817167,14.157667,2.800000,1.100000,Md,2.167989,SURVEY-INGV-OV#WESSEL,,,,--,Campi Flegrei,INGV_FDSN_EVENT_SERVICE
44672512,2025-11-17T10:57:48.069Z,40.801167,14.133667,4.200000,1.800000,Md,3.417393,SURVEY-INGV-OV#WESSEL,,,,--,Campi Flegrei,INGV_FDSN_EVENT_SERVICE
44673262,2025-11-17T11:54:55.619Z,40.824833,14.082833,2.900000,2.400000,Md,4.883366,SURVEY-INGV-OV#WESSEL,,,,--,Campi Flegrei,INGV_FDSN_EVENT_SERVICE
44678202,2025-11-17T18:00:44.220Z,40.793333,14.146833,3.900000,1.300000,Md,4.280537,SURVEY-INGV-OV#WESSEL,,,,--,Campi Flegrei,INGV_FDSN_EVENT_SERVICE
44679362,2025-11-17T21:11:40.890Z,40.842000,14.140833,2.500000,1.300000,Md,1.168762,SURVEY-INGV-OV#WESSEL,,,,--,Campi Flegrei,INGV_FDSN_EVENT_SERVICE
44679412,2025-11-17T21:14:31.119Z,40.836833,14.141833,2.900000,1.500000,Md,0.608710,SURVEY-INGV-OV#WESSEL,,,,--,Campi Flegrei,INGV_FDSN_EVENT_SERVICE
44679692,2025-11-17T23:53:56.869Z,40.813000,14.157833,3.000000,1.000000,Md,2.536375,SURVEY-INGV-OV#WESSEL,,,,--,Campi Flegrei,INGV_FDSN_EVENT_SERVICE
44680002,2025-11-18T01:35:34.539Z,40.822000,14.150833,1.400000,1.100000,Md,1.384306,SURVEY-INGV-OV#WESSEL,,,,--,Campi Flegrei,INGV_FDSN_EVENT_SERVICE
44680232,2025-11-18T05:05:05.230Z,40.828833,14.160167,2.800000,1.800000,Md,1.705915,SURVEY-INGV-OV#WESSEL,,,,--,Campi Flegrei,INGV_FDSN_EVENT_SERVICE
44680272,2025-11-18T05:10:18.789Z,40.826833,14.155000,2.100000,1.000000,Md,1.349038,SURVEY-INGV-OV#WESSEL,,,,--,Campi Flegrei,INGV_FDSN_EVENT_SERVICE
44680432,2025-11-18T06:00:15.700Z,40.823833,14.136000,2.200000,1.100000,Md,0.922872,SURVEY-INGV-OV#WESSEL,,,,--,Campi Flegrei,INGV_FDSN_EVENT_SERVICE
44681882,2025-11-18T10:53:09.859Z,40.834833,14.127333,2.600000,1.100000,Md,1.144211,SURVEY-INGV-OV#WESSEL,,,,--,Campi Flegrei,INGV_FDSN_EVENT_SERVICE
44683062,2025-11-18T12:35:57.840Z,40.818200,14.003200,449.800000,3.600000,ML,11.622014,BULLETIN-INGV,,,,--,Campi Flegrei,INGV_FDSN_EVENT_SERVICE
44686062,2025-11-19T08:18:25.480Z,40.837000,14.128167,2.500000,1.200000,Md,1.182735,SURVEY-INGV-OV#WESSEL,,,,--,Campi Flegrei,INGV_FDSN_EVENT_SERVICE
44687262,2025-11-19T10:36:49.549Z,40.834833,14.128167,2.200000,1.000000,Md,1.078067,SURVEY-INGV-OV#WESSEL,,,,--,Campi Flegrei,INGV_FDSN_EVENT_SERVICE
44687292,2025-11-19T10:53:33.559Z,40.834167,14.132500,2.700000,2.100000,Md,0.712472,SURVEY-INGV-OV#WESSEL,,,,--,Campi Flegrei,INGV_FDSN_EVENT_SERVICE
44687472,2025-11-19T11:16:11.579Z,40.836333,14.130667,2.200000,1.000000,Md,0.965424,SURVEY-INGV-OV#WESSEL,,,,--,Campi Flegrei,INGV_FDSN_EVENT_SERVICE
44687742,2025-11-19T12:26:28.539Z,40.835167,14.130333,1.900000,1.200000,Md,0.924865,SURVEY-INGV-OV#WESSEL,,,,--,Campi Flegrei,INGV_FDSN_EVENT_SERVICE
44687832,2025-11-19T12:27:25.079Z,40.834000,14.129500,1.900000,1.200000,Md,0.942163,SURVEY-INGV-OV#WESSEL,,,,--,Campi Flegrei,INGV_FDSN_EVENT_SERVICE
44688352,2025-11-19T12:27:45.349Z,40.837000,14.134833,2.000000,1.200000,Md,0.760197,SURVEY-INGV-OV#WESSEL,,,,--,Campi Flegrei,INGV_FDSN_EVENT_SERVICE
44687862,2025-11-19T12:49:28.970Z,40.825000,14.139000,2.900000,1.500000,Md,0.729786,SURVEY-INGV-OV#SiSmi,,,,--,Campi Flegrei,INGV_FDSN_EVENT_SERVICE
44687902,2025-11-19T12:49:52.539Z,40.835667,14.137333,2.800000,2.700000,Md,0.522372,SURVEY-INGV-OV#WESSEL,,,,--,Campi Flegrei,INGV_FDSN_EVENT_SERVICE
44687952,2025-11-19T12:51:05.410Z,40.839333,14.138667,1.900000,1.200000,Md,0.880488,SURVEY-INGV-OV#WESSEL,,,,--,Campi Flegrei,INGV_FDSN_EVENT_SERVICE
44688182,2025-11-19T13:07:32.849Z,40.833333,14.127667,1.800000,2.000000,Md,1.073957,SURVEY-INGV-OV#WESSEL,,,,--,Campi Flegrei,INGV_FDSN_EVENT_SERVICE
44689912,2025-11-19T18:21:22.089Z,40.837500,14.147333,2.600000,2.500000,Md,0.897351,SURVEY-INGV-OV#WESSEL,,,,--,Campi Flegrei,INGV_FDSN_EVENT_SERVICE
44690292,2025-11-19T20:12:19.859Z,40.837500,14.135167,1.800000,1.100000,Md,0.790195,SURVEY-INGV-OV#WESSEL,,,,--,Campi Flegrei,INGV_FDSN_EVENT_SERVICE
44690502,2025-11-19T21:51:45.599Z,40.836667,14.146167,2.600000,1.300000,Md,0.762965,SURVEY-INGV-OV#WESSEL,,,,--,Campi Flegrei,INGV_FDSN_EVENT_SERVICE
44690902,2025-11-20T00:22:18.549Z,40.840667,14.092000,2.500000,1.100000,Md,4.181141,SURVEY-INGV-OV#WESSEL,,,,--,Campi Flegrei,INGV_FDSN_EVENT_SERVICE
44691032,2025-11-20T01:52:52.579Z,40.836833,14.132833,2.800000,1.000000,Md,0.857785,SURVEY-INGV-OV#WESSEL,,,,--,Campi Flegrei,INGV_FDSN_EVENT_SERVICE
44691092,2025-11-20T03:24:11.200Z,40.839833,14.121833,2.500000,2.400000,Md,1.801720,SURVEY-INGV-OV#WESSEL,,,,--,Campi Flegrei,INGV_FDSN_EVENT_SERVICE
44698742,2025-11-21T10:07:13.430Z,40.804333,14.104500,3.400000,1.300000,Md,4.260364,SURVEY-INGV-OV#WESSEL,,,,--,Campi Flegrei,INGV_FDSN_EVENT_SERVICE
44711132,2025-11-21T22:12:52Z,40.832500,14.130167,2.700000,1.100000,Md,0.851404,SURVEY-INGV-OV#WESSEL,,,,--,Campi Flegrei,INGV_FDSN_EVENT_SERVICE
44713052,2025-11-22T14:04:46.089Z,40.817833,14.141833,2.800000,2.200000,Md,1.525902,SURVEY-INGV-OV#WESSEL,,,,--,Campi Flegrei,INGV_FDSN_EVENT_SERVICE
44713652,2025-11-22T17:54:59.869Z,40.813500,14.153333,2.400000,1.800000,Md,2.286320,SURVEY-INGV-OV#WESSEL,,,,--,Campi Flegrei,INGV_FDSN_EVENT_SERVICE
44713762,2025-11-22T17:55:10.059Z,40.814667,14.160333,2.400000,3.000000,Md,2.524554,SURVEY-INGV-OV#WESSEL,,,,--,Campi Flegrei,INGV_FDSN_EVENT_SERVICE
44714702,2025-11-23T06:35:06.460Z,40.826833,14.132833,2.300000,1.600000,Md,0.808397,SURVEY-INGV-OV#WESSEL,,,,--,Campi Flegrei,INGV_FDSN_EVENT_SERVICE
44717162,2025-11-23T17:51:43.180Z,40.831333,14.146500,1.800000,1.300000,Md,0.530371,SURVEY-INGV-OV#WESSEL,,,,--,Campi Flegrei,INGV_FDSN_EVENT_SERVICE
44729632,2025-11-25T17:49:46.069Z,40.826500,14.137333,1.600000,1.300000,Md,0.606050,SURVEY-INGV-OV#WESSEL,,,,--,Campi Flegrei,INGV_FDSN_EVENT_SERVICE
44729882,2025-11-25T18:48:47.690Z,40.813167,14.123667,2.600000,1.500000,Md,2.468002,SURVEY-INGV-OV#WESSEL,,,,--,Campi Flegrei,INGV_FDSN_EVENT_SERVICE
44730302,2025-11-25T20:39:16.519Z,40.832833,14.123500,2.100000,1.000000,Md,1.412823,SURVEY-INGV-OV#WESSEL,,,,--,Campi Flegrei,INGV_FDSN_EVENT_SERVICE
44730482,2025-11-25T22:15:36.930Z,40.827667,14.131500,2.200000,1.600000,Md,0.847032,SURVEY-INGV-OV#WESSEL,,,,--,Campi Flegrei,INGV_FDSN_EVENT_SERVICE
44730652,2025-11-25T22:21:54.200Z,40.828500,14.140167,2.700000,3.300000,Md,0.333597,SURVEY-INGV-OV#WESSEL,,,,--,Campi Flegrei,INGV_FDSN_EVENT_SERVICE
44730692,2025-11-25T22:27:11.970Z,40.826500,14.139333,2.900000,1.200000,Md,0.560741,SURVEY-INGV-OV#WESSEL,,,,--,Campi Flegrei,INGV_FDSN_EVENT_SERVICE
44730702,2025-11-25T22:28:05.589Z,40.827167,14.136667,1.900000,1.000000,Md,0.566127,SURVEY-INGV-OV#WESSEL,,,,--,Campi Flegrei,INGV_FDSN_EVENT_SERVICE
44730742,2025-11-25T22:34:23.619Z,40.828333,14.128500,2.000000,1.300000,Md,1.045487,SURVEY-INGV-OV#WESSEL,,,,--,Campi Flegrei,INGV_FDSN_EVENT_SERVICE
44730762,2025-11-25T22:35:06.529Z,40.827167,14.136000,2.500000,1.700000,Md,0.597506,SURVEY-INGV-OV#WESSEL,,,,--,Campi Flegrei,INGV_FDSN_EVENT_SERVICE
44730852,2025-11-25T22:51:23.640Z,40.826333,14.129667,1.800000,1.100000,Md,1.056166,SURVEY-INGV-OV#WESSEL,,,,--,Campi Flegrei,INGV_FDSN_EVENT_SERVICE
44734252,2025-11-26T20:08:04.769Z,40.805833,14.110833,4.100000,2.200000,Md,3.775265,SURVEY-INGV-OV#WESSEL,,,,--,Campi Flegrei,INGV_FDSN_EVENT_SERVICE
44734482,2025-11-26T22:11:59.150Z,40.825667,14.139333,0.800000,1.000000,Md,0.652690,SURVEY-INGV-OV#WESSEL,,,,--,Campi Flegrei,INGV_FDSN_EVENT_SERVICE
44735072,2025-11-27T01:01:03.450Z,40.820333,14.140167,1.700000,1.000000,Md,1.241719,SURVEY-INGV-OV#WESSEL,,,,--,Campi Flegrei,INGV_FDSN_EVENT_SERVICE
44735352,2025-11-27T04:42:50.859Z,40.797833,14.116500,4.200000,1.400000,Md,4.241763,SURVEY-INGV-OV#SiSmi,,,,--,Campi Flegrei,INGV_FDSN_EVENT_SERVICE
44735432,2025-11-27T05:04:44.539Z,40.796333,14.116500,3.600000,1.100000,Md,4.389678,SURVEY-INGV-OV#WESSEL,,,,--,Campi Flegrei,INGV_FDSN_EVENT_SERVICE
44738492,2025-11-27T18:08:43.390Z,40.819167,14.145667,0.300000,1.200000,Md,1.446463,SURVEY-INGV-OV#WESSEL,,,,--,Campi Flegrei,INGV_FDSN_EVENT_SERVICE
44738602,2025-11-27T18:11:47.210Z,40.817833,14.143667,0.100000,1.000000,Md,1.547450,SURVEY-INGV-OV#WESSEL,,,,--,Campi Flegrei,INGV_FDSN_EVENT_SERVICE
44739062,2025-11-27T23:43:02.119Z,40.820333,14.139500,1.200000,1.000000,Md,1.243112,SURVEY-INGV-OV#WESSEL,,,,--,Campi Flegrei,INGV_FDSN_EVENT_SERVICE
44738992,2025-11-27T23:43:52.390Z,40.824167,14.149000,1.200000,1.300000,Md,1.101404,SURVEY-INGV-OV#WESSEL,,,,--,Campi Flegrei,INGV_FDSN_EVENT_SERVICE
44739022,2025-11-27T23:44:57.460Z,40.823667,14.149000,1.200000,1.100000,Md,1.143177,SURVEY-INGV-OV#WESSEL,,,,--,Campi Flegrei,INGV_FDSN_EVENT_SERVICE
44739092,2025-11-28T00:39:13.289Z,40.825833,14.143167,1.400000,1.300000,Md,0.677789,SURVEY-INGV-OV#WESSEL,,,,--,Campi Flegrei,INGV_FDSN_EVENT_SERVICE
44739172,2025-11-28T00:39:57.119Z,40.825167,14.151667,1.100000,1.100000,Md,1.194470,SURVEY-INGV-OV#WESSEL,,,,--,Campi Flegrei,INGV_FDSN_EVENT_SERVICE
44739272,2025-11-28T02:14:29.200Z,40.830333,14.106500,2.000000,1.000000,Md,2.838314,SURVEY-INGV-OV#WESSEL,,,,--,Campi Flegrei,INGV_FDSN_EVENT_SERVICE
44739352,2025-11-28T02:25:21.500Z,40.832000,14.102167,2.800000,1.200000,Md,3.200346,SURVEY-INGV-OV#WESSEL,,,,--,Campi Flegrei,INGV_FDSN_EVENT_SERVICE
44739752,2025-11-28T06:28:54.180Z,40.823167,14.149000,0.900000,1.700000,Md,1.186086,SURVEY-INGV-OV#WESSEL,,,,--,Campi Flegrei,INGV_FDSN_EVENT_SERVICE
44739842,2025-11-28T06:39:15.130Z,40.824833,14.139833,0.400000,2.200000,Md,0.741980,SURVEY-INGV-OV#SiSmi,,,,--,Campi Flegrei,INGV_FDSN_EVENT_SERVICE
44740472,2025-11-28T08:06:38.549Z,40.804833,14.085667,2.400000,1.300000,Md,5.463668,SURVEY-INGV-OV#WESSEL,,,,--,Campi Flegrei,INGV_FDSN_EVENT_SERVICE
44740262,2025-11-28T08:17:59.140Z,40.824167,14.148167,1.600000,1.800000,Md,1.055563,SURVEY-INGV-OV#WESSEL,,,,--,Campi Flegrei,INGV_FDSN_EVENT_SERVICE
44740312,2025-11-28T08:20:00.900Z,40.821833,14.145333,1.800000,1.200000,Md,1.158443,SURVEY-INGV-OV#WESSEL,,,,--,Campi Flegrei,INGV_FDSN_EVENT_SERVICE
44740592,2025-11-28T08:20:19.569Z,40.823167,14.146833,0.900000,1.100000,Md,1.081683,SURVEY-INGV-OV#WESSEL,,,,--,Campi Flegrei,INGV_FDSN_EVENT_SERVICE
44740432,2025-11-28T08:22:52.619Z,40.821167,14.149000,1.400000,1.000000,Md,1.366895,SURVEY-INGV-OV#WESSEL,,,,--,Campi Flegrei,INGV_FDSN_EVENT_SERVICE
44740502,2025-11-28T08:38:36.349Z,40.821667,14.143833,1.000000,1.200000,Md,1.135308,SURVEY-INGV-OV#WESSEL,,,,--,Campi Flegrei,INGV_FDSN_EVENT_SERVICE
44741542,2025-11-28T14:02:21.190Z,40.822500,14.140000,0.400000,1.400000,Md,1.000897,SURVEY-INGV-OV#WESSEL,,,,--,Campi Flegrei,INGV_FDSN_EVENT_SERVICE
44741632,2025-11-28T14:34:36.680Z,40.832000,14.105667,2.700000,1.000000,Md,2.905926,SURVEY-INGV-OV#WESSEL,,,,--,Campi Flegrei,INGV_FDSN_EVENT_SERVICE
44741772,2025-11-28T15:09:01.839Z,40.823500,14.140833,1.000000,1.100000,Md,0.891154,SURVEY-INGV-OV#WESSEL,,,,--,Campi Flegrei,INGV_FDSN_EVENT_SERVICE
44741812,2025-11-28T15:29:30.250Z,40.826667,14.109333,2.300000,2.600000,Md,2.652083,SURVEY-INGV-OV#WESSEL,,,,--,Campi Flegrei,INGV_FDSN_EVENT_SERVICE
44741992,2025-11-28T15:29:41.279Z,40.828333,14.105167,1.300000,2.700000,Md,2.968505,SURVEY-INGV-OV#WESSEL,,,,--,Campi Flegrei,INGV_FDSN_EVENT_SERVICE
44742312,2025-11-28T16:59:41.750Z,40.830667,14.152833,1.300000,1.900000,Md,1.066902,SURVEY-INGV-OV#WESSEL,,,,--,Campi Flegrei,INGV_FDSN_EVENT_SERVICE
44751042,2025-12-01T04:51:38.980Z,40.824667,14.149000,1.200000,1.200000,Md,1.060901,SURVEY-INGV-OV#WESSEL,,,,--,Campi Flegrei,INGV_FDSN_EVENT_SERVICE
44751072,2025-12-01T04:54:43.160Z,40.826167,14.151833,1.600000,1.300000,Md,1.144398,SURVEY-INGV-OV#WESSEL,,,,--,Campi Flegrei,INGV_FDSN_EVENT_SERVICE
44752852,2025-12-01T12:59:28.250Z,40.833333,14.151667,2.300000,1.700000,Md,0.986048,SURVEY-INGV-OV#WESSEL,,,,--,Campi Flegrei,INGV_FDSN_EVENT_SERVICE
44752902,2025-12-01T13:00:42.420Z,40.835167,14.149833,2.200000,1.300000,Md,0.907237,SURVEY-INGV-OV#WESSEL,,,,--,Campi Flegrei,INGV_FDSN_EVENT_SERVICE
44753692,2025-12-01T16:33:50.849Z,40.838000,14.113167,2.900000,1.300000,Md,2.386373,SURVEY-INGV-OV#WESSEL,,,,--,Campi Flegrei,INGV_FDSN_EVENT_SERVICE
44761092,2025-12-03T22:54:45.920Z,40.828333,14.142000,1.400000,1.300000,Md,0.383339,SURVEY-INGV-OV#WESSEL,,,,--,Campi Flegrei,INGV_FDSN_EVENT_SERVICE
44766472,2025-12-05T12:41:16Z,40.822833,14.156500,2.800000,1.300000,Md,1.676222,SURVEY-INGV-OV#WESSEL,,,,--,Campi Flegrei,INGV_FDSN_EVENT_SERVICE
44772082,2025-12-07T05:00:39.509Z,40.829500,14.124333,2.800000,2.300000,Md,1.353374,SURVEY-INGV-OV#WESSEL,,,,--,Campi Flegrei,INGV_FDSN_EVENT_SERVICE
44772432,2025-12-07T07:43:29.789Z,40.836833,14.113833,2.900000,1.300000,Md,2.296171,SURVEY-INGV-OV#WESSEL,,,,--,Campi Flegrei,INGV_FDSN_EVENT_SERVICE
44788132,2025-12-11T10:07:50.289Z,40.835833,14.084333,2.900000,2.000000,Md,4.724800,SURVEY-INGV-OV#WESSEL,,,,--,Campi Flegrei,INGV_FDSN_EVENT_SERVICE
44800582,2025-12-14T07:58:15.009Z,40.829167,14.139667,1.900000,1.000000,Md,0.263266,SURVEY-INGV-OV#WESSEL,,,,--,Campi Flegrei,INGV_FDSN_EVENT_SERVICE
44802182,2025-12-14T15:24:15.910Z,40.839000,14.108500,2.800000,1.000000,Md,2.794255,SURVEY-INGV-OV#WESSEL,,,,--,Campi Flegrei,INGV_FDSN_EVENT_SERVICE
44804572,2025-12-15T06:47:52.440Z,40.844167,14.123667,2.800000,1.900000,Md,1.979490,SURVEY-INGV-OV#WESSEL,,,,--,Campi Flegrei,INGV_FDSN_EVENT_SERVICE
44804642,2025-12-15T06:51:12.309Z,40.821667,14.136000,2.100000,1.100000,Md,1.149072,SURVEY-INGV-OV#WESSEL,,,,--,Campi Flegrei,INGV_FDSN_EVENT_SERVICE
44820622,2025-12-18T17:16:14.960Z,40.824833,14.151000,2.400000,1.500000,Md,1.172735,SURVEY-INGV-OV#WESSEL,,,,--,Campi Flegrei,INGV_FDSN_EVENT_SERVICE
44821352,2025-12-19T03:42:52.470Z,40.826667,14.138667,3.400000,2.000000,Md,0.552668,SURVEY-INGV-OV#WESSEL,,,,--,Campi Flegrei,INGV_FDSN_EVENT_SERVICE
44821422,2025-12-19T03:50:13.259Z,40.823667,14.151833,2.700000,1.800000,Md,1.310212,SURVEY-INGV-OV#WESSEL,,,,--,Campi Flegrei,INGV_FDSN_EVENT_SERVICE
44823472,2025-12-19T13:15:00.589Z,40.820667,14.126833,2.300000,1.400000,Md,1.648024,SURVEY-INGV-OV#WESSEL,,,,--,Campi Flegrei,INGV_FDSN_EVENT_SERVICE
44826292,2025-12-20T09:35:46.049Z,40.825500,14.146000,2.100000,1.000000,Md,0.826596,SURVEY-INGV-OV#WESSEL,,,,--,Campi Flegrei,INGV_FDSN_EVENT_SERVICE
44831262,2025-12-21T16:33:14.079Z,40.826167,14.141667,2.200000,1.300000,Md,0.605713,SURVEY-INGV-OV#WESSEL,,,,--,Campi Flegrei,INGV_FDSN_EVENT_SERVICE
44837742,2025-12-23T10:11:06.519Z,40.811333,14.090667,1.800000,1.100000,Md,4.733004,SURVEY-INGV-OV#WESSEL,,,,--,Campi Flegrei,INGV_FDSN_EVENT_SERVICE
44839492,2025-12-23T23:42:15.950Z,40.824000,14.146333,2.000000,2.000000,Md,0.980701,SURVEY-INGV-OV#WESSEL,,,,--,Campi Flegrei,INGV_FDSN_EVENT_SERVICE
44839532,2025-12-23T23:42:54.329Z,40.820667,14.136667,0.600000,1.600000,Md,1.240715,SURVEY-INGV-OV#WESSEL,,,,--,Campi Flegrei,INGV_FDSN_EVENT_SERVICE
44842232,2025-12-24T17:20:08.170Z,40.803667,14.124167,4.600000,2.000000,Md,3.376199,SURVEY-INGV-OV#WESSEL,,,,--,Campi Flegrei,INGV_FDSN_EVENT_SERVICE
44842422,2025-12-24T18:18:40.150Z,40.803667,14.122833,4.300000,1.200000,Md,3.422607,SURVEY-INGV-OV#WESSEL,,,,--,Campi Flegrei,INGV_FDSN_EVENT_SERVICE
44845692,2025-12-26T12:14:50.950Z,40.811000,14.096667,3.800000,1.000000,Md,4.314510,SURVEY-INGV-OV#WESSEL,,,,--,Campi Flegrei,INGV_FDSN_EVENT_SERVICE
44847872,2025-12-27T07:51:04.079Z,40.823000,14.135000,1.500000,1.000000,Md,1.041515,SURVEY-INGV-OV#WESSEL,,,,--,Campi Flegrei,INGV_FDSN_EVENT_SERVICE
44850032,2025-12-27T16:22:15.009Z,40.823333,14.084333,3.000000,1.100000,Md,4.787532,SURVEY-INGV-OV#WESSEL,,,,--,Campi Flegrei,INGV_FDSN_EVENT_SERVICE
44853852,2025-12-28T17:15:40.579Z,40.820333,14.157167,2.900000,1.000000,Md,1.892081,SURVEY-INGV-OV#SiSmi,,,,--,Campi Flegrei,INGV_FDSN_EVENT_SERVICE
44860702,2025-12-29T12:36:02.359Z,40.837000,14.101833,2.400000,1.700000,Md,3.285268,SURVEY-INGV-OV#WESSEL,,,,--,Campi Flegrei,INGV_FDSN_EVENT_SERVICE
44860712,2025-12-29T12:42:28.190Z,40.834500,14.096667,3.500000,1.200000,Md,3.677690,SURVEY-INGV-OV#WESSEL,,,,--,Campi Flegrei,INGV_FDSN_EVENT_SERVICE
44862402,2025-12-30T00:10:27.039Z,40.818833,14.130333,0.700000,1.400000,Md,1.634986,SURVEY-INGV-OV#WESSEL,,,,--,Campi Flegrei,INGV_FDSN_EVENT_SERVICE
44865952,2025-12-30T12:40:47.730Z,40.829500,14.087667,2.700000,2.000000,Md,4.425478,SURVEY-INGV-OV#WESSEL,,,,--,Campi Flegrei,INGV_FDSN_EVENT_SERVICE
44868432,2025-12-30T20:21:35.230Z,40.807500,14.116000,3.700000,1.300000,Md,3.356911,SURVEY-INGV-OV#WESSEL,,,,--,Campi Flegrei,INGV_FDSN_EVENT_SERVICE
44870672,2025-12-31T08:56:37.890Z,40.840500,14.123000,2.700000,1.200000,Md,1.759360,SURVEY-INGV-OV#WESSEL,,,,--,Campi Flegrei,INGV_FDSN_EVENT_SERVICE
44874712,2026-01-01T02:27:21.430Z,40.831333,14.131333,1.600000,1.000000,Md,0.746250,SURVEY-INGV-OV#WESSEL,,,,--,Campi Flegrei,INGV_FDSN_EVENT_SERVICE
44894452,2026-01-03T07:52:59.650Z,40.828667,14.139667,2.800000,1.000000,Md,0.318192,SURVEY-INGV-OV#WESSEL,,,,--,Campi Flegrei,INGV_FDSN_EVENT_SERVICE
44909002,2026-01-05T09:33:59.670Z,40.836500,14.134000,1.700000,1.200000,Md,0.762357,SURVEY-INGV-OV#WESSEL,,,,--,Campi Flegrei,INGV_FDSN_EVENT_SERVICE
44909012,2026-01-05T09:35:26.150Z,40.835333,14.135500,1.900000,1.700000,Md,0.581388,SURVEY-INGV-OV#SiSmi,,,,--,Campi Flegrei,INGV_FDSN_EVENT_SERVICE
44909642,2026-01-05T12:54:22.220Z,40.829333,14.141000,2.800000,2.900000,Md,0.250184,SURVEY-INGV-OV#WESSEL,,,,--,Campi Flegrei,INGV_FDSN_EVENT_SERVICE
44911792,2026-01-06T02:23:02.359Z,40.827667,14.139333,2.400000,3.100000,Md,0.432408,SURVEY-INGV-OV#WESSEL,,,,--,Campi Flegrei,INGV_FDSN_EVENT_SERVICE
44911832,2026-01-06T02:24:19.450Z,40.829000,14.144167,2.700000,2.900000,Md,0.434370,SURVEY-INGV-OV#WESSEL,,,,--,Campi Flegrei,INGV_FDSN_EVENT_SERVICE
44911892,2026-01-06T02:25:43.180Z,40.837333,14.114167,2.700000,1.600000,Md,2.284189,SURVEY-INGV-OV#WESSEL,,,,--,Campi Flegrei,INGV_FDSN_EVENT_SERVICE
44912072,2026-01-06T04:19:57.519Z,40.837833,14.114500,3.000000,1.300000,Md,2.273932,SURVEY-INGV-OV#WESSEL,,,,--,Campi Flegrei,INGV_FDSN_EVENT_SERVICE
44920132,2026-01-08T16:44:08.099Z,40.828500,14.129500,2.700000,2.600000,Md,0.960073,SURVEY-INGV-OV#WESSEL,,,,--,Campi Flegrei,INGV_FDSN_EVENT_SERVICE
44920192,2026-01-08T16:45:07.819Z,40.824333,14.129500,2.800000,1.000000,Md,1.202338,SURVEY-INGV-OV#WESSEL,,,,--,Campi Flegrei,INGV_FDSN_EVENT_SERVICE
44920292,2026-01-08T17:28:44.539Z,40.827333,14.132000,2.600000,1.100000,Md,0.831075,SURVEY-INGV-OV#WESSEL,,,,--,Campi Flegrei,INGV_FDSN_EVENT_SERVICE
44920412,2026-01-08T17:48:02.440Z,40.826333,14.125000,2.700000,1.100000,Md,1.402020,SURVEY-INGV-OV#WESSEL,,,,--,Campi Flegrei,INGV_FDSN_EVENT_SERVICE
44920442,2026-01-08T17:53:39.230Z,40.828667,14.126000,2.700000,2.000000,Md,1.235563,SURVEY-INGV-OV#WESSEL,,,,--,Campi Flegrei,INGV_FDSN_EVENT_SERVICE
44920472,2026-01-08T17:55:41.450Z,40.826667,14.125000,2.800000,1.000000,Md,1.387211,SURVEY-INGV-OV#WESSEL,,,,--,Campi Flegrei,INGV_FDSN_EVENT_SERVICE
44943512,2026-01-13T06:52:54.589Z,40.828333,14.160833,2.800000,1.200000,Md,1.771340,SURVEY-INGV-OV#WESSEL,,,,--,Campi Flegrei,INGV_FDSN_EVENT_SERVICE
44948582,2026-01-14T08:03:14.980Z,40.833167,14.128833,2.500000,2.500000,Md,0.974139,SURVEY-INGV-OV#WESSEL,,,,--,Campi Flegrei,INGV_FDSN_EVENT_SERVICE
44948852,2026-01-14T08:03:40.769Z,40.836667,14.134000,2.000000,2.200000,Md,0.776003,SURVEY-INGV-OV#WESSEL,,,,--,Campi Flegrei,INGV_FDSN_EVENT_SERVICE
44948712,2026-01-14T08:13:53.220Z,40.835333,14.124167,1.600000,1.700000,Md,1.414618,SURVEY-INGV-OV#WESSEL,,,,--,Campi Flegrei,INGV_FDSN_EVENT_SERVICE
44961782,2026-01-16T20:33:55.440Z,40.832167,14.142000,2.500000,2.200000,Md,0.168627,SURVEY-INGV-OV#WESSEL,,,,--,Campi Flegrei,INGV_FDSN_EVENT_SERVICE
44968922,2026-01-18T14:37:30.640Z,40.802500,14.108333,2.200000,1.400000,Md,4.194028,SURVEY-INGV-OV#WESSEL,,,,--,Campi Flegrei,INGV_FDSN_EVENT_SERVICE
44983812,2026-01-21T14:34:23.180Z,40.837500,14.112000,1.800000,1.700000,Md,2.464500,SURVEY-INGV-OV#WESSEL,,,,--,Campi Flegrei,INGV_FDSN_EVENT_SERVICE
44803501,2026-01-27T00:57:41.119Z,40.825000,14.136667,1.900000,1.100000,Md,0.781510,SURVEY-INGV-OV#WESSEL,,,,--,Campi Flegrei,INGV_FDSN_EVENT_SERVICE
44803561,2026-01-27T01:09:49.880Z,40.841167,14.140833,1.900000,1.400000,Md,1.076241,SURVEY-INGV-OV#WESSEL,,,,--,Campi Flegrei,INGV_FDSN_EVENT_SERVICE
44829351,2026-02-01T05:13:55.789Z,40.810667,14.118500,2.900000,1.300000,Md,2.949672,SURVEY-INGV-OV#WESSEL,,,,--,Campi Flegrei,INGV_FDSN_EVENT_SERVICE
44840091,2026-02-04T00:28:20.690Z,40.831333,14.147167,2.600000,1.700000,Md,0.586458,SURVEY-INGV-OV#WESSEL,,,,--,Campi Flegrei,INGV_FDSN_EVENT_SERVICE
44842511,2026-02-04T15:04:41.069Z,40.840333,14.135333,1.600000,1.300000,Md,1.064116,SURVEY-INGV-OV#WESSEL,,,,--,Campi Flegrei,INGV_FDSN_EVENT_SERVICE
44843681,2026-02-05T01:14:45.500Z,40.815000,14.162500,1.800000,1.700000,Md,2.624341,SURVEY-INGV-OV#WESSEL,,,,--,Campi Flegrei,INGV_FDSN_EVENT_SERVICE
44844031,2026-02-05T07:13:34.309Z,40.817167,14.163000,2.400000,1.200000,Md,2.494109,SURVEY-INGV-OV#WESSEL,,,,--,Campi Flegrei,INGV_FDSN_EVENT_SERVICE
44865141,2026-02-09T10:58:37.180Z,40.816500,14.144167,1.000000,1.200000,Md,1.700999,SURVEY-INGV-OV#WESSEL,,,,--,Campi Flegrei,INGV_FDSN_EVENT_SERVICE
44866481,2026-02-09T16:28:39.529Z,40.825167,14.139500,0.900000,1.400000,Md,0.706657,SURVEY-INGV-OV#WESSEL,,,,--,Campi Flegrei,INGV_FDSN_EVENT_SERVICE
44875281,2026-02-11T18:12:24.660Z,40.831333,14.144000,2.200000,1.600000,Md,0.320249,SURVEY-INGV-OV#WESSEL,,,,--,Campi Flegrei,INGV_FDSN_EVENT_SERVICE
44877761,2026-02-12T12:49:34.480Z,40.830500,14.146000,2.200000,1.700000,Md,0.500490,SURVEY-INGV-OV#WESSEL,,,,--,Campi Flegrei,INGV_FDSN_EVENT_SERVICE
45163942,2026-02-14T09:51:06.140Z,40.825000,14.149000,0.900000,1.400000,Md,1.034703,SURVEY-INGV-OV#WESSEL,,,,--,Campi Flegrei,INGV_FDSN_EVENT_SERVICE
45164242,2026-02-14T09:51:11.359Z,40.823500,14.144333,0.400000,1.200000,Md,0.955116,SURVEY-INGV-OV#WESSEL,,,,--,Campi Flegrei,INGV_FDSN_EVENT_SERVICE
45164272,2026-02-14T09:51:20.390Z,40.824167,14.150333,0.900000,1.000000,Md,1.179727,SURVEY-INGV-OV#WESSEL,,,,--,Campi Flegrei,INGV_FDSN_EVENT_SERVICE
45164052,2026-02-14T09:56:23.309Z,40.826833,14.148667,1.300000,1.400000,Md,0.881365,SURVEY-INGV-OV#WESSEL,,,,--,Campi Flegrei,INGV_FDSN_EVENT_SERVICE
45164442,2026-02-14T11:12:02.200Z,40.825500,14.149000,1.100000,1.300000,Md,0.996659,SURVEY-INGV-OV#WESSEL,,,,--,Campi Flegrei,INGV_FDSN_EVENT_SERVICE
45164872,2026-02-14T12:21:53.430Z,40.832000,14.137333,2.000000,1.300000,Md,0.247536,SURVEY-INGV-OV#WESSEL,,,,--,Campi Flegrei,INGV_FDSN_EVENT_SERVICE
45164802,2026-02-14T12:22:17.119Z,40.832833,14.145000,2.300000,1.600000,Md,0.430182,SURVEY-INGV-OV#WESSEL,,,,--,Campi Flegrei,INGV_FDSN_EVENT_SERVICE
45168442,2026-02-16T04:59:35.140Z,40.811500,14.121167,2.700000,1.100000,Md,2.740576,SURVEY-INGV-OV#WESSEL,,,,--,Campi Flegrei,INGV_FDSN_EVENT_SERVICE
45168682,2026-02-16T06:49:06.509Z,40.829333,14.082333,2.900000,1.500000,Md,4.874630,SURVEY-INGV-OV#WESSEL,,,,--,Campi Flegrei,INGV_FDSN_EVENT_SERVICE
44895461,2026-02-17T03:53:37.380Z,40.844333,14.125667,2.400000,1.300000,Md,1.879094,SURVEY-INGV-OV#WESSEL,,,,--,Campi Flegrei,INGV_FDSN_EVENT_SERVICE
44899531,2026-02-17T22:12:38.410Z,40.838167,14.117833,2.900000,2.800000,Md,2.022500,SURVEY-INGV-OV#WESSEL,,,,--,Campi Flegrei,INGV_FDSN_EVENT_SERVICE
44899551,2026-02-17T22:12:49.910Z,40.837167,14.117000,2.800000,2.500000,Md,2.051028,SURVEY-INGV-OV#WESSEL,,,,--,Campi Flegrei,INGV_FDSN_EVENT_SERVICE
44899661,2026-02-17T23:24:27.710Z,40.833833,14.116500,2.200000,2.000000,Md,2.010749,SURVEY-INGV-OV#WESSEL,,,,--,Campi Flegrei,INGV_FDSN_EVENT_SERVICE
45199272,2026-02-22T03:16:27.200Z,40.809500,14.088667,3.800000,2.300000,Md,4.978830,SURVEY-INGV-OV#WESSEL,,,,--,Campi Flegrei,INGV_FDSN_EVENT_SERVICE
45206452,2026-02-23T16:19:13.690Z,40.826833,14.140333,1.500000,1.700000,Md,0.519068,SURVEY-INGV-OV#WESSEL,,,,--,Campi Flegrei,INGV_FDSN_EVENT_SERVICE
45209782,2026-02-24T10:40:43.730Z,40.811500,14.109667,4.500000,2.000000,Md,3.398060,SURVEY-INGV-OV#WESSEL,,,,--,Campi Flegrei,INGV_FDSN_EVENT_SERVICE
45213082,2026-02-24T22:39:19.130Z,40.842500,14.124000,4.000000,2.100000,Md,1.831249,SURVEY-INGV-OV#WESSEL,,,,--,Campi Flegrei,INGV_FDSN_EVENT_SERVICE
45218792,2026-02-25T23:35:23.759Z,40.831500,14.139000,2.300000,1.100000,Md,0.100961,SURVEY-INGV-OV#WESSEL,,,,--,Campi Flegrei,INGV_FDSN_EVENT_SERVICE
45232062,2026-02-28T10:19:07.200Z,40.835167,14.139833,2.700000,3.500000,Md,0.408920,SURVEY-INGV-OV#SiSmi,,,,--,Campi Flegrei,INGV_FDSN_EVENT_SERVICE
45232172,2026-02-28T10:20:52.329Z,40.831500,14.131333,2.000000,1.200000,Md,0.746018,SURVEY-INGV-OV#WESSEL,,,,--,Campi Flegrei,INGV_FDSN_EVENT_SERVICE
45231902,2026-02-28T10:22:06.450Z,40.833667,14.140167,2.700000,2.300000,Md,0.240976,SURVEY-INGV-OV#WESSEL,,,,--,Campi Flegrei,INGV_FDSN_EVENT_SERVICE
45232852,2026-02-28T12:51:19.950Z,40.831500,14.137167,2.700000,1.400000,Md,0.255179,SURVEY-INGV-OV#WESSEL,,,,--,Campi Flegrei,INGV_FDSN_EVENT_SERVICE
45233102,2026-02-28T13:38:52.660Z,40.831500,14.132000,1.700000,1.200000,Md,0.689900,SURVEY-INGV-OV#WESSEL,,,,--,Campi Flegrei,INGV_FDSN_EVENT_SERVICE
45245852,2026-03-02T19:06:44.640Z,40.810000,14.166333,9.400000,1.000000,Md,3.248257,SURVEY-INGV-OV#WESSEL,,,,--,Campi Flegrei,INGV_FDSN_EVENT_SERVICE
45256552,2026-03-04T02:28:41.960Z,40.823333,14.135833,1.800000,1.000000,Md,0.979648,SURVEY-INGV-OV#WESSEL,,,,--,Campi Flegrei,INGV_FDSN_EVENT_SERVICE
45266242,2026-03-05T01:39:11.940Z,40.817833,14.145500,0.300000,1.000000,Md,1.583785,SURVEY-INGV-OV#WESSEL,,,,--,Campi Flegrei,INGV_FDSN_EVENT_SERVICE
45266872,2026-03-05T04:04:17.160Z,40.828000,14.085667,2.800000,2.400000,Md,4.604686,SURVEY-INGV-OV#WESSEL,,,,--,Campi Flegrei,INGV_FDSN_EVENT_SERVICE
45270582,2026-03-05T11:38:13.049Z,40.833000,14.129333,2.700000,1.100000,Md,0.929365,SURVEY-INGV-OV#WESSEL,,,,--,Campi Flegrei,INGV_FDSN_EVENT_SERVICE
45285222,2026-03-07T17:33:44.990Z,40.826667,14.116500,1.800000,1.000000,Md,2.065200,SURVEY-INGV-OV#WESSEL,,,,--,Campi Flegrei,INGV_FDSN_EVENT_SERVICE
45293782,2026-03-08T13:33:41.089Z,40.802167,14.107333,3.700000,1.100000,Md,4.276507,SURVEY-INGV-OV#WESSEL,,,,--,Campi Flegrei,INGV_FDSN_EVENT_SERVICE
45385732,2026-03-20T10:49:07.299Z,40.825167,14.139000,0.800000,1.100000,Md,0.711400,SURVEY-INGV-OV#WESSEL,,,,--,Campi Flegrei,INGV_FDSN_EVENT_SERVICE
45390222,2026-03-20T22:02:53.539Z,40.816333,14.160500,2.800000,1.000000,Md,2.400404,SURVEY-INGV-OV#WESSEL,,,,--,Campi Flegrei,INGV_FDSN_EVENT_SERVICE
45396032,2026-03-21T14:02:15.430Z,40.805000,14.118000,4.200000,1.000000,Md,3.488962,SURVEY-INGV-OV#WESSEL,,,,--,Campi Flegrei,INGV_FDSN_EVENT_SERVICE
45395442,2026-03-21T15:48:16.420Z,40.836500,14.078667,2.000000,1.000000,Md,5.206602,SURVEY-INGV-OV#WESSEL,,,,--,Campi Flegrei,INGV_FDSN_EVENT_SERVICE
45399122,2026-03-21T20:53:30.569Z,40.809333,14.117500,3.900000,1.300000,Md,3.118376,SURVEY-INGV-OV#WESSEL,,,,--,Campi Flegrei,INGV_FDSN_EVENT_SERVICE
45400272,2026-03-22T02:22:32.799Z,40.834500,14.078333,3.000000,1.200000,Md,5.215689,SURVEY-INGV-OV#WESSEL,,,,--,Campi Flegrei,INGV_FDSN_EVENT_SERVICE
45485142,2026-04-01T16:10:27.849Z,40.830833,14.150833,2.500000,1.200000,Md,0.897672,SURVEY-INGV-OV#WESSEL,,,,--,Campi Flegrei,INGV_FDSN_EVENT_SERVICE
45488302,2026-04-02T06:10:09.119Z,40.823500,14.156333,2.700000,1.200000,Md,1.622930,SURVEY-INGV-OV#WESSEL,,,,--,Campi Flegrei,INGV_FDSN_EVENT_SERVICE
45492312,2026-04-02T15:50:09.130Z,40.822833,14.104500,1.300000,1.300000,Md,3.154600,SURVEY-INGV-OV#WESSEL,,,,--,Campi Flegrei,INGV_FDSN_EVENT_SERVICE
45497122,2026-04-03T07:59:38.720Z,40.836500,14.132333,2.700000,2.100000,Md,0.864387,SURVEY-INGV-OV#WESSEL,,,,--,Campi Flegrei,INGV_FDSN_EVENT_SERVICE
45502592,2026-04-03T21:14:08.710Z,40.817667,14.097667,2.800000,1.000000,Md,3.895397,SURVEY-INGV-OV#WESSEL,,,,--,Campi Flegrei,INGV_FDSN_EVENT_SERVICE
45511822,2026-04-05T04:05:51.190Z,40.823333,14.140000,3.000000,1.400000,Md,0.908286,SURVEY-INGV-OV#WESSEL,,,,--,Campi Flegrei,INGV_FDSN_EVENT_SERVICE
45515042,2026-04-05T14:33:22.430Z,40.819500,14.145167,1.000000,2.100000,Md,1.398261,SURVEY-INGV-OV#WESSEL,,,,--,Campi Flegrei,INGV_FDSN_EVENT_SERVICE
45515212,2026-04-05T14:34:02.390Z,40.820333,14.145333,1.500000,1.700000,Md,1.314683,SURVEY-INGV-OV#WESSEL,,,,--,Campi Flegrei,INGV_FDSN_EVENT_SERVICE
45518662,2026-04-06T02:51:50.130Z,40.821000,14.147167,1.300000,1.800000,Md,1.306450,SURVEY-INGV-OV#WESSEL,,,,--,Campi Flegrei,INGV_FDSN_EVENT_SERVICE
45518742,2026-04-06T02:52:13.460Z,40.820333,14.138833,1.600000,1.500000,Md,1.247031,SURVEY-INGV-OV#WESSEL,,,,--,Campi Flegrei,INGV_FDSN_EVENT_SERVICE
45526562,2026-04-07T02:32:57.920Z,40.824667,14.143667,2.400000,3.300000,Md,0.813870,SURVEY-INGV-OV#SiSmi,,,,--,Campi Flegrei,INGV_FDSN_EVENT_SERVICE
45526702,2026-04-07T02:34:32.970Z,40.824167,14.144167,2.300000,1.600000,Md,0.881065,SURVEY-INGV-OV#WESSEL,,,,--,Campi Flegrei,INGV_FDSN_EVENT_SERVICE
45526392,2026-04-07T02:38:34.619Z,40.824667,14.143667,2.500000,2.600000,Md,0.813870,SURVEY-INGV-OV#WESSEL,,,,--,Campi Flegrei,INGV_FDSN_EVENT_SERVICE
45536842,2026-04-08T12:38:59.079Z,40.824167,14.133000,0.600000,2.300000,Md,1.015805,SURVEY-INGV-OV#WESSEL,,,,--,Campi Flegrei,INGV_FDSN_EVENT_SERVICE
45537202,2026-04-08T13:19:59.130Z,40.823167,14.134000,0.500000,1.700000,Md,1.063344,SURVEY-INGV-OV#WESSEL,,,,--,Campi Flegrei,INGV_FDSN_EVENT_SERVICE
45537492,2026-04-08T13:32:57.140Z,40.822500,14.136667,0.600000,1.100000,Md,1.043973,SURVEY-INGV-OV#WESSEL,,,,--,Campi Flegrei,INGV_FDSN_EVENT_SERVICE
45537922,2026-04-08T14:48:57.299Z,40.824167,14.132833,0.900000,3.400000,Md,1.024247,SURVEY-INGV-OV#WESSEL,,,,--,Campi Flegrei,INGV_FDSN_EVENT_SERVICE
45538022,2026-04-08T14:51:19.369Z,40.823667,14.134833,0.700000,1.100000,Md,0.981094,SURVEY-INGV-OV#WESSEL,,,,--,Campi Flegrei,INGV_FDSN_EVENT_SERVICE
45540192,2026-04-09T01:43:58.039Z,40.821667,14.137500,1.300000,1.300000,Md,1.116733,SURVEY-INGV-OV#WESSEL,,,,--,Campi Flegrei,INGV_FDSN_EVENT_SERVICE
45547622,2026-04-09T19:20:57.089Z,40.832667,14.127500,1.600000,1.300000,Md,1.076345,SURVEY-INGV-OV#WESSEL,,,,--,Campi Flegrei,INGV_FDSN_EVENT_SERVICE
45577862,2026-04-13T21:12:54.710Z,40.838667,14.114667,2.500000,1.900000,Md,2.291148,SURVEY-INGV-OV#WESSEL,,,,--,Campi Flegrei,INGV_FDSN_EVENT_SERVICE
45582652,2026-04-14T19:18:14.450Z,40.836500,14.146833,2.500000,1.000000,Md,0.787730,SURVEY-INGV-OV#WESSEL,,,,--,Campi Flegrei,INGV_FDSN_EVENT_SERVICE
45599912,2026-04-17T02:05:02.319Z,40.822833,14.147000,1.300000,1.600000,Md,1.120770,SURVEY-INGV-OV#WESSEL,,,,--,Campi Flegrei,INGV_FDSN_EVENT_SERVICE
45625552,2026-04-20T08:57:19.779Z,40.833833,14.131667,2.100000,1.000000,Md,0.763338,SURVEY-INGV-OV#WESSEL,,,,--,Campi Flegrei,INGV_FDSN_EVENT_SERVICE
45668002,2026-04-25T02:47:05.210Z,40.820833,14.138000,2.800000,1.800000,Md,1.200476,SURVEY-INGV-OV#WESSEL,,,,--,Campi Flegrei,INGV_FDSN_EVENT_SERVICE
45691952,2026-04-27T10:42:07.160Z,40.828167,14.139167,1.100000,1.100000,Md,0.380668,SURVEY-INGV-OV#WESSEL,,,,--,Campi Flegrei,INGV_FDSN_EVENT_SERVICE
45769772,2026-05-05T23:26:49.519Z,40.836667,14.120667,3.000000,1.900000,Md,1.740871,SURVEY-INGV-OV#WESSEL,,,,--,Campi Flegrei,INGV_FDSN_EVENT_SERVICE
45776472,2026-05-06T14:32:39.880Z,40.800500,14.124000,4.600000,1.500000,Md,3.706845,SURVEY-INGV-OV#WESSEL,,,,--,Campi Flegrei,INGV_FDSN_EVENT_SERVICE
45776522,2026-05-06T14:33:06.680Z,40.797333,14.124167,3.900000,1.000000,Md,4.031683,SURVEY-INGV-OV#WESSEL,,,,--,Campi Flegrei,INGV_FDSN_EVENT_SERVICE
45799352,2026-05-09T13:37:01.130Z,40.802500,14.084333,3.900000,1.000000,Md,5.700975,SURVEY-INGV-OV#WESSEL,,,,--,Campi Flegrei,INGV_FDSN_EVENT_SERVICE
45801502,2026-05-09T18:37:28.250Z,40.801333,14.120333,4.600000,1.400000,Md,3.747974,SURVEY-INGV-OV#WESSEL,,,,--,Campi Flegrei,INGV_FDSN_EVENT_SERVICE
45823392,2026-05-11T18:59:33Z,40.821833,14.125833,1.800000,1.200000,Md,1.617641,SURVEY-INGV-OV#WESSEL,,,,--,Campi Flegrei,INGV_FDSN_EVENT_SERVICE
45825532,2026-05-12T00:11:19.900Z,40.816833,14.142667,1.600000,1.800000,Md,1.644056,SURVEY-INGV-OV#WESSEL,,,,--,Campi Flegrei,INGV_FDSN_EVENT_SERVICE
45838302,2026-05-12T14:06:11.230Z,40.839667,14.106500,2.900000,2.600000,Md,2.977038,SURVEY-INGV-OV#WESSEL,,,,--,Campi Flegrei,INGV_FDSN_EVENT_SERVICE
45861022,2026-05-14T16:38:04.549Z,40.831500,14.125000,2.200000,1.000000,Md,1.278839,SURVEY-INGV-OV#WESSEL,,,,--,Campi Flegrei,INGV_FDSN_EVENT_SERVICE
45873972,2026-05-15T05:30:51.849Z,40.839000,14.114667,2.900000,1.000000,Md,2.304284,SURVEY-INGV-OV#WESSEL,,,,--,Campi Flegrei,INGV_FDSN_EVENT_SERVICE
45883792,2026-05-16T01:58:40.990Z,40.798333,14.117167,4.600000,1.000000,Md,4.166364,SURVEY-INGV-OV#WESSEL,,,,--,Campi Flegrei,INGV_FDSN_EVENT_SERVICE
45900972,2026-05-17T22:57:34.619Z,40.828000,14.137333,2.400000,2.300000,Md,0.457875,SURVEY-INGV-OV#WESSEL,,,,--,Campi Flegrei,INGV_FDSN_EVENT_SERVICE
45901232,2026-05-17T23:58:06.930Z,40.832833,14.118833,2.600000,1.300000,Md,1.803777,SURVEY-INGV-OV#WESSEL,,,,--,Campi Flegrei,INGV_FDSN_EVENT_SERVICE
45911592,2026-05-19T05:58:03.670Z,40.827500,14.139000,1.000000,1.000000,Md,0.456096,SURVEY-INGV-OV#WESSEL,,,,--,Campi Flegrei,INGV_FDSN_EVENT_SERVICE
45926592,2026-05-21T00:17:55.470Z,40.802500,14.111833,4.600000,1.300000,Md,4.012098,SURVEY-INGV-OV#WESSEL,,,,--,Campi Flegrei,INGV_FDSN_EVENT_SERVICE
45927482,2026-05-21T03:50:52.069Z,40.806000,14.106167,3.100000,4.400000,Md,4.030108,SURVEY-INGV-OV#WESSEL,,,,--,Campi Flegrei,INGV_FDSN_EVENT_SERVICE
45927692,2026-05-21T03:53:46.250Z,40.799500,14.101833,3.700000,1.200000,Md,4.804783,SURVEY-INGV-OV#WESSEL,,,,--,Campi Flegrei,INGV_FDSN_EVENT_SERVICE
45927742,2026-05-21T03:57:37.210Z,40.803333,14.105000,3.000000,2.100000,Md,4.310912,SURVEY-INGV-OV#WESSEL,,,,--,Campi Flegrei,INGV_FDSN_EVENT_SERVICE
46012162,2026-05-22T22:55:36.680Z,40.817500,14.090167,3.000000,1.900000,Md,4.488531,SURVEY-INGV-OV#WESSEL,,,,--,Campi Flegrei,INGV_FDSN_EVENT_SERVICE
46022032,2026-05-23T21:35:26.220Z,40.831333,14.148167,2.900000,1.700000,Md,0.670555,SURVEY-INGV-OV#WESSEL,,,,--,Campi Flegrei,INGV_FDSN_EVENT_SERVICE
46027242,2026-05-24T14:08:30.970Z,40.836333,14.134667,2.600000,1.300000,Md,0.710980,SURVEY-INGV-OV#WESSEL,,,,--,Campi Flegrei,INGV_FDSN_EVENT_SERVICE
46039252,2026-05-25T18:13:55.019Z,40.805000,14.106833,3.300000,1.500000,Md,4.070254,SURVEY-INGV-OV#WESSEL,,,,--,Campi Flegrei,INGV_FDSN_EVENT_SERVICE
46048062,2026-05-27T01:09:12.140Z,40.833667,14.127000,2.400000,1.300000,Md,1.136393,SURVEY-INGV-OV#WESSEL,,,,--,Campi Flegrei,INGV_FDSN_EVENT_SERVICE
46048282,2026-05-27T01:09:29.200Z,40.842000,14.134167,1.800000,1.100000,Md,1.273094,SURVEY-INGV-OV#WESSEL,,,,--,Campi Flegrei,INGV_FDSN_EVENT_SERVICE
46048132,2026-05-27T01:13:00.529Z,40.841167,14.134667,1.600000,1.600000,Md,1.171380,SURVEY-INGV-OV#WESSEL,,,,--,Campi Flegrei,INGV_FDSN_EVENT_SERVICE
46067852,2026-05-28T18:25:59.980Z,40.817167,14.086000,3.800000,1.200000,Md,4.831027,SURVEY-INGV-OV#WESSEL,,,,--,Campi Flegrei,INGV_FDSN_EVENT_SERVICE
46095402,2026-05-31T16:47:59.559Z,40.829167,14.130333,1.800000,1.900000,Md,0.869755,SURVEY-INGV-OV#WESSEL,,,,--,Campi Flegrei,INGV_FDSN_EVENT_SERVICE
46107442,2026-06-01T22:06:58.180Z,40.821167,14.149000,0.300000,1.500000,Md,1.366895,SURVEY-INGV-OV#WESSEL,,,,--,Campi Flegrei,INGV_FDSN_EVENT_SERVICE
46115852,2026-06-02T22:30:39.140Z,40.839500,14.114667,2.900000,1.700000,Md,2.324976,SURVEY-INGV-OV#WESSEL,,,,--,Campi Flegrei,INGV_FDSN_EVENT_SERVICE
46127642,2026-06-03T22:06:57.059Z,40.829167,14.143500,2.700000,1.400000,Md,0.379982,SURVEY-INGV-OV#WESSEL,,,,--,Campi Flegrei,INGV_FDSN_EVENT_SERVICE
46148392,2026-06-07T00:07:53.579Z,40.838833,14.125833,2.800000,1.200000,Md,1.458011,SURVEY-INGV-OV#WESSEL,,,,--,Campi Flegrei,INGV_FDSN_EVENT_SERVICE
46155752,2026-06-08T02:00:52.789Z,40.833333,14.141333,2.200000,1.300000,Md,0.225009,SURVEY-INGV-OV#WESSEL,,,,--,Campi Flegrei,INGV_FDSN_EVENT_SERVICE
46165752,2026-06-09T02:13:13.410Z,40.835333,14.138500,2.600000,1.200000,Md,0.449568,SURVEY-INGV-OV#WESSEL,,,,--,Campi Flegrei,INGV_FDSN_EVENT_SERVICE
46194962,2026-06-11T15:53:59.529Z,40.823500,14.132667,1.800000,1.700000,Md,1.092267,SURVEY-INGV-OV#WESSEL,,,,--,Campi Flegrei,INGV_FDSN_EVENT_SERVICE
46235512,2026-06-16T05:20:49.700Z,40.804500,14.136333,4.100000,1.200000,Md,3.019851,SURVEY-INGV-OV#WESSEL,,,,--,Campi Flegrei,INGV_FDSN_EVENT_SERVICE
46253852,2026-06-17T15:54:06.980Z,40.811333,14.105333,2.900000,1.400000,Md,3.692797,SURVEY-INGV-OV#WESSEL,,,,--,Campi Flegrei,INGV_FDSN_EVENT_SERVICE
46289422,2026-06-21T15:23:35.079Z,40.826000,14.139500,1.400000,1.100000,Md,0.614402,SURVEY-INGV-OV#WESSEL,,,,--,Campi Flegrei,INGV_FDSN_EVENT_SERVICE
46291622,2026-06-21T22:20:29.230Z,40.823333,14.138500,2.500000,1.100000,Md,0.919326,SURVEY-INGV-OV#WESSEL,,,,--,Campi Flegrei,INGV_FDSN_EVENT_SERVICE
46291932,2026-06-22T00:24:07.859Z,40.826833,14.142833,2.300000,1.000000,Md,0.564255,SURVEY-INGV-OV#WESSEL,,,,--,Campi Flegrei,INGV_FDSN_EVENT_SERVICE
46292242,2026-06-22T02:47:29.420Z,40.821833,14.160500,2.800000,1.100000,Md,2.018140,SURVEY-INGV-OV#WESSEL,,,,--,Campi Flegrei,INGV_FDSN_EVENT_SERVICE
46317822,2026-06-24T01:02:59.779Z,40.836333,14.117167,2.600000,3.000000,Md,2.010931,SURVEY-INGV-OV#WESSEL,,,,--,Campi Flegrei,INGV_FDSN_EVENT_SERVICE
46318142,2026-06-24T01:03:53.779Z,40.831500,14.140167,2.500000,1.400000,Md,0.002776,SURVEY-INGV-OV#WESSEL,,,,--,Campi Flegrei,INGV_FDSN_EVENT_SERVICE
46317982,2026-06-24T01:14:28.490Z,40.846833,14.117167,3.600000,1.100000,Md,2.580951,SURVEY-INGV-OV#WESSEL,,,,--,Campi Flegrei,INGV_FDSN_EVENT_SERVICE
46318012,2026-06-24T01:14:55.730Z,40.837000,14.115167,3.300000,2.100000,Md,2.193043,SURVEY-INGV-OV#WESSEL,,,,--,Campi Flegrei,INGV_FDSN_EVENT_SERVICE
46318312,2026-06-24T01:15:35.930Z,40.847667,14.124333,3.500000,1.400000,Md,2.239055,SURVEY-INGV-OV#WESSEL,,,,--,Campi Flegrei,INGV_FDSN_EVENT_SERVICE
46318152,2026-06-24T01:16:00.380Z,40.845000,14.119333,3.700000,1.300000,Md,2.309763,SURVEY-INGV-OV#WESSEL,,,,--,Campi Flegrei,INGV_FDSN_EVENT_SERVICE
46319052,2026-06-24T05:20:13.150Z,40.834500,14.082167,2.800000,1.800000,Md,4.893830,SURVEY-INGV-OV#WESSEL,,,,--,Campi Flegrei,INGV_FDSN_EVENT_SERVICE
46330842,2026-06-25T02:17:52.970Z,40.832000,14.092000,2.600000,3.600000,Md,4.055633,SURVEY-INGV-OV#WESSEL,,,,--,Campi Flegrei,INGV_FDSN_EVENT_SERVICE
46331012,2026-06-25T02:18:39.670Z,40.838500,14.075833,1.800000,1.300000,Md,5.470832,SURVEY-INGV-OV#WESSEL,,,,--,Campi Flegrei,INGV_FDSN_EVENT_SERVICE
46334232,2026-06-25T09:41:27.490Z,40.823000,14.143000,1.600000,1.300000,Md,0.974078,SURVEY-INGV-OV#WESSEL,,,,--,Campi Flegrei,INGV_FDSN_EVENT_SERVICE
46338922,2026-06-25T14:37:34.140Z,40.835667,14.091667,2.500000,1.400000,Md,4.109361,SURVEY-INGV-OV#WESSEL,,,,--,Campi Flegrei,INGV_FDSN_EVENT_SERVICE
46356642,2026-06-27T11:54:35.500Z,40.836833,14.136833,2.600000,1.200000,Md,0.657186,SURVEY-INGV-OV#WESSEL,,,,--,Campi Flegrei,INGV_FDSN_EVENT_SERVICE
46370772,2026-06-29T05:00:02.690Z,40.834333,14.139667,2.500000,1.700000,Md,0.318191,SURVEY-INGV-OV#WESSEL,,,,--,Campi Flegrei,INGV_FDSN_EVENT_SERVICE
46383302,2026-06-29T23:08:38.160Z,40.822833,14.130667,2.500000,1.800000,Md,1.253851,SURVEY-INGV-OV#WESSEL,,,,--,Campi Flegrei,INGV_FDSN_EVENT_SERVICE
46383452,2026-06-30T00:54:36.589Z,40.822833,14.130000,2.000000,1.200000,Md,1.290473,SURVEY-INGV-OV#SiSmi,,,,--,Campi Flegrei,INGV_FDSN_EVENT_SERVICE
46409542,2026-07-01T22:28:41.670Z,40.831333,14.126333,2.500000,1.000000,Md,1.166838,SURVEY-INGV-OV#WESSEL,,,,--,Campi Flegrei,INGV_FDSN_EVENT_SERVICE
46409602,2026-07-01T22:34:48.539Z,40.831000,14.134500,2.700000,1.800000,Md,0.482779,SURVEY-INGV-OV#WESSEL,,,,--,Campi Flegrei,INGV_FDSN_EVENT_SERVICE
46410022,2026-07-01T22:36:44.170Z,40.833167,14.127500,2.600000,1.000000,Md,1.084450,SURVEY-INGV-OV#WESSEL,,,,--,Campi Flegrei,INGV_FDSN_EVENT_SERVICE
46410012,2026-07-01T22:43:37.490Z,40.830167,14.130833,2.700000,1.300000,Md,0.801910,SURVEY-INGV-OV#SiSmi,,,,--,Campi Flegrei,INGV_FDSN_EVENT_SERVICE
46409812,2026-07-01T22:46:13.380Z,40.831333,14.133833,2.600000,1.300000,Md,0.536005,SURVEY-INGV-OV#WESSEL,,,,--,Campi Flegrei,INGV_FDSN_EVENT_SERVICE
46409902,2026-07-01T22:52:32.900Z,40.831500,14.130000,2.400000,1.200000,Md,0.858169,SURVEY-INGV-OV#SiSmi,,,,--,Campi Flegrei,INGV_FDSN_EVENT_SERVICE
46436492,2026-07-04T04:01:16.869Z,40.825000,14.138667,0.800000,1.900000,Md,0.734187,SURVEY-INGV-OV#WESSEL,,,,--,Campi Flegrei,INGV_FDSN_EVENT_SERVICE
46436642,2026-07-04T04:01:41.059Z,40.825167,14.143333,0.900000,1.000000,Md,0.751920,SURVEY-INGV-OV#WESSEL,,,,--,Campi Flegrei,INGV_FDSN_EVENT_SERVICE
46461782,2026-07-06T08:52:54.170Z,40.825667,14.129333,2.000000,1.500000,Md,1.121015,SURVEY-INGV-OV#WESSEL,,,,--,Campi Flegrei,INGV_FDSN_EVENT_SERVICE
46470052,2026-07-06T23:40:01.390Z,40.826833,14.092000,2.100000,1.400000,Md,4.088478,SURVEY-INGV-OV#WESSEL,,,,--,Campi Flegrei,INGV_FDSN_EVENT_SERVICE
46470272,2026-07-07T01:50:22.849Z,40.827833,14.092000,2.200000,1.400000,Md,4.075826,SURVEY-INGV-OV#WESSEL,,,,--,Campi Flegrei,INGV_FDSN_EVENT_SERVICE
46528472,2026-07-12T11:39:06.039Z,40.835333,14.124667,2.600000,1.200000,Md,1.374565,SURVEY-INGV-OV#WESSEL,,,,--,Campi Flegrei,INGV_FDSN_EVENT_SERVICE
46612132,2026-07-21T10:36:59.160Z,40.833167,14.127167,1.700000,1.200000,Md,1.112064,SURVEY-INGV-OV#WESSEL,,,,--,Campi Flegrei,INGV_FDSN_EVENT_SERVICE
46629822,2026-07-22T21:08:26.789Z,40.822500,14.137333,1.500000,1.100000,Md,1.029419,SURVEY-INGV-OV#WESSEL,,,,--,Campi Flegrei,INGV_FDSN_EVENT_SERVICE
46640352,2026-07-23T16:49:09.660Z,40.828167,14.145833,2.400000,1.200000,Md,0.601642,SURVEY-INGV-OV#WESSEL,,,,--,Campi Flegrei,INGV_FDSN_EVENT_SERVICE
46676762,2026-07-26T14:58:20.309Z,40.821167,14.141333,2.300000,1.100000,Md,1.152927,SURVEY-INGV-OV#WESSEL,,,,--,Campi Flegrei,INGV_FDSN_EVENT_SERVICE
46676782,2026-07-26T14:58:49.220Z,40.821833,14.141167,2.200000,1.200000,Md,1.077998,SURVEY-INGV-OV#WESSEL,,,,--,Campi Flegrei,INGV_FDSN_EVENT_SERVICE
46676832,2026-07-26T15:00:10.309Z,40.821167,14.141167,2.400000,1.600000,Md,1.151856,SURVEY-INGV-OV#WESSEL,,,,--,Campi Flegrei,INGV_FDSN_EVENT_SERVICE
46676872,2026-07-26T15:00:56.599Z,40.821333,14.140833,2.200000,1.100000,Md,1.131774,SURVEY-INGV-OV#WESSEL,,,,--,Campi Flegrei,INGV_FDSN_EVENT_SERVICE
46678942,2026-07-26T18:59:58Z,40.826500,14.146833,2.300000,1.000000,Md,0.787760,SURVEY-INGV-OV#WESSEL,,,,--,Campi Flegrei,INGV_FDSN_EVENT_SERVICE
46678952,2026-07-26T19:00:19.240Z,40.822167,14.141667,1.600000,1.100000,Md,1.045098,SURVEY-INGV-OV#WESSEL,,,,--,Campi Flegrei,INGV_FDSN_EVENT_SERVICE
46681722,2026-07-27T05:48:30.049Z,40.818500,14.162333,2.200000,2.100000,Md,2.357504,SURVEY-INGV-OV#WESSEL,,,,--,Campi Flegrei,INGV_FDSN_EVENT_SERVICE
46688922,2026-07-28T01:23:24.539Z,40.820167,14.160667,2.400000,1.300000,Md,2.133949,SURVEY-INGV-OV#WESSEL,,,,--,Campi Flegrei,INGV_FDSN_EVENT_SERVICE
46706912,2026-07-30T00:43:35.809Z,40.807167,14.109500,4.000000,1.200000,Md,3.740960,SURVEY-INGV-OV#WESSEL,,,,--,Campi Flegrei,INGV_FDSN_EVENT_SERVICE
46707092,2026-07-30T01:39:43.119Z,40.807500,14.109500,3.600000,2.300000,Md,3.714263,SURVEY-INGV-OV#WESSEL,,,,--,Campi Flegrei,INGV_FDSN_EVENT_SERVICE
46718092,2026-07-31T04:23:38.410Z,40.804833,14.152167,3.500000,1.700000,Md,3.131575,SURVEY-INGV-OV#WESSEL,,,,--,Campi Flegrei,INGV_FDSN_EVENT_SERVICE
