experiment_id,block_id,relation_id,source_id,target_id,estimator_id,direction,status,estimability,strength,absolute_strength,sign,uncertainty,sample_count,persistence,window_id,timestamp_utc,p_value,non_estimable_reason
CGIE3_ID_02,2025-01,spearman::depth_mad_km--event_count,depth_mad_km,event_count,spearman,undirected,candidate,estimable,-0.02045562732,0.02045562732,-1,,187,,1d,2025-01-31T23:00:00+00:00,0.7811044996,
CGIE3_ID_02,2025-01,spearman::depth_mad_km--interevent_time_mad_hours,depth_mad_km,interevent_time_mad_hours,spearman,undirected,candidate,estimable,0.1912996706,0.1912996706,1,,187,,1d,2025-01-31T23:00:00+00:00,0.008723345141,
CGIE3_ID_02,2025-01,spearman::depth_mad_km--log10_cumulative_energy_joule,depth_mad_km,log10_cumulative_energy_joule,spearman,undirected,candidate,estimable,-0.7110214809,0.7110214809,-1,,187,,1d,2025-01-31T23:00:00+00:00,4.167123862e-30,
CGIE3_ID_02,2025-01,spearman::depth_mad_km--maximum_magnitude,depth_mad_km,maximum_magnitude,spearman,undirected,candidate,estimable,-0.703927469,0.703927469,-1,,187,,1d,2025-01-31T23:00:00+00:00,2.700590857e-29,
CGIE3_ID_02,2025-01,spearman::depth_mad_km--median_depth_km,depth_mad_km,median_depth_km,spearman,undirected,candidate,estimable,0.4734293237,0.4734293237,1,,187,,1d,2025-01-31T23:00:00+00:00,7.76272329e-12,
CGIE3_ID_02,2025-01,spearman::depth_mad_km--median_interevent_time_hours,depth_mad_km,median_interevent_time_hours,spearman,undirected,candidate,estimable,0.4092746578,0.4092746578,1,,187,,1d,2025-01-31T23:00:00+00:00,6.027677318e-09,
CGIE3_ID_02,2025-01,spearman::depth_mad_km--spatial_dispersion_km,depth_mad_km,spatial_dispersion_km,spearman,undirected,candidate,estimable,0.4409650909,0.4409650909,1,,187,,1d,2025-01-31T23:00:00+00:00,2.677719087e-10,
CGIE3_ID_02,2025-01,spearman::event_count--interevent_time_mad_hours,event_count,interevent_time_mad_hours,spearman,undirected,candidate,estimable,0.847176665,0.847176665,1,,187,,1d,2025-01-31T23:00:00+00:00,1.067725e-52,
CGIE3_ID_02,2025-01,spearman::event_count--log10_cumulative_energy_joule,event_count,log10_cumulative_energy_joule,spearman,undirected,candidate,estimable,0.5651811643,0.5651811643,1,,349,,1d,2025-01-31T23:00:00+00:00,7.587895877e-31,
CGIE3_ID_02,2025-01,spearman::event_count--maximum_magnitude,event_count,maximum_magnitude,spearman,undirected,candidate,estimable,0.4997629668,0.4997629668,1,,349,,1d,2025-01-31T23:00:00+00:00,1.887864933e-23,
CGIE3_ID_02,2025-01,spearman::event_count--median_depth_km,event_count,median_depth_km,spearman,undirected,candidate,estimable,-0.2320502134,0.2320502134,-1,,349,,1d,2025-01-31T23:00:00+00:00,1.189920833e-05,
CGIE3_ID_02,2025-01,spearman::event_count--median_interevent_time_hours,event_count,median_interevent_time_hours,spearman,undirected,candidate,estimable,0.03590293495,0.03590293495,1,,187,,1d,2025-01-31T23:00:00+00:00,0.6256698443,
CGIE3_ID_02,2025-01,spearman::event_count--spatial_dispersion_km,event_count,spatial_dispersion_km,spearman,undirected,candidate,estimable,0.0928548916,0.0928548916,1,,187,,1d,2025-01-31T23:00:00+00:00,0.2062335512,
CGIE3_ID_02,2025-01,spearman::interevent_time_mad_hours--log10_cumulative_energy_joule,interevent_time_mad_hours,log10_cumulative_energy_joule,spearman,undirected,candidate,estimable,0.1160961332,0.1160961332,1,,187,,1d,2025-01-31T23:00:00+00:00,0.1135808932,
CGIE3_ID_02,2025-01,spearman::interevent_time_mad_hours--maximum_magnitude,interevent_time_mad_hours,maximum_magnitude,spearman,undirected,candidate,estimable,0.0748898138,0.0748898138,1,,187,,1d,2025-01-31T23:00:00+00:00,0.308360936,
CGIE3_ID_02,2025-01,spearman::interevent_time_mad_hours--median_depth_km,interevent_time_mad_hours,median_depth_km,spearman,undirected,candidate,estimable,0.5682126077,0.5682126077,1,,187,,1d,2025-01-31T23:00:00+00:00,2.217899452e-17,
CGIE3_ID_02,2025-01,spearman::interevent_time_mad_hours--median_interevent_time_hours,interevent_time_mad_hours,median_interevent_time_hours,spearman,undirected,candidate,estimable,0.2119375181,0.2119375181,1,,187,,1d,2025-01-31T23:00:00+00:00,0.00359212225,
CGIE3_ID_02,2025-01,spearman::interevent_time_mad_hours--spatial_dispersion_km,interevent_time_mad_hours,spatial_dispersion_km,spearman,undirected,candidate,estimable,0.08102310327,0.08102310327,1,,187,,1d,2025-01-31T23:00:00+00:00,0.2703058032,
CGIE3_ID_02,2025-01,spearman::log10_cumulative_energy_joule--maximum_magnitude,log10_cumulative_energy_joule,maximum_magnitude,spearman,undirected,candidate,estimable,0.9938213546,0.9938213546,1,,349,,1d,2025-01-31T23:00:00+00:00,0,
CGIE3_ID_02,2025-01,spearman::log10_cumulative_energy_joule--median_depth_km,log10_cumulative_energy_joule,median_depth_km,spearman,undirected,candidate,estimable,-0.2945806958,0.2945806958,-1,,349,,1d,2025-01-31T23:00:00+00:00,2.041926745e-08,
CGIE3_ID_02,2025-01,spearman::log10_cumulative_energy_joule--median_interevent_time_hours,log10_cumulative_energy_joule,median_interevent_time_hours,spearman,undirected,candidate,estimable,-0.2458192373,0.2458192373,-1,,187,,1d,2025-01-31T23:00:00+00:00,0.0006959378034,
CGIE3_ID_02,2025-01,spearman::log10_cumulative_energy_joule--spatial_dispersion_km,log10_cumulative_energy_joule,spatial_dispersion_km,spearman,undirected,candidate,estimable,-0.3385729246,0.3385729246,-1,,187,,1d,2025-01-31T23:00:00+00:00,2.141361232e-06,
CGIE3_ID_02,2025-01,spearman::maximum_magnitude--median_depth_km,maximum_magnitude,median_depth_km,spearman,undirected,candidate,estimable,-0.3038071339,0.3038071339,-1,,349,,1d,2025-01-31T23:00:00+00:00,6.925974802e-09,
CGIE3_ID_02,2025-01,spearman::maximum_magnitude--median_interevent_time_hours,maximum_magnitude,median_interevent_time_hours,spearman,undirected,candidate,estimable,-0.2596161032,0.2596161032,-1,,187,,1d,2025-01-31T23:00:00+00:00,0.0003330791556,
CGIE3_ID_02,2025-01,spearman::maximum_magnitude--spatial_dispersion_km,maximum_magnitude,spatial_dispersion_km,spearman,undirected,candidate,estimable,-0.3625010221,0.3625010221,-1,,187,,1d,2025-01-31T23:00:00+00:00,3.425875502e-07,
CGIE3_ID_02,2025-01,spearman::median_depth_km--median_interevent_time_hours,median_depth_km,median_interevent_time_hours,spearman,undirected,candidate,estimable,0.3861308527,0.3861308527,1,,187,,1d,2025-01-31T23:00:00+00:00,4.81457783e-08,
CGIE3_ID_02,2025-01,spearman::median_depth_km--spatial_dispersion_km,median_depth_km,spatial_dispersion_km,spearman,undirected,candidate,estimable,0.4764245516,0.4764245516,1,,187,,1d,2025-01-31T23:00:00+00:00,5.49307707e-12,
CGIE3_ID_02,2025-01,spearman::median_interevent_time_hours--spatial_dispersion_km,median_interevent_time_hours,spatial_dispersion_km,spearman,undirected,candidate,estimable,0.6871747379,0.6871747379,1,,187,,1d,2025-01-31T23:00:00+00:00,1.802459785e-27,
CGIE3_ID_02,2025-02,spearman::depth_mad_km--event_count,depth_mad_km,event_count,spearman,undirected,candidate,estimable,-0.09081578376,0.09081578376,-1,,363,,1d,2025-02-28T23:00:00+00:00,0.08401019517,
CGIE3_ID_02,2025-02,spearman::depth_mad_km--interevent_time_mad_hours,depth_mad_km,interevent_time_mad_hours,spearman,undirected,candidate,estimable,-0.1265236422,0.1265236422,-1,,363,,1d,2025-02-28T23:00:00+00:00,0.01586590804,
CGIE3_ID_02,2025-02,spearman::depth_mad_km--log10_cumulative_energy_joule,depth_mad_km,log10_cumulative_energy_joule,spearman,undirected,candidate,estimable,-0.02515446226,0.02515446226,-1,,363,,1d,2025-02-28T23:00:00+00:00,0.6328783287,
CGIE3_ID_02,2025-02,spearman::depth_mad_km--maximum_magnitude,depth_mad_km,maximum_magnitude,spearman,undirected,candidate,estimable,0.02108054587,0.02108054587,1,,363,,1d,2025-02-28T23:00:00+00:00,0.6889373499,
CGIE3_ID_02,2025-02,spearman::depth_mad_km--median_depth_km,depth_mad_km,median_depth_km,spearman,undirected,candidate,estimable,-0.04599559005,0.04599559005,-1,,363,,1d,2025-02-28T23:00:00+00:00,0.3822414806,
CGIE3_ID_02,2025-02,spearman::depth_mad_km--median_interevent_time_hours,depth_mad_km,median_interevent_time_hours,spearman,undirected,candidate,estimable,0.2596890058,0.2596890058,1,,363,,1d,2025-02-28T23:00:00+00:00,5.24827727e-07,
CGIE3_ID_02,2025-02,spearman::depth_mad_km--spatial_dispersion_km,depth_mad_km,spatial_dispersion_km,spearman,undirected,candidate,estimable,0.5569717719,0.5569717719,1,,363,,1d,2025-02-28T23:00:00+00:00,5.78059309e-31,
CGIE3_ID_02,2025-02,spearman::event_count--interevent_time_mad_hours,event_count,interevent_time_mad_hours,spearman,undirected,candidate,estimable,0.06598742836,0.06598742836,1,,363,,1d,2025-02-28T23:00:00+00:00,0.2097472967,
CGIE3_ID_02,2025-02,spearman::event_count--log10_cumulative_energy_joule,event_count,log10_cumulative_energy_joule,spearman,undirected,candidate,estimable,0.8903122945,0.8903122945,1,,482,,1d,2025-02-28T23:00:00+00:00,4.142648896e-166,
CGIE3_ID_02,2025-02,spearman::event_count--maximum_magnitude,event_count,maximum_magnitude,spearman,undirected,candidate,estimable,0.8526559972,0.8526559972,1,,482,,1d,2025-02-28T23:00:00+00:00,1.9976613e-137,
CGIE3_ID_02,2025-02,spearman::event_count--median_depth_km,event_count,median_depth_km,spearman,undirected,candidate,estimable,-0.3162265278,0.3162265278,-1,,482,,1d,2025-02-28T23:00:00+00:00,1.179301325e-12,
CGIE3_ID_02,2025-02,spearman::event_count--median_interevent_time_hours,event_count,median_interevent_time_hours,spearman,undirected,candidate,estimable,-0.4526853152,0.4526853152,-1,,363,,1d,2025-02-28T23:00:00+00:00,9.690037485e-20,
CGIE3_ID_02,2025-02,spearman::event_count--spatial_dispersion_km,event_count,spatial_dispersion_km,spearman,undirected,candidate,estimable,-0.05793549119,0.05793549119,-1,,363,,1d,2025-02-28T23:00:00+00:00,0.2709239737,
CGIE3_ID_02,2025-02,spearman::interevent_time_mad_hours--log10_cumulative_energy_joule,interevent_time_mad_hours,log10_cumulative_energy_joule,spearman,undirected,candidate,estimable,0.2341620018,0.2341620018,1,,363,,1d,2025-02-28T23:00:00+00:00,6.518363574e-06,
CGIE3_ID_02,2025-02,spearman::interevent_time_mad_hours--maximum_magnitude,interevent_time_mad_hours,maximum_magnitude,spearman,undirected,candidate,estimable,0.2564843121,0.2564843121,1,,363,,1d,2025-02-28T23:00:00+00:00,7.310654314e-07,
CGIE3_ID_02,2025-02,spearman::interevent_time_mad_hours--median_depth_km,interevent_time_mad_hours,median_depth_km,spearman,undirected,candidate,estimable,0.05678283572,0.05678283572,1,,363,,1d,2025-02-28T23:00:00+00:00,0.2805887232,
CGIE3_ID_02,2025-02,spearman::interevent_time_mad_hours--median_interevent_time_hours,interevent_time_mad_hours,median_interevent_time_hours,spearman,undirected,candidate,estimable,0.5730834479,0.5730834479,1,,363,,1d,2025-02-28T23:00:00+00:00,4.496327446e-33,
CGIE3_ID_02,2025-02,spearman::interevent_time_mad_hours--spatial_dispersion_km,interevent_time_mad_hours,spatial_dispersion_km,spearman,undirected,candidate,estimable,-0.1363269689,0.1363269689,-1,,363,,1d,2025-02-28T23:00:00+00:00,0.009306871721,
CGIE3_ID_02,2025-02,spearman::log10_cumulative_energy_joule--maximum_magnitude,log10_cumulative_energy_joule,maximum_magnitude,spearman,undirected,candidate,estimable,0.9834959578,0.9834959578,1,,482,,1d,2025-02-28T23:00:00+00:00,0,
CGIE3_ID_02,2025-02,spearman::log10_cumulative_energy_joule--median_depth_km,log10_cumulative_energy_joule,median_depth_km,spearman,undirected,candidate,estimable,-0.2317330644,0.2317330644,-1,,482,,1d,2025-02-28T23:00:00+00:00,2.68140362e-07,
CGIE3_ID_02,2025-02,spearman::log10_cumulative_energy_joule--median_interevent_time_hours,log10_cumulative_energy_joule,median_interevent_time_hours,spearman,undirected,candidate,estimable,-0.2000244136,0.2000244136,-1,,363,,1d,2025-02-28T23:00:00+00:00,0.0001247110091,
CGIE3_ID_02,2025-02,spearman::log10_cumulative_energy_joule--spatial_dispersion_km,log10_cumulative_energy_joule,spatial_dispersion_km,spearman,undirected,candidate,estimable,0.01098401691,0.01098401691,1,,363,,1d,2025-02-28T23:00:00+00:00,0.8347931936,
CGIE3_ID_02,2025-02,spearman::maximum_magnitude--median_depth_km,maximum_magnitude,median_depth_km,spearman,undirected,candidate,estimable,-0.2066492484,0.2066492484,-1,,482,,1d,2025-02-28T23:00:00+00:00,4.771991406e-06,
CGIE3_ID_02,2025-02,spearman::maximum_magnitude--median_interevent_time_hours,maximum_magnitude,median_interevent_time_hours,spearman,undirected,candidate,estimable,-0.1248917686,0.1248917686,-1,,363,,1d,2025-02-28T23:00:00+00:00,0.01728311601,
CGIE3_ID_02,2025-02,spearman::maximum_magnitude--spatial_dispersion_km,maximum_magnitude,spatial_dispersion_km,spearman,undirected,candidate,estimable,0.01474849248,0.01474849248,1,,363,,1d,2025-02-28T23:00:00+00:00,0.779444823,
CGIE3_ID_02,2025-02,spearman::median_depth_km--median_interevent_time_hours,median_depth_km,median_interevent_time_hours,spearman,undirected,candidate,estimable,0.07625176711,0.07625176711,1,,363,,1d,2025-02-28T23:00:00+00:00,0.1470885764,
CGIE3_ID_02,2025-02,spearman::median_depth_km--spatial_dispersion_km,median_depth_km,spatial_dispersion_km,spearman,undirected,candidate,estimable,0.3409005698,0.3409005698,1,,363,,1d,2025-02-28T23:00:00+00:00,2.496412721e-11,
CGIE3_ID_02,2025-02,spearman::median_interevent_time_hours--spatial_dispersion_km,median_interevent_time_hours,spatial_dispersion_km,spearman,undirected,candidate,estimable,0.2266352425,0.2266352425,1,,363,,1d,2025-02-28T23:00:00+00:00,1.300922081e-05,
CGIE3_ID_02,2025-03,spearman::depth_mad_km--event_count,depth_mad_km,event_count,spearman,undirected,candidate,estimable,0.1997155892,0.1997155892,1,,395,,1d,2025-03-31T23:00:00+00:00,6.414255325e-05,
CGIE3_ID_02,2025-03,spearman::depth_mad_km--interevent_time_mad_hours,depth_mad_km,interevent_time_mad_hours,spearman,undirected,candidate,estimable,0.04484887371,0.04484887371,1,,395,,1d,2025-03-31T23:00:00+00:00,0.374015837,
CGIE3_ID_02,2025-03,spearman::depth_mad_km--log10_cumulative_energy_joule,depth_mad_km,log10_cumulative_energy_joule,spearman,undirected,candidate,estimable,0.06546167131,0.06546167131,1,,395,,1d,2025-03-31T23:00:00+00:00,0.1941860802,
CGIE3_ID_02,2025-03,spearman::depth_mad_km--maximum_magnitude,depth_mad_km,maximum_magnitude,spearman,undirected,candidate,estimable,0.04925909523,0.04925909523,1,,395,,1d,2025-03-31T23:00:00+00:00,0.3288190177,
CGIE3_ID_02,2025-03,spearman::depth_mad_km--median_depth_km,depth_mad_km,median_depth_km,spearman,undirected,candidate,estimable,-0.38102953,0.38102953,-1,,395,,1d,2025-03-31T23:00:00+00:00,4.26857755e-15,
CGIE3_ID_02,2025-03,spearman::depth_mad_km--median_interevent_time_hours,depth_mad_km,median_interevent_time_hours,spearman,undirected,candidate,estimable,0.05355707547,0.05355707547,1,,395,,1d,2025-03-31T23:00:00+00:00,0.2883198211,
CGIE3_ID_02,2025-03,spearman::depth_mad_km--spatial_dispersion_km,depth_mad_km,spatial_dispersion_km,spearman,undirected,candidate,estimable,0.295965437,0.295965437,1,,395,,1d,2025-03-31T23:00:00+00:00,1.991896185e-09,
CGIE3_ID_02,2025-03,spearman::event_count--interevent_time_mad_hours,event_count,interevent_time_mad_hours,spearman,undirected,candidate,estimable,0.6124724737,0.6124724737,1,,395,,1d,2025-03-31T23:00:00+00:00,4.889442662e-42,
CGIE3_ID_02,2025-03,spearman::event_count--log10_cumulative_energy_joule,event_count,log10_cumulative_energy_joule,spearman,undirected,candidate,estimable,0.7617818722,0.7617818722,1,,551,,1d,2025-03-31T23:00:00+00:00,1.389963798e-105,
CGIE3_ID_02,2025-03,spearman::event_count--maximum_magnitude,event_count,maximum_magnitude,spearman,undirected,candidate,estimable,0.7159342984,0.7159342984,1,,551,,1d,2025-03-31T23:00:00+00:00,1.023827811e-87,
CGIE3_ID_02,2025-03,spearman::event_count--median_depth_km,event_count,median_depth_km,spearman,undirected,candidate,estimable,-0.06855498096,0.06855498096,-1,,551,,1d,2025-03-31T23:00:00+00:00,0.1079546344,
CGIE3_ID_02,2025-03,spearman::event_count--median_interevent_time_hours,event_count,median_interevent_time_hours,spearman,undirected,candidate,estimable,-0.4014768679,0.4014768679,-1,,395,,1d,2025-03-31T23:00:00+00:00,9.903807202e-17,
CGIE3_ID_02,2025-03,spearman::event_count--spatial_dispersion_km,event_count,spatial_dispersion_km,spearman,undirected,candidate,estimable,0.007808767315,0.007808767315,1,,395,,1d,2025-03-31T23:00:00+00:00,0.877052551,
CGIE3_ID_02,2025-03,spearman::interevent_time_mad_hours--log10_cumulative_energy_joule,interevent_time_mad_hours,log10_cumulative_energy_joule,spearman,undirected,candidate,estimable,0.3210578914,0.3210578914,1,,395,,1d,2025-03-31T23:00:00+00:00,6.383659742e-11,
CGIE3_ID_02,2025-03,spearman::interevent_time_mad_hours--maximum_magnitude,interevent_time_mad_hours,maximum_magnitude,spearman,undirected,candidate,estimable,0.2632546871,0.2632546871,1,,395,,1d,2025-03-31T23:00:00+00:00,1.099602696e-07,
CGIE3_ID_02,2025-03,spearman::interevent_time_mad_hours--median_depth_km,interevent_time_mad_hours,median_depth_km,spearman,undirected,candidate,estimable,-0.1531245335,0.1531245335,-1,,395,,1d,2025-03-31T23:00:00+00:00,0.002275789084,
CGIE3_ID_02,2025-03,spearman::interevent_time_mad_hours--median_interevent_time_hours,interevent_time_mad_hours,median_interevent_time_hours,spearman,undirected,candidate,estimable,0.1052673517,0.1052673517,1,,395,,1d,2025-03-31T23:00:00+00:00,0.03649844341,
CGIE3_ID_02,2025-03,spearman::interevent_time_mad_hours--spatial_dispersion_km,interevent_time_mad_hours,spatial_dispersion_km,spearman,undirected,candidate,estimable,0.1883432796,0.1883432796,1,,395,,1d,2025-03-31T23:00:00+00:00,0.0001664589095,
CGIE3_ID_02,2025-03,spearman::log10_cumulative_energy_joule--maximum_magnitude,log10_cumulative_energy_joule,maximum_magnitude,spearman,undirected,candidate,estimable,0.9885743473,0.9885743473,1,,551,,1d,2025-03-31T23:00:00+00:00,0,
CGIE3_ID_02,2025-03,spearman::log10_cumulative_energy_joule--median_depth_km,log10_cumulative_energy_joule,median_depth_km,spearman,undirected,candidate,estimable,-0.05658456721,0.05658456721,-1,,551,,1d,2025-03-31T23:00:00+00:00,0.1847476423,
CGIE3_ID_02,2025-03,spearman::log10_cumulative_energy_joule--median_interevent_time_hours,log10_cumulative_energy_joule,median_interevent_time_hours,spearman,undirected,candidate,estimable,-0.400349154,0.400349154,-1,,395,,1d,2025-03-31T23:00:00+00:00,1.227246997e-16,
CGIE3_ID_02,2025-03,spearman::log10_cumulative_energy_joule--spatial_dispersion_km,log10_cumulative_energy_joule,spatial_dispersion_km,spearman,undirected,candidate,estimable,-0.07050920298,0.07050920298,-1,,395,,1d,2025-03-31T23:00:00+00:00,0.1619201118,
CGIE3_ID_02,2025-03,spearman::maximum_magnitude--median_depth_km,maximum_magnitude,median_depth_km,spearman,undirected,candidate,estimable,-0.07236409101,0.07236409101,-1,,551,,1d,2025-03-31T23:00:00+00:00,0.08969698669,
CGIE3_ID_02,2025-03,spearman::maximum_magnitude--median_interevent_time_hours,maximum_magnitude,median_interevent_time_hours,spearman,undirected,candidate,estimable,-0.3983506711,0.3983506711,-1,,395,,1d,2025-03-31T23:00:00+00:00,1.791032387e-16,
CGIE3_ID_02,2025-03,spearman::maximum_magnitude--spatial_dispersion_km,maximum_magnitude,spatial_dispersion_km,spearman,undirected,candidate,estimable,-0.08189986979,0.08189986979,-1,,395,,1d,2025-03-31T23:00:00+00:00,0.104098533,
CGIE3_ID_02,2025-03,spearman::median_depth_km--median_interevent_time_hours,median_depth_km,median_interevent_time_hours,spearman,undirected,candidate,estimable,0.3298475513,0.3298475513,1,,395,,1d,2025-03-31T23:00:00+00:00,1.769091583e-11,
CGIE3_ID_02,2025-03,spearman::median_depth_km--spatial_dispersion_km,median_depth_km,spatial_dispersion_km,spearman,undirected,candidate,estimable,0.2417542801,0.2417542801,1,,395,,1d,2025-03-31T23:00:00+00:00,1.162951212e-06,
CGIE3_ID_02,2025-03,spearman::median_interevent_time_hours--spatial_dispersion_km,median_interevent_time_hours,spatial_dispersion_km,spearman,undirected,candidate,estimable,0.4312128948,0.4312128948,1,,395,,1d,2025-03-31T23:00:00+00:00,2.562098292e-19,
CGIE3_ID_02,2025-04,spearman::depth_mad_km--event_count,depth_mad_km,event_count,spearman,undirected,candidate,estimable,0.03260631806,0.03260631806,1,,326,,1d,2025-04-30T23:00:00+00:00,0.5574609343,
CGIE3_ID_02,2025-04,spearman::depth_mad_km--interevent_time_mad_hours,depth_mad_km,interevent_time_mad_hours,spearman,undirected,candidate,estimable,-0.07583224285,0.07583224285,-1,,326,,1d,2025-04-30T23:00:00+00:00,0.1719719165,
CGIE3_ID_02,2025-04,spearman::depth_mad_km--log10_cumulative_energy_joule,depth_mad_km,log10_cumulative_energy_joule,spearman,undirected,candidate,estimable,0.06822341217,0.06822341217,1,,326,,1d,2025-04-30T23:00:00+00:00,0.2192570586,
CGIE3_ID_02,2025-04,spearman::depth_mad_km--maximum_magnitude,depth_mad_km,maximum_magnitude,spearman,undirected,candidate,estimable,0.05480435274,0.05480435274,1,,326,,1d,2025-04-30T23:00:00+00:00,0.3239079128,
CGIE3_ID_02,2025-04,spearman::depth_mad_km--median_depth_km,depth_mad_km,median_depth_km,spearman,undirected,candidate,estimable,0.01019166736,0.01019166736,1,,326,,1d,2025-04-30T23:00:00+00:00,0.8545522166,
CGIE3_ID_02,2025-04,spearman::depth_mad_km--median_interevent_time_hours,depth_mad_km,median_interevent_time_hours,spearman,undirected,candidate,estimable,0.05727688976,0.05727688976,1,,326,,1d,2025-04-30T23:00:00+00:00,0.3025241939,
CGIE3_ID_02,2025-04,spearman::depth_mad_km--spatial_dispersion_km,depth_mad_km,spatial_dispersion_km,spearman,undirected,candidate,estimable,0.05908577812,0.05908577812,1,,326,,1d,2025-04-30T23:00:00+00:00,0.2874858271,
CGIE3_ID_02,2025-04,spearman::event_count--interevent_time_mad_hours,event_count,interevent_time_mad_hours,spearman,undirected,candidate,estimable,0.7104911006,0.7104911006,1,,326,,1d,2025-04-30T23:00:00+00:00,2.229872366e-51,
CGIE3_ID_02,2025-04,spearman::event_count--log10_cumulative_energy_joule,event_count,log10_cumulative_energy_joule,spearman,undirected,candidate,estimable,0.8156454473,0.8156454473,1,,518,,1d,2025-04-30T23:00:00+00:00,1.005055106e-124,
CGIE3_ID_02,2025-04,spearman::event_count--maximum_magnitude,event_count,maximum_magnitude,spearman,undirected,candidate,estimable,0.727806726,0.727806726,1,,518,,1d,2025-04-30T23:00:00+00:00,1.428122044e-86,
CGIE3_ID_02,2025-04,spearman::event_count--median_depth_km,event_count,median_depth_km,spearman,undirected,candidate,estimable,-0.03029744987,0.03029744987,-1,,518,,1d,2025-04-30T23:00:00+00:00,0.4914210648,
CGIE3_ID_02,2025-04,spearman::event_count--median_interevent_time_hours,event_count,median_interevent_time_hours,spearman,undirected,candidate,estimable,-0.4759917054,0.4759917054,-1,,326,,1d,2025-04-30T23:00:00+00:00,7.738818503e-20,
CGIE3_ID_02,2025-04,spearman::event_count--spatial_dispersion_km,event_count,spatial_dispersion_km,spearman,undirected,candidate,estimable,-0.1347047269,0.1347047269,-1,,326,,1d,2025-04-30T23:00:00+00:00,0.01493638433,
CGIE3_ID_02,2025-04,spearman::interevent_time_mad_hours--log10_cumulative_energy_joule,interevent_time_mad_hours,log10_cumulative_energy_joule,spearman,undirected,candidate,estimable,0.6457896286,0.6457896286,1,,326,,1d,2025-04-30T23:00:00+00:00,7.36825994e-40,
CGIE3_ID_02,2025-04,spearman::interevent_time_mad_hours--maximum_magnitude,interevent_time_mad_hours,maximum_magnitude,spearman,undirected,candidate,estimable,0.60869747,0.60869747,1,,326,,1d,2025-04-30T23:00:00+00:00,1.975130484e-34,
CGIE3_ID_02,2025-04,spearman::interevent_time_mad_hours--median_depth_km,interevent_time_mad_hours,median_depth_km,spearman,undirected,candidate,estimable,-0.1026450341,0.1026450341,-1,,326,,1d,2025-04-30T23:00:00+00:00,0.06415838909,
CGIE3_ID_02,2025-04,spearman::interevent_time_mad_hours--median_interevent_time_hours,interevent_time_mad_hours,median_interevent_time_hours,spearman,undirected,candidate,estimable,-0.06944413047,0.06944413047,-1,,326,,1d,2025-04-30T23:00:00+00:00,0.2111022018,
CGIE3_ID_02,2025-04,spearman::interevent_time_mad_hours--spatial_dispersion_km,interevent_time_mad_hours,spatial_dispersion_km,spearman,undirected,candidate,estimable,0.1169912882,0.1169912882,1,,326,,1d,2025-04-30T23:00:00+00:00,0.03473152349,
CGIE3_ID_02,2025-04,spearman::log10_cumulative_energy_joule--maximum_magnitude,log10_cumulative_energy_joule,maximum_magnitude,spearman,undirected,candidate,estimable,0.9803926766,0.9803926766,1,,518,,1d,2025-04-30T23:00:00+00:00,0,
CGIE3_ID_02,2025-04,spearman::log10_cumulative_energy_joule--median_depth_km,log10_cumulative_energy_joule,median_depth_km,spearman,undirected,candidate,estimable,0.07101582115,0.07101582115,1,,518,,1d,2025-04-30T23:00:00+00:00,0.106434884,
CGIE3_ID_02,2025-04,spearman::log10_cumulative_energy_joule--median_interevent_time_hours,log10_cumulative_energy_joule,median_interevent_time_hours,spearman,undirected,candidate,estimable,-0.2831623942,0.2831623942,-1,,326,,1d,2025-04-30T23:00:00+00:00,1.995046723e-07,
CGIE3_ID_02,2025-04,spearman::log10_cumulative_energy_joule--spatial_dispersion_km,log10_cumulative_energy_joule,spatial_dispersion_km,spearman,undirected,candidate,estimable,-0.08391482914,0.08391482914,-1,,326,,1d,2025-04-30T23:00:00+00:00,0.1305415518,
CGIE3_ID_02,2025-04,spearman::maximum_magnitude--median_depth_km,maximum_magnitude,median_depth_km,spearman,undirected,candidate,estimable,0.02236305023,0.02236305023,1,,518,,1d,2025-04-30T23:00:00+00:00,0.6115877888,
CGIE3_ID_02,2025-04,spearman::maximum_magnitude--median_interevent_time_hours,maximum_magnitude,median_interevent_time_hours,spearman,undirected,candidate,estimable,-0.2534489171,0.2534489171,-1,,326,,1d,2025-04-30T23:00:00+00:00,3.57886343e-06,
CGIE3_ID_02,2025-04,spearman::maximum_magnitude--spatial_dispersion_km,maximum_magnitude,spatial_dispersion_km,spearman,undirected,candidate,estimable,-0.1054704626,0.1054704626,-1,,326,,1d,2025-04-30T23:00:00+00:00,0.05713024692,
CGIE3_ID_02,2025-04,spearman::median_depth_km--median_interevent_time_hours,median_depth_km,median_interevent_time_hours,spearman,undirected,candidate,estimable,0.3887911539,0.3887911539,1,,326,,1d,2025-04-30T23:00:00+00:00,3.306249749e-13,
CGIE3_ID_02,2025-04,spearman::median_depth_km--spatial_dispersion_km,median_depth_km,spatial_dispersion_km,spearman,undirected,candidate,estimable,0.3118569347,0.3118569347,1,,326,,1d,2025-04-30T23:00:00+00:00,8.756849963e-09,
CGIE3_ID_02,2025-04,spearman::median_interevent_time_hours--spatial_dispersion_km,median_interevent_time_hours,spatial_dispersion_km,spearman,undirected,candidate,estimable,0.6909868373,0.6909868373,1,,326,,1d,2025-04-30T23:00:00+00:00,1.381669115e-47,
CGIE3_ID_02,2025-05,spearman::depth_mad_km--event_count,depth_mad_km,event_count,spearman,undirected,candidate,estimable,-0.2435459556,0.2435459556,-1,,170,,1d,2025-05-31T23:00:00+00:00,0.001372601067,
CGIE3_ID_02,2025-05,spearman::depth_mad_km--interevent_time_mad_hours,depth_mad_km,interevent_time_mad_hours,spearman,undirected,candidate,estimable,-0.05451330309,0.05451330309,-1,,170,,1d,2025-05-31T23:00:00+00:00,0.4801584364,
CGIE3_ID_02,2025-05,spearman::depth_mad_km--log10_cumulative_energy_joule,depth_mad_km,log10_cumulative_energy_joule,spearman,undirected,candidate,estimable,-0.1291009617,0.1291009617,-1,,170,,1d,2025-05-31T23:00:00+00:00,0.09337040848,
CGIE3_ID_02,2025-05,spearman::depth_mad_km--maximum_magnitude,depth_mad_km,maximum_magnitude,spearman,undirected,candidate,estimable,-0.1468394836,0.1468394836,-1,,170,,1d,2025-05-31T23:00:00+00:00,0.05603055851,
CGIE3_ID_02,2025-05,spearman::depth_mad_km--median_depth_km,depth_mad_km,median_depth_km,spearman,undirected,candidate,estimable,0.2061343472,0.2061343472,1,,170,,1d,2025-05-31T23:00:00+00:00,0.006999676156,
CGIE3_ID_02,2025-05,spearman::depth_mad_km--median_interevent_time_hours,depth_mad_km,median_interevent_time_hours,spearman,undirected,candidate,estimable,0.5240753078,0.5240753078,1,,170,,1d,2025-05-31T23:00:00+00:00,2.230958322e-13,
CGIE3_ID_02,2025-05,spearman::depth_mad_km--spatial_dispersion_km,depth_mad_km,spatial_dispersion_km,spearman,undirected,candidate,estimable,0.404281494,0.404281494,1,,170,,1d,2025-05-31T23:00:00+00:00,4.563889068e-08,
CGIE3_ID_02,2025-05,spearman::event_count--interevent_time_mad_hours,event_count,interevent_time_mad_hours,spearman,undirected,candidate,estimable,0.7012806697,0.7012806697,1,,170,,1d,2025-05-31T23:00:00+00:00,1.767854623e-26,
CGIE3_ID_02,2025-05,spearman::event_count--log10_cumulative_energy_joule,event_count,log10_cumulative_energy_joule,spearman,undirected,candidate,estimable,0.5497792874,0.5497792874,1,,440,,1d,2025-05-31T23:00:00+00:00,4.053153427e-36,
CGIE3_ID_02,2025-05,spearman::event_count--maximum_magnitude,event_count,maximum_magnitude,spearman,undirected,candidate,estimable,0.4429694217,0.4429694217,1,,440,,1d,2025-05-31T23:00:00+00:00,1.43036816e-22,
CGIE3_ID_02,2025-05,spearman::event_count--median_depth_km,event_count,median_depth_km,spearman,undirected,candidate,estimable,0.1008693721,0.1008693721,1,,440,,1d,2025-05-31T23:00:00+00:00,0.03441013743,
CGIE3_ID_02,2025-05,spearman::event_count--median_interevent_time_hours,event_count,median_interevent_time_hours,spearman,undirected,candidate,estimable,-0.692401711,0.692401711,-1,,170,,1d,2025-05-31T23:00:00+00:00,1.350481324e-25,
CGIE3_ID_02,2025-05,spearman::event_count--spatial_dispersion_km,event_count,spatial_dispersion_km,spearman,undirected,candidate,estimable,-0.1633237441,0.1633237441,-1,,170,,1d,2025-05-31T23:00:00+00:00,0.03333041558,
CGIE3_ID_02,2025-05,spearman::interevent_time_mad_hours--log10_cumulative_energy_joule,interevent_time_mad_hours,log10_cumulative_energy_joule,spearman,undirected,candidate,estimable,0.3628462768,0.3628462768,1,,170,,1d,2025-05-31T23:00:00+00:00,1.157419836e-06,
CGIE3_ID_02,2025-05,spearman::interevent_time_mad_hours--maximum_magnitude,interevent_time_mad_hours,maximum_magnitude,spearman,undirected,candidate,estimable,0.3284627818,0.3284627818,1,,170,,1d,2025-05-31T23:00:00+00:00,1.225594969e-05,
CGIE3_ID_02,2025-05,spearman::interevent_time_mad_hours--median_depth_km,interevent_time_mad_hours,median_depth_km,spearman,undirected,candidate,estimable,0.4148161578,0.4148161578,1,,170,,1d,2025-05-31T23:00:00+00:00,1.864692599e-08,
CGIE3_ID_02,2025-05,spearman::interevent_time_mad_hours--median_interevent_time_hours,interevent_time_mad_hours,median_interevent_time_hours,spearman,undirected,candidate,estimable,-0.213656088,0.213656088,-1,,170,,1d,2025-05-31T23:00:00+00:00,0.0051490238,
CGIE3_ID_02,2025-05,spearman::interevent_time_mad_hours--spatial_dispersion_km,interevent_time_mad_hours,spatial_dispersion_km,spearman,undirected,candidate,estimable,0.228499911,0.228499911,1,,170,,1d,2025-05-31T23:00:00+00:00,0.00272608949,
CGIE3_ID_02,2025-05,spearman::log10_cumulative_energy_joule--maximum_magnitude,log10_cumulative_energy_joule,maximum_magnitude,spearman,undirected,candidate,estimable,0.9765572333,0.9765572333,1,,440,,1d,2025-05-31T23:00:00+00:00,2.67490556e-294,
CGIE3_ID_02,2025-05,spearman::log10_cumulative_energy_joule--median_depth_km,log10_cumulative_energy_joule,median_depth_km,spearman,undirected,candidate,estimable,0.06030754868,0.06030754868,1,,440,,1d,2025-05-31T23:00:00+00:00,0.2067427743,
CGIE3_ID_02,2025-05,spearman::log10_cumulative_energy_joule--median_interevent_time_hours,log10_cumulative_energy_joule,median_interevent_time_hours,spearman,undirected,candidate,estimable,-0.4431742385,0.4431742385,-1,,170,,1d,2025-05-31T23:00:00+00:00,1.430110752e-09,
CGIE3_ID_02,2025-05,spearman::log10_cumulative_energy_joule--spatial_dispersion_km,log10_cumulative_energy_joule,spatial_dispersion_km,spearman,undirected,candidate,estimable,0.1363454148,0.1363454148,1,,170,,1d,2025-05-31T23:00:00+00:00,0.07624535545,
CGIE3_ID_02,2025-05,spearman::maximum_magnitude--median_depth_km,maximum_magnitude,median_depth_km,spearman,undirected,candidate,estimable,0.1002087694,0.1002087694,1,,440,,1d,2025-05-31T23:00:00+00:00,0.03561382846,
CGIE3_ID_02,2025-05,spearman::maximum_magnitude--median_interevent_time_hours,maximum_magnitude,median_interevent_time_hours,spearman,undirected,candidate,estimable,-0.4638506718,0.4638506718,-1,,170,,1d,2025-05-31T23:00:00+00:00,1.88418754e-10,
CGIE3_ID_02,2025-05,spearman::maximum_magnitude--spatial_dispersion_km,maximum_magnitude,spatial_dispersion_km,spearman,undirected,candidate,estimable,0.09989848094,0.09989848094,1,,170,,1d,2025-05-31T23:00:00+00:00,0.1949231942,
CGIE3_ID_02,2025-05,spearman::median_depth_km--median_interevent_time_hours,median_depth_km,median_interevent_time_hours,spearman,undirected,candidate,estimable,0.007726438805,0.007726438805,1,,170,,1d,2025-05-31T23:00:00+00:00,0.9203453807,
CGIE3_ID_02,2025-05,spearman::median_depth_km--spatial_dispersion_km,median_depth_km,spatial_dispersion_km,spearman,undirected,candidate,estimable,0.1484891673,0.1484891673,1,,170,,1d,2025-05-31T23:00:00+00:00,0.05329723015,
CGIE3_ID_02,2025-05,spearman::median_interevent_time_hours--spatial_dispersion_km,median_interevent_time_hours,spatial_dispersion_km,spearman,undirected,candidate,estimable,0.5823888102,0.5823888102,1,,170,,1d,2025-05-31T23:00:00+00:00,8.049149297e-17,
CGIE3_ID_02,2025-06,spearman::depth_mad_km--event_count,depth_mad_km,event_count,spearman,undirected,candidate,estimable,-0.1052612441,0.1052612441,-1,,294,,1d,2025-06-30T23:00:00+00:00,0.07151783642,
CGIE3_ID_02,2025-06,spearman::depth_mad_km--interevent_time_mad_hours,depth_mad_km,interevent_time_mad_hours,spearman,undirected,candidate,estimable,-0.1392262761,0.1392262761,-1,,294,,1d,2025-06-30T23:00:00+00:00,0.01690770052,
CGIE3_ID_02,2025-06,spearman::depth_mad_km--log10_cumulative_energy_joule,depth_mad_km,log10_cumulative_energy_joule,spearman,undirected,candidate,estimable,-0.1747966797,0.1747966797,-1,,294,,1d,2025-06-30T23:00:00+00:00,0.002633552747,
CGIE3_ID_02,2025-06,spearman::depth_mad_km--maximum_magnitude,depth_mad_km,maximum_magnitude,spearman,undirected,candidate,estimable,-0.2007347608,0.2007347608,-1,,294,,1d,2025-06-30T23:00:00+00:00,0.0005351205364,
CGIE3_ID_02,2025-06,spearman::depth_mad_km--median_depth_km,depth_mad_km,median_depth_km,spearman,undirected,candidate,estimable,-0.2742924001,0.2742924001,-1,,294,,1d,2025-06-30T23:00:00+00:00,1.797133073e-06,
CGIE3_ID_02,2025-06,spearman::depth_mad_km--median_interevent_time_hours,depth_mad_km,median_interevent_time_hours,spearman,undirected,candidate,estimable,0.1269180281,0.1269180281,1,,294,,1d,2025-06-30T23:00:00+00:00,0.02957575687,
CGIE3_ID_02,2025-06,spearman::depth_mad_km--spatial_dispersion_km,depth_mad_km,spatial_dispersion_km,spearman,undirected,candidate,estimable,0.3987446441,0.3987446441,1,,294,,1d,2025-06-30T23:00:00+00:00,1.205339814e-12,
CGIE3_ID_02,2025-06,spearman::event_count--interevent_time_mad_hours,event_count,interevent_time_mad_hours,spearman,undirected,candidate,estimable,0.71895321,0.71895321,1,,294,,1d,2025-06-30T23:00:00+00:00,4.797756676e-48,
CGIE3_ID_02,2025-06,spearman::event_count--log10_cumulative_energy_joule,event_count,log10_cumulative_energy_joule,spearman,undirected,candidate,estimable,0.8505945865,0.8505945865,1,,553,,1d,2025-06-30T23:00:00+00:00,6.071970369e-156,
CGIE3_ID_02,2025-06,spearman::event_count--maximum_magnitude,event_count,maximum_magnitude,spearman,undirected,candidate,estimable,0.797362693,0.797362693,1,,553,,1d,2025-06-30T23:00:00+00:00,6.058991981e-123,
CGIE3_ID_02,2025-06,spearman::event_count--median_depth_km,event_count,median_depth_km,spearman,undirected,candidate,estimable,-0.3765827088,0.3765827088,-1,,553,,1d,2025-06-30T23:00:00+00:00,4.490402436e-20,
CGIE3_ID_02,2025-06,spearman::event_count--median_interevent_time_hours,event_count,median_interevent_time_hours,spearman,undirected,candidate,estimable,-0.308683176,0.308683176,-1,,294,,1d,2025-06-30T23:00:00+00:00,6.561702991e-08,
CGIE3_ID_02,2025-06,spearman::event_count--spatial_dispersion_km,event_count,spatial_dispersion_km,spearman,undirected,candidate,estimable,-0.2678512681,0.2678512681,-1,,294,,1d,2025-06-30T23:00:00+00:00,3.184808989e-06,
CGIE3_ID_02,2025-06,spearman::interevent_time_mad_hours--log10_cumulative_energy_joule,interevent_time_mad_hours,log10_cumulative_energy_joule,spearman,undirected,candidate,estimable,0.5359751865,0.5359751865,1,,294,,1d,2025-06-30T23:00:00+00:00,2.90569437e-23,
CGIE3_ID_02,2025-06,spearman::interevent_time_mad_hours--maximum_magnitude,interevent_time_mad_hours,maximum_magnitude,spearman,undirected,candidate,estimable,0.503744557,0.503744557,1,,294,,1d,2025-06-30T23:00:00+00:00,2.528194958e-20,
CGIE3_ID_02,2025-06,spearman::interevent_time_mad_hours--median_depth_km,interevent_time_mad_hours,median_depth_km,spearman,undirected,candidate,estimable,-0.16519498,0.16519498,-1,,294,,1d,2025-06-30T23:00:00+00:00,0.004511711964,
CGIE3_ID_02,2025-06,spearman::interevent_time_mad_hours--median_interevent_time_hours,interevent_time_mad_hours,median_interevent_time_hours,spearman,undirected,candidate,estimable,0.08260706431,0.08260706431,1,,294,,1d,2025-06-30T23:00:00+00:00,0.1577151817,
CGIE3_ID_02,2025-06,spearman::interevent_time_mad_hours--spatial_dispersion_km,interevent_time_mad_hours,spatial_dispersion_km,spearman,undirected,candidate,estimable,-0.01719174877,0.01719174877,-1,,294,,1d,2025-06-30T23:00:00+00:00,0.7691071219,
CGIE3_ID_02,2025-06,spearman::log10_cumulative_energy_joule--maximum_magnitude,log10_cumulative_energy_joule,maximum_magnitude,spearman,undirected,candidate,estimable,0.9922222562,0.9922222562,1,,553,,1d,2025-06-30T23:00:00+00:00,0,
CGIE3_ID_02,2025-06,spearman::log10_cumulative_energy_joule--median_depth_km,log10_cumulative_energy_joule,median_depth_km,spearman,undirected,candidate,estimable,-0.2951892568,0.2951892568,-1,,553,,1d,2025-06-30T23:00:00+00:00,1.396301285e-12,
CGIE3_ID_02,2025-06,spearman::log10_cumulative_energy_joule--median_interevent_time_hours,log10_cumulative_energy_joule,median_interevent_time_hours,spearman,undirected,candidate,estimable,-0.4135519613,0.4135519613,-1,,294,,1d,2025-06-30T23:00:00+00:00,1.420660698e-13,
CGIE3_ID_02,2025-06,spearman::log10_cumulative_energy_joule--spatial_dispersion_km,log10_cumulative_energy_joule,spatial_dispersion_km,spearman,undirected,candidate,estimable,-0.1716153892,0.1716153892,-1,,294,,1d,2025-06-30T23:00:00+00:00,0.003157365179,
CGIE3_ID_02,2025-06,spearman::maximum_magnitude--median_depth_km,maximum_magnitude,median_depth_km,spearman,undirected,candidate,estimable,-0.2833890033,0.2833890033,-1,,553,,1d,2025-06-30T23:00:00+00:00,1.131159839e-11,
CGIE3_ID_02,2025-06,spearman::maximum_magnitude--median_interevent_time_hours,maximum_magnitude,median_interevent_time_hours,spearman,undirected,candidate,estimable,-0.414996632,0.414996632,-1,,294,,1d,2025-06-30T23:00:00+00:00,1.146595499e-13,
CGIE3_ID_02,2025-06,spearman::maximum_magnitude--spatial_dispersion_km,maximum_magnitude,spatial_dispersion_km,spearman,undirected,candidate,estimable,-0.1694790539,0.1694790539,-1,,294,,1d,2025-06-30T23:00:00+00:00,0.003560365033,
CGIE3_ID_02,2025-06,spearman::median_depth_km--median_interevent_time_hours,median_depth_km,median_interevent_time_hours,spearman,undirected,candidate,estimable,-0.04832730392,0.04832730392,-1,,294,,1d,2025-06-30T23:00:00+00:00,0.4090349417,
CGIE3_ID_02,2025-06,spearman::median_depth_km--spatial_dispersion_km,median_depth_km,spatial_dispersion_km,spearman,undirected,candidate,estimable,0.105001586,0.105001586,1,,294,,1d,2025-06-30T23:00:00+00:00,0.07222378711,
CGIE3_ID_02,2025-06,spearman::median_interevent_time_hours--spatial_dispersion_km,median_interevent_time_hours,spatial_dispersion_km,spearman,undirected,candidate,estimable,0.3649481844,0.3649481844,1,,294,,1d,2025-06-30T23:00:00+00:00,1.082948499e-10,
CGIE3_ID_02,2025-07,spearman::depth_mad_km--event_count,depth_mad_km,event_count,spearman,undirected,candidate,estimable,-0.234246939,0.234246939,-1,,256,,1d,2025-07-31T23:00:00+00:00,0.0001553432193,
CGIE3_ID_02,2025-07,spearman::depth_mad_km--interevent_time_mad_hours,depth_mad_km,interevent_time_mad_hours,spearman,undirected,candidate,estimable,-0.2160418568,0.2160418568,-1,,256,,1d,2025-07-31T23:00:00+00:00,0.0004996356827,
CGIE3_ID_02,2025-07,spearman::depth_mad_km--log10_cumulative_energy_joule,depth_mad_km,log10_cumulative_energy_joule,spearman,undirected,candidate,estimable,-0.3581217007,0.3581217007,-1,,256,,1d,2025-07-31T23:00:00+00:00,3.663657009e-09,
CGIE3_ID_02,2025-07,spearman::depth_mad_km--maximum_magnitude,depth_mad_km,maximum_magnitude,spearman,undirected,candidate,estimable,-0.4098280518,0.4098280518,-1,,256,,1d,2025-07-31T23:00:00+00:00,8.646446689e-12,
CGIE3_ID_02,2025-07,spearman::depth_mad_km--median_depth_km,depth_mad_km,median_depth_km,spearman,undirected,candidate,estimable,-0.1877305616,0.1877305616,-1,,256,,1d,2025-07-31T23:00:00+00:00,0.002562613539,
CGIE3_ID_02,2025-07,spearman::depth_mad_km--median_interevent_time_hours,depth_mad_km,median_interevent_time_hours,spearman,undirected,candidate,estimable,0.0473539881,0.0473539881,1,,256,,1d,2025-07-31T23:00:00+00:00,0.4506215233,
CGIE3_ID_02,2025-07,spearman::depth_mad_km--spatial_dispersion_km,depth_mad_km,spatial_dispersion_km,spearman,undirected,candidate,estimable,0.2644591221,0.2644591221,1,,256,,1d,2025-07-31T23:00:00+00:00,1.809286339e-05,
CGIE3_ID_02,2025-07,spearman::event_count--interevent_time_mad_hours,event_count,interevent_time_mad_hours,spearman,undirected,candidate,estimable,0.7789673458,0.7789673458,1,,256,,1d,2025-07-31T23:00:00+00:00,2.107583033e-53,
CGIE3_ID_02,2025-07,spearman::event_count--log10_cumulative_energy_joule,event_count,log10_cumulative_energy_joule,spearman,undirected,candidate,estimable,0.6552303248,0.6552303248,1,,478,,1d,2025-07-31T23:00:00+00:00,5.828256147e-60,
CGIE3_ID_02,2025-07,spearman::event_count--maximum_magnitude,event_count,maximum_magnitude,spearman,undirected,candidate,estimable,0.4840741665,0.4840741665,1,,478,,1d,2025-07-31T23:00:00+00:00,1.893573121e-29,
CGIE3_ID_02,2025-07,spearman::event_count--median_depth_km,event_count,median_depth_km,spearman,undirected,candidate,estimable,-0.06284117119,0.06284117119,-1,,478,,1d,2025-07-31T23:00:00+00:00,0.1701666322,
CGIE3_ID_02,2025-07,spearman::event_count--median_interevent_time_hours,event_count,median_interevent_time_hours,spearman,undirected,candidate,estimable,-0.5442913239,0.5442913239,-1,,256,,1d,2025-07-31T23:00:00+00:00,3.812608645e-21,
CGIE3_ID_02,2025-07,spearman::event_count--spatial_dispersion_km,event_count,spatial_dispersion_km,spearman,undirected,candidate,estimable,-0.07046196417,0.07046196417,-1,,256,,1d,2025-07-31T23:00:00+00:00,0.261322466,
CGIE3_ID_02,2025-07,spearman::interevent_time_mad_hours--log10_cumulative_energy_joule,interevent_time_mad_hours,log10_cumulative_energy_joule,spearman,undirected,candidate,estimable,0.53916835,0.53916835,1,,256,,1d,2025-07-31T23:00:00+00:00,1.043602976e-20,
CGIE3_ID_02,2025-07,spearman::interevent_time_mad_hours--maximum_magnitude,interevent_time_mad_hours,maximum_magnitude,spearman,undirected,candidate,estimable,0.4271083611,0.4271083611,1,,256,,1d,2025-07-31T23:00:00+00:00,8.963906094e-13,
CGIE3_ID_02,2025-07,spearman::interevent_time_mad_hours--median_depth_km,interevent_time_mad_hours,median_depth_km,spearman,undirected,candidate,estimable,0.06278908007,0.06278908007,1,,256,,1d,2025-07-31T23:00:00+00:00,0.3169735182,
CGIE3_ID_02,2025-07,spearman::interevent_time_mad_hours--median_interevent_time_hours,interevent_time_mad_hours,median_interevent_time_hours,spearman,undirected,candidate,estimable,-0.1559563256,0.1559563256,-1,,256,,1d,2025-07-31T23:00:00+00:00,0.01247568852,
CGIE3_ID_02,2025-07,spearman::interevent_time_mad_hours--spatial_dispersion_km,interevent_time_mad_hours,spatial_dispersion_km,spearman,undirected,candidate,estimable,0.03832066858,0.03832066858,1,,256,,1d,2025-07-31T23:00:00+00:00,0.5416270776,
CGIE3_ID_02,2025-07,spearman::log10_cumulative_energy_joule--maximum_magnitude,log10_cumulative_energy_joule,maximum_magnitude,spearman,undirected,candidate,estimable,0.9477783542,0.9477783542,1,,478,,1d,2025-07-31T23:00:00+00:00,2.212790737e-238,
CGIE3_ID_02,2025-07,spearman::log10_cumulative_energy_joule--median_depth_km,log10_cumulative_energy_joule,median_depth_km,spearman,undirected,candidate,estimable,-0.06113900183,0.06113900183,-1,,478,,1d,2025-07-31T23:00:00+00:00,0.1820584666,
CGIE3_ID_02,2025-07,spearman::log10_cumulative_energy_joule--median_interevent_time_hours,log10_cumulative_energy_joule,median_interevent_time_hours,spearman,undirected,candidate,estimable,-0.5673333327,0.5673333327,-1,,256,,1d,2025-07-31T23:00:00+00:00,3.301672366e-23,
CGIE3_ID_02,2025-07,spearman::log10_cumulative_energy_joule--spatial_dispersion_km,log10_cumulative_energy_joule,spatial_dispersion_km,spearman,undirected,candidate,estimable,-0.16106221,0.16106221,-1,,256,,1d,2025-07-31T23:00:00+00:00,0.009844094989,
CGIE3_ID_02,2025-07,spearman::maximum_magnitude--median_depth_km,maximum_magnitude,median_depth_km,spearman,undirected,candidate,estimable,-0.05002549837,0.05002549837,-1,,478,,1d,2025-07-31T23:00:00+00:00,0.2750362343,
CGIE3_ID_02,2025-07,spearman::maximum_magnitude--median_interevent_time_hours,maximum_magnitude,median_interevent_time_hours,spearman,undirected,candidate,estimable,-0.5390125536,0.5390125536,-1,,256,,1d,2025-07-31T23:00:00+00:00,1.075766498e-20,
CGIE3_ID_02,2025-07,spearman::maximum_magnitude--spatial_dispersion_km,maximum_magnitude,spatial_dispersion_km,spearman,undirected,candidate,estimable,-0.1772546594,0.1772546594,-1,,256,,1d,2025-07-31T23:00:00+00:00,0.00444454561,
CGIE3_ID_02,2025-07,spearman::median_depth_km--median_interevent_time_hours,median_depth_km,median_interevent_time_hours,spearman,undirected,candidate,estimable,0.06126718806,0.06126718806,1,,256,,1d,2025-07-31T23:00:00+00:00,0.3288686156,
CGIE3_ID_02,2025-07,spearman::median_depth_km--spatial_dispersion_km,median_depth_km,spatial_dispersion_km,spearman,undirected,candidate,estimable,0.560366811,0.560366811,1,,256,,1d,2025-07-31T23:00:00+00:00,1.443024723e-22,
CGIE3_ID_02,2025-07,spearman::median_interevent_time_hours--spatial_dispersion_km,median_interevent_time_hours,spatial_dispersion_km,spearman,undirected,candidate,estimable,0.3475722116,0.3475722116,1,,256,,1d,2025-07-31T23:00:00+00:00,1.109696106e-08,
CGIE3_ID_02,2025-08,spearman::depth_mad_km--event_count,depth_mad_km,event_count,spearman,undirected,candidate,estimable,-0.02308804939,0.02308804939,-1,,387,,1d,2025-08-31T23:00:00+00:00,0.6507024629,
CGIE3_ID_02,2025-08,spearman::depth_mad_km--interevent_time_mad_hours,depth_mad_km,interevent_time_mad_hours,spearman,undirected,candidate,estimable,-0.01741440089,0.01741440089,-1,,387,,1d,2025-08-31T23:00:00+00:00,0.7327277238,
CGIE3_ID_02,2025-08,spearman::depth_mad_km--log10_cumulative_energy_joule,depth_mad_km,log10_cumulative_energy_joule,spearman,undirected,candidate,estimable,-0.3552216739,0.3552216739,-1,,387,,1d,2025-08-31T23:00:00+00:00,5.949405769e-13,
CGIE3_ID_02,2025-08,spearman::depth_mad_km--maximum_magnitude,depth_mad_km,maximum_magnitude,spearman,undirected,candidate,estimable,-0.3660905469,0.3660905469,-1,,387,,1d,2025-08-31T23:00:00+00:00,1.019552041e-13,
CGIE3_ID_02,2025-08,spearman::depth_mad_km--median_depth_km,depth_mad_km,median_depth_km,spearman,undirected,candidate,estimable,-0.2191061762,0.2191061762,-1,,387,,1d,2025-08-31T23:00:00+00:00,1.365447823e-05,
CGIE3_ID_02,2025-08,spearman::depth_mad_km--median_interevent_time_hours,depth_mad_km,median_interevent_time_hours,spearman,undirected,candidate,estimable,0.3802735122,0.3802735122,1,,387,,1d,2025-08-31T23:00:00+00:00,9.209413745e-15,
CGIE3_ID_02,2025-08,spearman::depth_mad_km--spatial_dispersion_km,depth_mad_km,spatial_dispersion_km,spearman,undirected,candidate,estimable,0.3418979047,0.3418979047,1,,387,,1d,2025-08-31T23:00:00+00:00,4.724805584e-12,
CGIE3_ID_02,2025-08,spearman::event_count--interevent_time_mad_hours,event_count,interevent_time_mad_hours,spearman,undirected,candidate,estimable,0.5335984216,0.5335984216,1,,387,,1d,2025-08-31T23:00:00+00:00,7.323749909e-30,
CGIE3_ID_02,2025-08,spearman::event_count--log10_cumulative_energy_joule,event_count,log10_cumulative_energy_joule,spearman,undirected,candidate,estimable,0.6438182553,0.6438182553,1,,576,,1d,2025-08-31T23:00:00+00:00,9.823787705e-69,
CGIE3_ID_02,2025-08,spearman::event_count--maximum_magnitude,event_count,maximum_magnitude,spearman,undirected,candidate,estimable,0.524606844,0.524606844,1,,576,,1d,2025-08-31T23:00:00+00:00,4.797270632e-42,
CGIE3_ID_02,2025-08,spearman::event_count--median_depth_km,event_count,median_depth_km,spearman,undirected,candidate,estimable,-0.09681977171,0.09681977171,-1,,576,,1d,2025-08-31T23:00:00+00:00,0.02012071999,
CGIE3_ID_02,2025-08,spearman::event_count--median_interevent_time_hours,event_count,median_interevent_time_hours,spearman,undirected,candidate,estimable,-0.296039662,0.296039662,-1,,387,,1d,2025-08-31T23:00:00+00:00,2.87499641e-09,
CGIE3_ID_02,2025-08,spearman::event_count--spatial_dispersion_km,event_count,spatial_dispersion_km,spearman,undirected,candidate,estimable,-0.03042275854,0.03042275854,-1,,387,,1d,2025-08-31T23:00:00+00:00,0.5507155291,
CGIE3_ID_02,2025-08,spearman::interevent_time_mad_hours--log10_cumulative_energy_joule,interevent_time_mad_hours,log10_cumulative_energy_joule,spearman,undirected,candidate,estimable,0.322252155,0.322252155,1,,387,,1d,2025-08-31T23:00:00+00:00,8.416878265e-11,
CGIE3_ID_02,2025-08,spearman::interevent_time_mad_hours--maximum_magnitude,interevent_time_mad_hours,maximum_magnitude,spearman,undirected,candidate,estimable,0.2537807224,0.2537807224,1,,387,,1d,2025-08-31T23:00:00+00:00,4.206439438e-07,
CGIE3_ID_02,2025-08,spearman::interevent_time_mad_hours--median_depth_km,interevent_time_mad_hours,median_depth_km,spearman,undirected,candidate,estimable,0.1584603983,0.1584603983,1,,387,,1d,2025-08-31T23:00:00+00:00,0.001766127846,
CGIE3_ID_02,2025-08,spearman::interevent_time_mad_hours--median_interevent_time_hours,interevent_time_mad_hours,median_interevent_time_hours,spearman,undirected,candidate,estimable,0.2138660349,0.2138660349,1,,387,,1d,2025-08-31T23:00:00+00:00,2.207284163e-05,
CGIE3_ID_02,2025-08,spearman::interevent_time_mad_hours--spatial_dispersion_km,interevent_time_mad_hours,spatial_dispersion_km,spearman,undirected,candidate,estimable,0.3493331759,0.3493331759,1,,387,,1d,2025-08-31T23:00:00+00:00,1.504684817e-12,
CGIE3_ID_02,2025-08,spearman::log10_cumulative_energy_joule--maximum_magnitude,log10_cumulative_energy_joule,maximum_magnitude,spearman,undirected,candidate,estimable,0.9778948237,0.9778948237,1,,576,,1d,2025-08-31T23:00:00+00:00,0,
CGIE3_ID_02,2025-08,spearman::log10_cumulative_energy_joule--median_depth_km,log10_cumulative_energy_joule,median_depth_km,spearman,undirected,candidate,estimable,-0.1127340659,0.1127340659,-1,,576,,1d,2025-08-31T23:00:00+00:00,0.006761282473,
CGIE3_ID_02,2025-08,spearman::log10_cumulative_energy_joule--median_interevent_time_hours,log10_cumulative_energy_joule,median_interevent_time_hours,spearman,undirected,candidate,estimable,-0.03673571413,0.03673571413,-1,,387,,1d,2025-08-31T23:00:00+00:00,0.4711666615,
CGIE3_ID_02,2025-08,spearman::log10_cumulative_energy_joule--spatial_dispersion_km,log10_cumulative_energy_joule,spatial_dispersion_km,spearman,undirected,candidate,estimable,0.04515181691,0.04515181691,1,,387,,1d,2025-08-31T23:00:00+00:00,0.3757148726,
CGIE3_ID_02,2025-08,spearman::maximum_magnitude--median_depth_km,maximum_magnitude,median_depth_km,spearman,undirected,candidate,estimable,-0.1249026173,0.1249026173,-1,,576,,1d,2025-08-31T23:00:00+00:00,0.00267404212,
CGIE3_ID_02,2025-08,spearman::maximum_magnitude--median_interevent_time_hours,maximum_magnitude,median_interevent_time_hours,spearman,undirected,candidate,estimable,-0.002205730874,0.002205730874,-1,,387,,1d,2025-08-31T23:00:00+00:00,0.965501034,
CGIE3_ID_02,2025-08,spearman::maximum_magnitude--spatial_dispersion_km,maximum_magnitude,spatial_dispersion_km,spearman,undirected,candidate,estimable,0.03182128842,0.03182128842,1,,387,,1d,2025-08-31T23:00:00+00:00,0.5325412049,
CGIE3_ID_02,2025-08,spearman::median_depth_km--median_interevent_time_hours,median_depth_km,median_interevent_time_hours,spearman,undirected,candidate,estimable,0.06402378683,0.06402378683,1,,387,,1d,2025-08-31T23:00:00+00:00,0.2088580897,
CGIE3_ID_02,2025-08,spearman::median_depth_km--spatial_dispersion_km,median_depth_km,spatial_dispersion_km,spearman,undirected,candidate,estimable,0.02993894961,0.02993894961,1,,387,,1d,2025-08-31T23:00:00+00:00,0.5570728022,
CGIE3_ID_02,2025-08,spearman::median_interevent_time_hours--spatial_dispersion_km,median_interevent_time_hours,spatial_dispersion_km,spearman,undirected,candidate,estimable,0.6938891542,0.6938891542,1,,387,,1d,2025-08-31T23:00:00+00:00,7.218557897e-57,
CGIE3_ID_02,2025-09,spearman::depth_mad_km--event_count,depth_mad_km,event_count,spearman,undirected,candidate,estimable,0.05473934649,0.05473934649,1,,184,,1d,2025-09-30T23:00:00+00:00,0.4605059081,
CGIE3_ID_02,2025-09,spearman::depth_mad_km--interevent_time_mad_hours,depth_mad_km,interevent_time_mad_hours,spearman,undirected,candidate,estimable,-0.2210251503,0.2210251503,-1,,184,,1d,2025-09-30T23:00:00+00:00,0.002569127648,
CGIE3_ID_02,2025-09,spearman::depth_mad_km--log10_cumulative_energy_joule,depth_mad_km,log10_cumulative_energy_joule,spearman,undirected,candidate,estimable,-0.08845960808,0.08845960808,-1,,184,,1d,2025-09-30T23:00:00+00:00,0.2324429122,
CGIE3_ID_02,2025-09,spearman::depth_mad_km--maximum_magnitude,depth_mad_km,maximum_magnitude,spearman,undirected,candidate,estimable,-0.07424145971,0.07424145971,-1,,184,,1d,2025-09-30T23:00:00+00:00,0.3165463875,
CGIE3_ID_02,2025-09,spearman::depth_mad_km--median_depth_km,depth_mad_km,median_depth_km,spearman,undirected,candidate,estimable,0.1550560894,0.1550560894,1,,184,,1d,2025-09-30T23:00:00+00:00,0.03558153308,
CGIE3_ID_02,2025-09,spearman::depth_mad_km--median_interevent_time_hours,depth_mad_km,median_interevent_time_hours,spearman,undirected,candidate,estimable,0.09324570004,0.09324570004,1,,184,,1d,2025-09-30T23:00:00+00:00,0.2080406802,
CGIE3_ID_02,2025-09,spearman::depth_mad_km--spatial_dispersion_km,depth_mad_km,spatial_dispersion_km,spearman,undirected,candidate,estimable,0.5351056592,0.5351056592,1,,184,,1d,2025-09-30T23:00:00+00:00,5.069800192e-15,
CGIE3_ID_02,2025-09,spearman::event_count--interevent_time_mad_hours,event_count,interevent_time_mad_hours,spearman,undirected,candidate,estimable,0.4729641796,0.4729641796,1,,184,,1d,2025-09-30T23:00:00+00:00,1.206646268e-11,
CGIE3_ID_02,2025-09,spearman::event_count--log10_cumulative_energy_joule,event_count,log10_cumulative_energy_joule,spearman,undirected,candidate,estimable,0.7466317934,0.7466317934,1,,420,,1d,2025-09-30T23:00:00+00:00,5.265573458e-76,
CGIE3_ID_02,2025-09,spearman::event_count--maximum_magnitude,event_count,maximum_magnitude,spearman,undirected,candidate,estimable,0.5837816949,0.5837816949,1,,420,,1d,2025-09-30T23:00:00+00:00,9.938287743e-40,
CGIE3_ID_02,2025-09,spearman::event_count--median_depth_km,event_count,median_depth_km,spearman,undirected,candidate,estimable,-0.1737997273,0.1737997273,-1,,420,,1d,2025-09-30T23:00:00+00:00,0.0003455851254,
CGIE3_ID_02,2025-09,spearman::event_count--median_interevent_time_hours,event_count,median_interevent_time_hours,spearman,undirected,candidate,estimable,-0.836952552,0.836952552,-1,,184,,1d,2025-09-30T23:00:00+00:00,1.588877608e-49,
CGIE3_ID_02,2025-09,spearman::event_count--spatial_dispersion_km,event_count,spatial_dispersion_km,spearman,undirected,candidate,estimable,-0.1095841364,0.1095841364,-1,,184,,1d,2025-09-30T23:00:00+00:00,0.138658584,
CGIE3_ID_02,2025-09,spearman::interevent_time_mad_hours--log10_cumulative_energy_joule,interevent_time_mad_hours,log10_cumulative_energy_joule,spearman,undirected,candidate,estimable,0.3542623793,0.3542623793,1,,184,,1d,2025-09-30T23:00:00+00:00,8.070652916e-07,
CGIE3_ID_02,2025-09,spearman::interevent_time_mad_hours--maximum_magnitude,interevent_time_mad_hours,maximum_magnitude,spearman,undirected,candidate,estimable,0.2742920612,0.2742920612,1,,184,,1d,2025-09-30T23:00:00+00:00,0.0001646618368,
CGIE3_ID_02,2025-09,spearman::interevent_time_mad_hours--median_depth_km,interevent_time_mad_hours,median_depth_km,spearman,undirected,candidate,estimable,-0.06129013063,0.06129013063,-1,,184,,1d,2025-09-30T23:00:00+00:00,0.4085253634,
CGIE3_ID_02,2025-09,spearman::interevent_time_mad_hours--median_interevent_time_hours,interevent_time_mad_hours,median_interevent_time_hours,spearman,undirected,candidate,estimable,-0.2462838723,0.2462838723,-1,,184,,1d,2025-09-30T23:00:00+00:00,0.0007515398222,
CGIE3_ID_02,2025-09,spearman::interevent_time_mad_hours--spatial_dispersion_km,interevent_time_mad_hours,spatial_dispersion_km,spearman,undirected,candidate,estimable,-0.03961853701,0.03961853701,-1,,184,,1d,2025-09-30T23:00:00+00:00,0.5933696693,
CGIE3_ID_02,2025-09,spearman::log10_cumulative_energy_joule--maximum_magnitude,log10_cumulative_energy_joule,maximum_magnitude,spearman,undirected,candidate,estimable,0.9635864465,0.9635864465,1,,420,,1d,2025-09-30T23:00:00+00:00,1.440646106e-241,
CGIE3_ID_02,2025-09,spearman::log10_cumulative_energy_joule--median_depth_km,log10_cumulative_energy_joule,median_depth_km,spearman,undirected,candidate,estimable,-0.1882292551,0.1882292551,-1,,420,,1d,2025-09-30T23:00:00+00:00,0.0001041139813,
CGIE3_ID_02,2025-09,spearman::log10_cumulative_energy_joule--median_interevent_time_hours,log10_cumulative_energy_joule,median_interevent_time_hours,spearman,undirected,candidate,estimable,-0.7326523591,0.7326523591,-1,,184,,1d,2025-09-30T23:00:00+00:00,3.098025548e-32,
CGIE3_ID_02,2025-09,spearman::log10_cumulative_energy_joule--spatial_dispersion_km,log10_cumulative_energy_joule,spatial_dispersion_km,spearman,undirected,candidate,estimable,-0.5538275953,0.5538275953,-1,,184,,1d,2025-09-30T23:00:00+00:00,3.508771091e-16,
CGIE3_ID_02,2025-09,spearman::maximum_magnitude--median_depth_km,maximum_magnitude,median_depth_km,spearman,undirected,candidate,estimable,-0.1445749982,0.1445749982,-1,,420,,1d,2025-09-30T23:00:00+00:00,0.002980981033,
CGIE3_ID_02,2025-09,spearman::maximum_magnitude--median_interevent_time_hours,maximum_magnitude,median_interevent_time_hours,spearman,undirected,candidate,estimable,-0.6466097089,0.6466097089,-1,,184,,1d,2025-09-30T23:00:00+00:00,3.617102604e-23,
CGIE3_ID_02,2025-09,spearman::maximum_magnitude--spatial_dispersion_km,maximum_magnitude,spatial_dispersion_km,spearman,undirected,candidate,estimable,-0.5724210374,0.5724210374,-1,,184,,1d,2025-09-30T23:00:00+00:00,2.085099068e-17,
CGIE3_ID_02,2025-09,spearman::median_depth_km--median_interevent_time_hours,median_depth_km,median_interevent_time_hours,spearman,undirected,candidate,estimable,0.6183047129,0.6183047129,1,,184,,1d,2025-09-30T23:00:00+00:00,8.651407117e-21,
CGIE3_ID_02,2025-09,spearman::median_depth_km--spatial_dispersion_km,median_depth_km,spatial_dispersion_km,spearman,undirected,candidate,estimable,0.1542815241,0.1542815241,1,,184,,1d,2025-09-30T23:00:00+00:00,0.03652349549,
CGIE3_ID_02,2025-09,spearman::median_interevent_time_hours--spatial_dispersion_km,median_interevent_time_hours,spatial_dispersion_km,spearman,undirected,candidate,estimable,0.3018057872,0.3018057872,1,,184,,1d,2025-09-30T23:00:00+00:00,3.134091726e-05,
CGIE3_ID_02,2025-10,spearman::depth_mad_km--event_count,depth_mad_km,event_count,spearman,undirected,candidate,estimable,-0.1793448873,0.1793448873,-1,,570,,1d,2025-10-31T23:00:00+00:00,1.652048199e-05,
CGIE3_ID_02,2025-10,spearman::depth_mad_km--interevent_time_mad_hours,depth_mad_km,interevent_time_mad_hours,spearman,undirected,candidate,estimable,-0.05569711135,0.05569711135,-1,,570,,1d,2025-10-31T23:00:00+00:00,0.1842236542,
CGIE3_ID_02,2025-10,spearman::depth_mad_km--log10_cumulative_energy_joule,depth_mad_km,log10_cumulative_energy_joule,spearman,undirected,candidate,estimable,-0.2576680229,0.2576680229,-1,,570,,1d,2025-10-31T23:00:00+00:00,4.265986197e-10,
CGIE3_ID_02,2025-10,spearman::depth_mad_km--maximum_magnitude,depth_mad_km,maximum_magnitude,spearman,undirected,candidate,estimable,-0.2066697316,0.2066697316,-1,,570,,1d,2025-10-31T23:00:00+00:00,6.451964656e-07,
CGIE3_ID_02,2025-10,spearman::depth_mad_km--median_depth_km,depth_mad_km,median_depth_km,spearman,undirected,candidate,estimable,-0.1380665193,0.1380665193,-1,,570,,1d,2025-10-31T23:00:00+00:00,0.0009501112738,
CGIE3_ID_02,2025-10,spearman::depth_mad_km--median_interevent_time_hours,depth_mad_km,median_interevent_time_hours,spearman,undirected,candidate,estimable,0.08422390211,0.08422390211,1,,570,,1d,2025-10-31T23:00:00+00:00,0.04443368567,
CGIE3_ID_02,2025-10,spearman::depth_mad_km--spatial_dispersion_km,depth_mad_km,spatial_dispersion_km,spearman,undirected,candidate,estimable,0.1071544869,0.1071544869,1,,570,,1d,2025-10-31T23:00:00+00:00,0.01046610602,
CGIE3_ID_02,2025-10,spearman::event_count--interevent_time_mad_hours,event_count,interevent_time_mad_hours,spearman,undirected,candidate,estimable,0.1695688592,0.1695688592,1,,570,,1d,2025-10-31T23:00:00+00:00,4.721186602e-05,
CGIE3_ID_02,2025-10,spearman::event_count--log10_cumulative_energy_joule,event_count,log10_cumulative_energy_joule,spearman,undirected,candidate,estimable,0.7638050746,0.7638050746,1,,680,,1d,2025-10-31T23:00:00+00:00,4.877504141e-131,
CGIE3_ID_02,2025-10,spearman::event_count--maximum_magnitude,event_count,maximum_magnitude,spearman,undirected,candidate,estimable,0.631543378,0.631543378,1,,680,,1d,2025-10-31T23:00:00+00:00,5.763900977e-77,
CGIE3_ID_02,2025-10,spearman::event_count--median_depth_km,event_count,median_depth_km,spearman,undirected,candidate,estimable,0.2343222146,0.2343222146,1,,680,,1d,2025-10-31T23:00:00+00:00,6.192486679e-10,
CGIE3_ID_02,2025-10,spearman::event_count--median_interevent_time_hours,event_count,median_interevent_time_hours,spearman,undirected,candidate,estimable,-0.700322015,0.700322015,-1,,570,,1d,2025-10-31T23:00:00+00:00,3.306115229e-85,
CGIE3_ID_02,2025-10,spearman::event_count--spatial_dispersion_km,event_count,spatial_dispersion_km,spearman,undirected,candidate,estimable,-0.4189233595,0.4189233595,-1,,570,,1d,2025-10-31T23:00:00+00:00,1.251872729e-25,
CGIE3_ID_02,2025-10,spearman::interevent_time_mad_hours--log10_cumulative_energy_joule,interevent_time_mad_hours,log10_cumulative_energy_joule,spearman,undirected,candidate,estimable,0.06132766062,0.06132766062,1,,570,,1d,2025-10-31T23:00:00+00:00,0.1436479592,
CGIE3_ID_02,2025-10,spearman::interevent_time_mad_hours--maximum_magnitude,interevent_time_mad_hours,maximum_magnitude,spearman,undirected,candidate,estimable,0.01454352547,0.01454352547,1,,570,,1d,2025-10-31T23:00:00+00:00,0.7289835032,
CGIE3_ID_02,2025-10,spearman::interevent_time_mad_hours--median_depth_km,interevent_time_mad_hours,median_depth_km,spearman,undirected,candidate,estimable,-0.02122276803,0.02122276803,-1,,570,,1d,2025-10-31T23:00:00+00:00,0.6131154939,
CGIE3_ID_02,2025-10,spearman::interevent_time_mad_hours--median_interevent_time_hours,interevent_time_mad_hours,median_interevent_time_hours,spearman,undirected,candidate,estimable,0.3258969442,0.3258969442,1,,570,,1d,2025-10-31T23:00:00+00:00,1.433327419e-15,
CGIE3_ID_02,2025-10,spearman::interevent_time_mad_hours--spatial_dispersion_km,interevent_time_mad_hours,spatial_dispersion_km,spearman,undirected,candidate,estimable,0.1204224727,0.1204224727,1,,570,,1d,2025-10-31T23:00:00+00:00,0.003986599113,
CGIE3_ID_02,2025-10,spearman::log10_cumulative_energy_joule--maximum_magnitude,log10_cumulative_energy_joule,maximum_magnitude,spearman,undirected,candidate,estimable,0.9709475115,0.9709475115,1,,680,,1d,2025-10-31T23:00:00+00:00,0,
CGIE3_ID_02,2025-10,spearman::log10_cumulative_energy_joule--median_depth_km,log10_cumulative_energy_joule,median_depth_km,spearman,undirected,candidate,estimable,0.2755626831,0.2755626831,1,,680,,1d,2025-10-31T23:00:00+00:00,2.58035697e-13,
CGIE3_ID_02,2025-10,spearman::log10_cumulative_energy_joule--median_interevent_time_hours,log10_cumulative_energy_joule,median_interevent_time_hours,spearman,undirected,candidate,estimable,-0.5309236161,0.5309236161,-1,,570,,1d,2025-10-31T23:00:00+00:00,9.069777281e-43,
CGIE3_ID_02,2025-10,spearman::log10_cumulative_energy_joule--spatial_dispersion_km,log10_cumulative_energy_joule,spatial_dispersion_km,spearman,undirected,candidate,estimable,-0.5270831288,0.5270831288,-1,,570,,1d,2025-10-31T23:00:00+00:00,4.535480039e-42,
CGIE3_ID_02,2025-10,spearman::maximum_magnitude--median_depth_km,maximum_magnitude,median_depth_km,spearman,undirected,candidate,estimable,0.2427444524,0.2427444524,1,,680,,1d,2025-10-31T23:00:00+00:00,1.412504753e-10,
CGIE3_ID_02,2025-10,spearman::maximum_magnitude--median_interevent_time_hours,maximum_magnitude,median_interevent_time_hours,spearman,undirected,candidate,estimable,-0.4618241389,0.4618241389,-1,,570,,1d,2025-10-31T23:00:00+00:00,1.862194778e-31,
CGIE3_ID_02,2025-10,spearman::maximum_magnitude--spatial_dispersion_km,maximum_magnitude,spatial_dispersion_km,spearman,undirected,candidate,estimable,-0.4791589362,0.4791589362,-1,,570,,1d,2025-10-31T23:00:00+00:00,4.678123199e-34,
CGIE3_ID_02,2025-10,spearman::median_depth_km--median_interevent_time_hours,median_depth_km,median_interevent_time_hours,spearman,undirected,candidate,estimable,0.07873636275,0.07873636275,1,,570,,1d,2025-10-31T23:00:00+00:00,0.06029973111,
CGIE3_ID_02,2025-10,spearman::median_depth_km--spatial_dispersion_km,median_depth_km,spatial_dispersion_km,spearman,undirected,candidate,estimable,0.1089067153,0.1089067153,1,,570,,1d,2025-10-31T23:00:00+00:00,0.009264179994,
CGIE3_ID_02,2025-10,spearman::median_interevent_time_hours--spatial_dispersion_km,median_interevent_time_hours,spatial_dispersion_km,spearman,undirected,candidate,estimable,0.3839367955,0.3839367955,1,,570,,1d,2025-10-31T23:00:00+00:00,1.847599787e-21,
CGIE3_ID_02,2025-11,spearman::depth_mad_km--event_count,depth_mad_km,event_count,spearman,undirected,candidate,estimable,0.07249549346,0.07249549346,1,,481,,1d,2025-11-30T23:00:00+00:00,0.1123081898,
CGIE3_ID_02,2025-11,spearman::depth_mad_km--interevent_time_mad_hours,depth_mad_km,interevent_time_mad_hours,spearman,undirected,candidate,estimable,-0.03225962243,0.03225962243,-1,,481,,1d,2025-11-30T23:00:00+00:00,0.4802804032,
CGIE3_ID_02,2025-11,spearman::depth_mad_km--log10_cumulative_energy_joule,depth_mad_km,log10_cumulative_energy_joule,spearman,undirected,candidate,estimable,0.02932883111,0.02932883111,1,,481,,1d,2025-11-30T23:00:00+00:00,0.5210706302,
CGIE3_ID_02,2025-11,spearman::depth_mad_km--maximum_magnitude,depth_mad_km,maximum_magnitude,spearman,undirected,candidate,estimable,0.07886864457,0.07886864457,1,,481,,1d,2025-11-30T23:00:00+00:00,0.08400323391,
CGIE3_ID_02,2025-11,spearman::depth_mad_km--median_depth_km,depth_mad_km,median_depth_km,spearman,undirected,candidate,estimable,-0.110824722,0.110824722,-1,,481,,1d,2025-11-30T23:00:00+00:00,0.01502620509,
CGIE3_ID_02,2025-11,spearman::depth_mad_km--median_interevent_time_hours,depth_mad_km,median_interevent_time_hours,spearman,undirected,candidate,estimable,-0.03742701998,0.03742701998,-1,,481,,1d,2025-11-30T23:00:00+00:00,0.4127921804,
CGIE3_ID_02,2025-11,spearman::depth_mad_km--spatial_dispersion_km,depth_mad_km,spatial_dispersion_km,spearman,undirected,candidate,estimable,0.2056681862,0.2056681862,1,,481,,1d,2025-11-30T23:00:00+00:00,5.425459096e-06,
CGIE3_ID_02,2025-11,spearman::event_count--interevent_time_mad_hours,event_count,interevent_time_mad_hours,spearman,undirected,candidate,estimable,0.05517353751,0.05517353751,1,,481,,1d,2025-11-30T23:00:00+00:00,0.2271157667,
CGIE3_ID_02,2025-11,spearman::event_count--log10_cumulative_energy_joule,event_count,log10_cumulative_energy_joule,spearman,undirected,candidate,estimable,0.7158498356,0.7158498356,1,,574,,1d,2025-11-30T23:00:00+00:00,2.775169094e-91,
CGIE3_ID_02,2025-11,spearman::event_count--maximum_magnitude,event_count,maximum_magnitude,spearman,undirected,candidate,estimable,0.6219253752,0.6219253752,1,,574,,1d,2025-11-30T23:00:00+00:00,9.641053382e-63,
CGIE3_ID_02,2025-11,spearman::event_count--median_depth_km,event_count,median_depth_km,spearman,undirected,candidate,estimable,-0.2541511454,0.2541511454,-1,,574,,1d,2025-11-30T23:00:00+00:00,6.513596415e-10,
CGIE3_ID_02,2025-11,spearman::event_count--median_interevent_time_hours,event_count,median_interevent_time_hours,spearman,undirected,candidate,estimable,-0.6850285567,0.6850285567,-1,,481,,1d,2025-11-30T23:00:00+00:00,6.810978094e-68,
CGIE3_ID_02,2025-11,spearman::event_count--spatial_dispersion_km,event_count,spatial_dispersion_km,spearman,undirected,candidate,estimable,-0.2096082063,0.2096082063,-1,,481,,1d,2025-11-30T23:00:00+00:00,3.539942228e-06,
CGIE3_ID_02,2025-11,spearman::interevent_time_mad_hours--log10_cumulative_energy_joule,interevent_time_mad_hours,log10_cumulative_energy_joule,spearman,undirected,candidate,estimable,0.05720983464,0.05720983464,1,,481,,1d,2025-11-30T23:00:00+00:00,0.2103982803,
CGIE3_ID_02,2025-11,spearman::interevent_time_mad_hours--maximum_magnitude,interevent_time_mad_hours,maximum_magnitude,spearman,undirected,candidate,estimable,0.04739072938,0.04739072938,1,,481,,1d,2025-11-30T23:00:00+00:00,0.2996247545,
CGIE3_ID_02,2025-11,spearman::interevent_time_mad_hours--median_depth_km,interevent_time_mad_hours,median_depth_km,spearman,undirected,candidate,estimable,0.0884437085,0.0884437085,1,,481,,1d,2025-11-30T23:00:00+00:00,0.0525652688,
CGIE3_ID_02,2025-11,spearman::interevent_time_mad_hours--median_interevent_time_hours,interevent_time_mad_hours,median_interevent_time_hours,spearman,undirected,candidate,estimable,0.3266398052,0.3266398052,1,,481,,1d,2025-11-30T23:00:00+00:00,2.017578338e-13,
CGIE3_ID_02,2025-11,spearman::interevent_time_mad_hours--spatial_dispersion_km,interevent_time_mad_hours,spatial_dispersion_km,spearman,undirected,candidate,estimable,0.2917056613,0.2917056613,1,,481,,1d,2025-11-30T23:00:00+00:00,6.874685652e-11,
CGIE3_ID_02,2025-11,spearman::log10_cumulative_energy_joule--maximum_magnitude,log10_cumulative_energy_joule,maximum_magnitude,spearman,undirected,candidate,estimable,0.9792570285,0.9792570285,1,,574,,1d,2025-11-30T23:00:00+00:00,0,
CGIE3_ID_02,2025-11,spearman::log10_cumulative_energy_joule--median_depth_km,log10_cumulative_energy_joule,median_depth_km,spearman,undirected,candidate,estimable,-0.2089068537,0.2089068537,-1,,574,,1d,2025-11-30T23:00:00+00:00,4.418884424e-07,
CGIE3_ID_02,2025-11,spearman::log10_cumulative_energy_joule--median_interevent_time_hours,log10_cumulative_energy_joule,median_interevent_time_hours,spearman,undirected,candidate,estimable,-0.3587070721,0.3587070721,-1,,481,,1d,2025-11-30T23:00:00+00:00,4.726610215e-16,
CGIE3_ID_02,2025-11,spearman::log10_cumulative_energy_joule--spatial_dispersion_km,log10_cumulative_energy_joule,spatial_dispersion_km,spearman,undirected,candidate,estimable,-0.1259068334,0.1259068334,-1,,481,,1d,2025-11-30T23:00:00+00:00,0.005689147028,
CGIE3_ID_02,2025-11,spearman::maximum_magnitude--median_depth_km,maximum_magnitude,median_depth_km,spearman,undirected,candidate,estimable,-0.2146239067,0.2146239067,-1,,574,,1d,2025-11-30T23:00:00+00:00,2.086844546e-07,
CGIE3_ID_02,2025-11,spearman::maximum_magnitude--median_interevent_time_hours,maximum_magnitude,median_interevent_time_hours,spearman,undirected,candidate,estimable,-0.2703933541,0.2703933541,-1,,481,,1d,2025-11-30T23:00:00+00:00,1.666236587e-09,
CGIE3_ID_02,2025-11,spearman::maximum_magnitude--spatial_dispersion_km,maximum_magnitude,spatial_dispersion_km,spearman,undirected,candidate,estimable,-0.08829496116,0.08829496116,-1,,481,,1d,2025-11-30T23:00:00+00:00,0.052965482,
CGIE3_ID_02,2025-11,spearman::median_depth_km--median_interevent_time_hours,median_depth_km,median_interevent_time_hours,spearman,undirected,candidate,estimable,0.4092293175,0.4092293175,1,,481,,1d,2025-11-30T23:00:00+00:00,7.605803512e-21,
CGIE3_ID_02,2025-11,spearman::median_depth_km--spatial_dispersion_km,median_depth_km,spatial_dispersion_km,spearman,undirected,candidate,estimable,0.4039236388,0.4039236388,1,,481,,1d,2025-11-30T23:00:00+00:00,2.656452379e-20,
CGIE3_ID_02,2025-11,spearman::median_interevent_time_hours--spatial_dispersion_km,median_interevent_time_hours,spatial_dispersion_km,spearman,undirected,candidate,estimable,0.3914444447,0.3914444447,1,,481,,1d,2025-11-30T23:00:00+00:00,4.613203917e-19,
CGIE3_ID_02,2025-12,spearman::depth_mad_km--event_count,depth_mad_km,event_count,spearman,undirected,candidate,estimable,0.07178969843,0.07178969843,1,,240,,1d,2025-12-31T23:00:00+00:00,0.2679547882,
CGIE3_ID_02,2025-12,spearman::depth_mad_km--interevent_time_mad_hours,depth_mad_km,interevent_time_mad_hours,spearman,undirected,candidate,estimable,-0.01497664815,0.01497664815,-1,,240,,1d,2025-12-31T23:00:00+00:00,0.817455534,
CGIE3_ID_02,2025-12,spearman::depth_mad_km--log10_cumulative_energy_joule,depth_mad_km,log10_cumulative_energy_joule,spearman,undirected,candidate,estimable,-0.3671737996,0.3671737996,-1,,240,,1d,2025-12-31T23:00:00+00:00,4.500577812e-09,
CGIE3_ID_02,2025-12,spearman::depth_mad_km--maximum_magnitude,depth_mad_km,maximum_magnitude,spearman,undirected,candidate,estimable,-0.4177332134,0.4177332134,-1,,240,,1d,2025-12-31T23:00:00+00:00,1.490684582e-11,
CGIE3_ID_02,2025-12,spearman::depth_mad_km--median_depth_km,depth_mad_km,median_depth_km,spearman,undirected,candidate,estimable,-0.2684886672,0.2684886672,-1,,240,,1d,2025-12-31T23:00:00+00:00,2.493921588e-05,
CGIE3_ID_02,2025-12,spearman::depth_mad_km--median_interevent_time_hours,depth_mad_km,median_interevent_time_hours,spearman,undirected,candidate,estimable,0.2245638003,0.2245638003,1,,240,,1d,2025-12-31T23:00:00+00:00,0.0004555026425,
CGIE3_ID_02,2025-12,spearman::depth_mad_km--spatial_dispersion_km,depth_mad_km,spatial_dispersion_km,spearman,undirected,candidate,estimable,0.3973465243,0.3973465243,1,,240,,1d,2025-12-31T23:00:00+00:00,1.675320097e-10,
CGIE3_ID_02,2025-12,spearman::event_count--interevent_time_mad_hours,event_count,interevent_time_mad_hours,spearman,undirected,candidate,estimable,0.8859231518,0.8859231518,1,,240,,1d,2025-12-31T23:00:00+00:00,2.286461348e-81,
CGIE3_ID_02,2025-12,spearman::event_count--log10_cumulative_energy_joule,event_count,log10_cumulative_energy_joule,spearman,undirected,candidate,estimable,0.6483398784,0.6483398784,1,,455,,1d,2025-12-31T23:00:00+00:00,1.313776871e-55,
CGIE3_ID_02,2025-12,spearman::event_count--maximum_magnitude,event_count,maximum_magnitude,spearman,undirected,candidate,estimable,0.5429174091,0.5429174091,1,,455,,1d,2025-12-31T23:00:00+00:00,3.055448119e-36,
CGIE3_ID_02,2025-12,spearman::event_count--median_depth_km,event_count,median_depth_km,spearman,undirected,candidate,estimable,0.0005601089131,0.0005601089131,1,,455,,1d,2025-12-31T23:00:00+00:00,0.9904936953,
CGIE3_ID_02,2025-12,spearman::event_count--median_interevent_time_hours,event_count,median_interevent_time_hours,spearman,undirected,candidate,estimable,0.04309725316,0.04309725316,1,,240,,1d,2025-12-31T23:00:00+00:00,0.5063813303,
CGIE3_ID_02,2025-12,spearman::event_count--spatial_dispersion_km,event_count,spatial_dispersion_km,spearman,undirected,candidate,estimable,0.015871582,0.015871582,1,,240,,1d,2025-12-31T23:00:00+00:00,0.8067559515,
CGIE3_ID_02,2025-12,spearman::interevent_time_mad_hours--log10_cumulative_energy_joule,interevent_time_mad_hours,log10_cumulative_energy_joule,spearman,undirected,candidate,estimable,0.2331043025,0.2331043025,1,,240,,1d,2025-12-31T23:00:00+00:00,0.0002698017332,
CGIE3_ID_02,2025-12,spearman::interevent_time_mad_hours--maximum_magnitude,interevent_time_mad_hours,maximum_magnitude,spearman,undirected,candidate,estimable,0.1151215781,0.1151215781,1,,240,,1d,2025-12-31T23:00:00+00:00,0.07506491913,
CGIE3_ID_02,2025-12,spearman::interevent_time_mad_hours--median_depth_km,interevent_time_mad_hours,median_depth_km,spearman,undirected,candidate,estimable,-0.1098508537,0.1098508537,-1,,240,,1d,2025-12-31T23:00:00+00:00,0.08949645911,
CGIE3_ID_02,2025-12,spearman::interevent_time_mad_hours--median_interevent_time_hours,interevent_time_mad_hours,median_interevent_time_hours,spearman,undirected,candidate,estimable,0.1789120486,0.1789120486,1,,240,,1d,2025-12-31T23:00:00+00:00,0.005441145208,
CGIE3_ID_02,2025-12,spearman::interevent_time_mad_hours--spatial_dispersion_km,interevent_time_mad_hours,spatial_dispersion_km,spearman,undirected,candidate,estimable,0.1179804034,0.1179804034,1,,240,,1d,2025-12-31T23:00:00+00:00,0.06806449409,
CGIE3_ID_02,2025-12,spearman::log10_cumulative_energy_joule--maximum_magnitude,log10_cumulative_energy_joule,maximum_magnitude,spearman,undirected,candidate,estimable,0.9817945519,0.9817945519,1,,455,,1d,2025-12-31T23:00:00+00:00,0,
CGIE3_ID_02,2025-12,spearman::log10_cumulative_energy_joule--median_depth_km,log10_cumulative_energy_joule,median_depth_km,spearman,undirected,candidate,estimable,0.1447429218,0.1447429218,1,,455,,1d,2025-12-31T23:00:00+00:00,0.001966176163,
CGIE3_ID_02,2025-12,spearman::log10_cumulative_energy_joule--median_interevent_time_hours,log10_cumulative_energy_joule,median_interevent_time_hours,spearman,undirected,candidate,estimable,-0.1964975102,0.1964975102,-1,,240,,1d,2025-12-31T23:00:00+00:00,0.00222743283,
CGIE3_ID_02,2025-12,spearman::log10_cumulative_energy_joule--spatial_dispersion_km,log10_cumulative_energy_joule,spatial_dispersion_km,spearman,undirected,candidate,estimable,-0.3096640311,0.3096640311,-1,,240,,1d,2025-12-31T23:00:00+00:00,9.928402306e-07,
CGIE3_ID_02,2025-12,spearman::maximum_magnitude--median_depth_km,maximum_magnitude,median_depth_km,spearman,undirected,candidate,estimable,0.1863718976,0.1863718976,1,,455,,1d,2025-12-31T23:00:00+00:00,6.344718125e-05,
CGIE3_ID_02,2025-12,spearman::maximum_magnitude--median_interevent_time_hours,maximum_magnitude,median_interevent_time_hours,spearman,undirected,candidate,estimable,-0.2259831126,0.2259831126,-1,,240,,1d,2025-12-31T23:00:00+00:00,0.0004180944229,
CGIE3_ID_02,2025-12,spearman::maximum_magnitude--spatial_dispersion_km,maximum_magnitude,spatial_dispersion_km,spearman,undirected,candidate,estimable,-0.3423095135,0.3423095135,-1,,240,,1d,2025-12-31T23:00:00+00:00,5.31009219e-08,
CGIE3_ID_02,2025-12,spearman::median_depth_km--median_interevent_time_hours,median_depth_km,median_interevent_time_hours,spearman,undirected,candidate,estimable,0.003092306431,0.003092306431,1,,240,,1d,2025-12-31T23:00:00+00:00,0.961990553,
CGIE3_ID_02,2025-12,spearman::median_depth_km--spatial_dispersion_km,median_depth_km,spatial_dispersion_km,spearman,undirected,candidate,estimable,-0.2413758576,0.2413758576,-1,,240,,1d,2025-12-31T23:00:00+00:00,0.0001594708317,
CGIE3_ID_02,2025-12,spearman::median_interevent_time_hours--spatial_dispersion_km,median_interevent_time_hours,spatial_dispersion_km,spearman,undirected,candidate,estimable,0.6858701271,0.6858701271,1,,240,,1d,2025-12-31T23:00:00+00:00,1.054407761e-34,
CGIE3_ID_02,2025-01,spearman::depth_mad_km--event_count,depth_mad_km,event_count,spearman,undirected,candidate,estimable,0.8134744225,0.8134744225,1,,691,,30d,2025-01-31T23:00:00+00:00,2.503652122e-164,
CGIE3_ID_02,2025-01,spearman::depth_mad_km--interevent_time_mad_hours,depth_mad_km,interevent_time_mad_hours,spearman,undirected,candidate,estimable,-0.3820580841,0.3820580841,-1,,691,,30d,2025-01-31T23:00:00+00:00,1.948573396e-25,
CGIE3_ID_02,2025-01,spearman::depth_mad_km--log10_cumulative_energy_joule,depth_mad_km,log10_cumulative_energy_joule,spearman,undirected,candidate,estimable,0.8134744225,0.8134744225,1,,691,,30d,2025-01-31T23:00:00+00:00,2.503652122e-164,
CGIE3_ID_02,2025-01,spearman::depth_mad_km--maximum_magnitude,depth_mad_km,maximum_magnitude,spearman,undirected,candidate,estimable,0.864066845,0.864066845,1,,691,,30d,2025-01-31T23:00:00+00:00,1.414139576e-207,
CGIE3_ID_02,2025-01,spearman::depth_mad_km--median_depth_km,depth_mad_km,median_depth_km,spearman,undirected,candidate,estimable,-0.5215797467,0.5215797467,-1,,691,,30d,2025-01-31T23:00:00+00:00,1.813882806e-49,
CGIE3_ID_02,2025-01,spearman::depth_mad_km--median_interevent_time_hours,depth_mad_km,median_interevent_time_hours,spearman,undirected,candidate,estimable,-0.7374464455,0.7374464455,-1,,691,,30d,2025-01-31T23:00:00+00:00,1.529222385e-119,
CGIE3_ID_02,2025-01,spearman::depth_mad_km--spatial_dispersion_km,depth_mad_km,spatial_dispersion_km,spearman,undirected,candidate,estimable,-0.7190543603,0.7190543603,-1,,691,,30d,2025-01-31T23:00:00+00:00,5.407266901e-111,
CGIE3_ID_02,2025-01,spearman::depth_mad_km--temporal_burstiness,depth_mad_km,temporal_burstiness,spearman,undirected,candidate,estimable,0.7759035782,0.7759035782,1,,655,,30d,2025-01-31T23:00:00+00:00,9.046958906e-133,
CGIE3_ID_02,2025-01,spearman::event_count--interevent_time_mad_hours,event_count,interevent_time_mad_hours,spearman,undirected,candidate,estimable,-0.4300616713,0.4300616713,-1,,691,,30d,2025-01-31T23:00:00+00:00,1.773501805e-32,
CGIE3_ID_02,2025-01,spearman::event_count--log10_cumulative_energy_joule,event_count,log10_cumulative_energy_joule,spearman,undirected,candidate,estimable,1,1,1,,703,,30d,2025-01-31T23:00:00+00:00,0,
CGIE3_ID_02,2025-01,spearman::event_count--maximum_magnitude,event_count,maximum_magnitude,spearman,undirected,candidate,estimable,0.9002624204,0.9002624204,1,,703,,30d,2025-01-31T23:00:00+00:00,2.231466899e-255,
CGIE3_ID_02,2025-01,spearman::event_count--median_depth_km,event_count,median_depth_km,spearman,undirected,candidate,estimable,-0.2834211512,0.2834211512,-1,,703,,30d,2025-01-31T23:00:00+00:00,1.875495592e-14,
CGIE3_ID_02,2025-01,spearman::event_count--median_interevent_time_hours,event_count,median_interevent_time_hours,spearman,undirected,candidate,estimable,-0.7622655916,0.7622655916,-1,,691,,30d,2025-01-31T23:00:00+00:00,2.725258709e-132,
CGIE3_ID_02,2025-01,spearman::event_count--spatial_dispersion_km,event_count,spatial_dispersion_km,spearman,undirected,candidate,estimable,-0.588767597,0.588767597,-1,,691,,30d,2025-01-31T23:00:00+00:00,1.071359978e-65,
CGIE3_ID_02,2025-01,spearman::event_count--temporal_burstiness,event_count,temporal_burstiness,spearman,undirected,candidate,estimable,0.9450532897,0.9450532897,1,,655,,30d,2025-01-31T23:00:00+00:00,0,
CGIE3_ID_02,2025-01,spearman::interevent_time_mad_hours--log10_cumulative_energy_joule,interevent_time_mad_hours,log10_cumulative_energy_joule,spearman,undirected,candidate,estimable,-0.4300616713,0.4300616713,-1,,691,,30d,2025-01-31T23:00:00+00:00,1.773501805e-32,
CGIE3_ID_02,2025-01,spearman::interevent_time_mad_hours--maximum_magnitude,interevent_time_mad_hours,maximum_magnitude,spearman,undirected,candidate,estimable,-0.4395374682,0.4395374682,-1,,691,,30d,2025-01-31T23:00:00+00:00,5.238454723e-34,
CGIE3_ID_02,2025-01,spearman::interevent_time_mad_hours--median_depth_km,interevent_time_mad_hours,median_depth_km,spearman,undirected,candidate,estimable,0.6374670539,0.6374670539,1,,691,,30d,2025-01-31T23:00:00+00:00,4.51813624e-80,
CGIE3_ID_02,2025-01,spearman::interevent_time_mad_hours--median_interevent_time_hours,interevent_time_mad_hours,median_interevent_time_hours,spearman,undirected,candidate,estimable,0.8447283489,0.8447283489,1,,691,,30d,2025-01-31T23:00:00+00:00,3.167204937e-189,
CGIE3_ID_02,2025-01,spearman::interevent_time_mad_hours--spatial_dispersion_km,interevent_time_mad_hours,spatial_dispersion_km,spearman,undirected,candidate,estimable,0.0549258037,0.0549258037,1,,691,,30d,2025-01-31T23:00:00+00:00,0.1492169657,
CGIE3_ID_02,2025-01,spearman::interevent_time_mad_hours--temporal_burstiness,interevent_time_mad_hours,temporal_burstiness,spearman,undirected,candidate,estimable,-0.6769265519,0.6769265519,-1,,655,,30d,2025-01-31T23:00:00+00:00,5.671439561e-89,
CGIE3_ID_02,2025-01,spearman::log10_cumulative_energy_joule--maximum_magnitude,log10_cumulative_energy_joule,maximum_magnitude,spearman,undirected,candidate,estimable,0.9002624204,0.9002624204,1,,703,,30d,2025-01-31T23:00:00+00:00,2.231466899e-255,
CGIE3_ID_02,2025-01,spearman::log10_cumulative_energy_joule--median_depth_km,log10_cumulative_energy_joule,median_depth_km,spearman,undirected,candidate,estimable,-0.2834211512,0.2834211512,-1,,703,,30d,2025-01-31T23:00:00+00:00,1.875495592e-14,
CGIE3_ID_02,2025-01,spearman::log10_cumulative_energy_joule--median_interevent_time_hours,log10_cumulative_energy_joule,median_interevent_time_hours,spearman,undirected,candidate,estimable,-0.7622655916,0.7622655916,-1,,691,,30d,2025-01-31T23:00:00+00:00,2.725258709e-132,
CGIE3_ID_02,2025-01,spearman::log10_cumulative_energy_joule--spatial_dispersion_km,log10_cumulative_energy_joule,spatial_dispersion_km,spearman,undirected,candidate,estimable,-0.588767597,0.588767597,-1,,691,,30d,2025-01-31T23:00:00+00:00,1.071359978e-65,
CGIE3_ID_02,2025-01,spearman::log10_cumulative_energy_joule--temporal_burstiness,log10_cumulative_energy_joule,temporal_burstiness,spearman,undirected,candidate,estimable,0.9450532897,0.9450532897,1,,655,,30d,2025-01-31T23:00:00+00:00,0,
CGIE3_ID_02,2025-01,spearman::maximum_magnitude--median_depth_km,maximum_magnitude,median_depth_km,spearman,undirected,candidate,estimable,-0.5100916096,0.5100916096,-1,,703,,30d,2025-01-31T23:00:00+00:00,7.860643967e-48,
CGIE3_ID_02,2025-01,spearman::maximum_magnitude--median_interevent_time_hours,maximum_magnitude,median_interevent_time_hours,spearman,undirected,candidate,estimable,-0.7341832531,0.7341832531,-1,,691,,30d,2025-01-31T23:00:00+00:00,5.664630446e-118,
CGIE3_ID_02,2025-01,spearman::maximum_magnitude--spatial_dispersion_km,maximum_magnitude,spatial_dispersion_km,spearman,undirected,candidate,estimable,-0.6361203116,0.6361203116,-1,,691,,30d,2025-01-31T23:00:00+00:00,1.223290559e-79,
CGIE3_ID_02,2025-01,spearman::maximum_magnitude--temporal_burstiness,maximum_magnitude,temporal_burstiness,spearman,undirected,candidate,estimable,0.8741355435,0.8741355435,1,,655,,30d,2025-01-31T23:00:00+00:00,5.500767844e-207,
CGIE3_ID_02,2025-01,spearman::median_depth_km--median_interevent_time_hours,median_depth_km,median_interevent_time_hours,spearman,undirected,candidate,estimable,0.5602796212,0.5602796212,1,,691,,30d,2025-01-31T23:00:00+00:00,2.319961456e-58,
CGIE3_ID_02,2025-01,spearman::median_depth_km--spatial_dispersion_km,median_depth_km,spatial_dispersion_km,spearman,undirected,candidate,estimable,0.3374776244,0.3374776244,1,,691,,30d,2025-01-31T23:00:00+00:00,7.227126066e-20,
CGIE3_ID_02,2025-01,spearman::median_depth_km--temporal_burstiness,median_depth_km,temporal_burstiness,spearman,undirected,candidate,estimable,-0.4911500508,0.4911500508,-1,,655,,30d,2025-01-31T23:00:00+00:00,4.54266233e-41,
CGIE3_ID_02,2025-01,spearman::median_interevent_time_hours--spatial_dispersion_km,median_interevent_time_hours,spatial_dispersion_km,spearman,undirected,candidate,estimable,0.4987471652,0.4987471652,1,,691,,30d,2025-01-31T23:00:00+00:00,9.793131354e-45,
CGIE3_ID_02,2025-01,spearman::median_interevent_time_hours--temporal_burstiness,median_interevent_time_hours,temporal_burstiness,spearman,undirected,candidate,estimable,-0.878655967,0.878655967,-1,,655,,30d,2025-01-31T23:00:00+00:00,7.824341147e-212,
CGIE3_ID_02,2025-01,spearman::spatial_dispersion_km--temporal_burstiness,spatial_dispersion_km,temporal_burstiness,spearman,undirected,candidate,estimable,-0.6456823503,0.6456823503,-1,,655,,30d,2025-01-31T23:00:00+00:00,1.574321115e-78,
CGIE3_ID_02,2025-02,spearman::depth_mad_km--event_count,depth_mad_km,event_count,spearman,undirected,candidate,estimable,0.2003617091,0.2003617091,1,,672,,30d,2025-02-28T23:00:00+00:00,1.627665263e-07,
CGIE3_ID_02,2025-02,spearman::depth_mad_km--interevent_time_mad_hours,depth_mad_km,interevent_time_mad_hours,spearman,undirected,candidate,estimable,0.20534273,0.20534273,1,,672,,30d,2025-02-28T23:00:00+00:00,7.851244689e-08,
CGIE3_ID_02,2025-02,spearman::depth_mad_km--log10_cumulative_energy_joule,depth_mad_km,log10_cumulative_energy_joule,spearman,undirected,candidate,estimable,0.2087956946,0.2087956946,1,,672,,30d,2025-02-28T23:00:00+00:00,4.685553531e-08,
CGIE3_ID_02,2025-02,spearman::depth_mad_km--maximum_magnitude,depth_mad_km,maximum_magnitude,spearman,undirected,candidate,estimable,0.1810082372,0.1810082372,1,,672,,30d,2025-02-28T23:00:00+00:00,2.32850754e-06,
CGIE3_ID_02,2025-02,spearman::depth_mad_km--median_depth_km,depth_mad_km,median_depth_km,spearman,undirected,candidate,estimable,-0.1145862161,0.1145862161,-1,,672,,30d,2025-02-28T23:00:00+00:00,0.002932872078,
CGIE3_ID_02,2025-02,spearman::depth_mad_km--median_interevent_time_hours,depth_mad_km,median_interevent_time_hours,spearman,undirected,candidate,estimable,0.5112062994,0.5112062994,1,,672,,30d,2025-02-28T23:00:00+00:00,5.115293218e-46,
CGIE3_ID_02,2025-02,spearman::depth_mad_km--spatial_dispersion_km,depth_mad_km,spatial_dispersion_km,spearman,undirected,candidate,estimable,-0.1491862154,0.1491862154,-1,,672,,30d,2025-02-28T23:00:00+00:00,0.0001036465721,
CGIE3_ID_02,2025-02,spearman::depth_mad_km--temporal_burstiness,depth_mad_km,temporal_burstiness,spearman,undirected,candidate,estimable,0.201146438,0.201146438,1,,672,,30d,2025-02-28T23:00:00+00:00,1.452814618e-07,
CGIE3_ID_02,2025-02,spearman::event_count--interevent_time_mad_hours,event_count,interevent_time_mad_hours,spearman,undirected,candidate,estimable,-0.3004397604,0.3004397604,-1,,672,,30d,2025-02-28T23:00:00+00:00,1.743177042e-15,
CGIE3_ID_02,2025-02,spearman::event_count--log10_cumulative_energy_joule,event_count,log10_cumulative_energy_joule,spearman,undirected,candidate,estimable,0.9974134391,0.9974134391,1,,672,,30d,2025-02-28T23:00:00+00:00,0,
CGIE3_ID_02,2025-02,spearman::event_count--maximum_magnitude,event_count,maximum_magnitude,spearman,undirected,candidate,estimable,0.9210625238,0.9210625238,1,,672,,30d,2025-02-28T23:00:00+00:00,1.260732375e-276,
CGIE3_ID_02,2025-02,spearman::event_count--median_depth_km,event_count,median_depth_km,spearman,undirected,candidate,estimable,-0.8711745624,0.8711745624,-1,,672,,30d,2025-02-28T23:00:00+00:00,3.608007239e-209,
CGIE3_ID_02,2025-02,spearman::event_count--median_interevent_time_hours,event_count,median_interevent_time_hours,spearman,undirected,candidate,estimable,-0.04255844587,0.04255844587,-1,,672,,30d,2025-02-28T23:00:00+00:00,0.2705980899,
CGIE3_ID_02,2025-02,spearman::event_count--spatial_dispersion_km,event_count,spatial_dispersion_km,spearman,undirected,candidate,estimable,-0.8412440317,0.8412440317,-1,,672,,30d,2025-02-28T23:00:00+00:00,4.172780706e-181,
CGIE3_ID_02,2025-02,spearman::event_count--temporal_burstiness,event_count,temporal_burstiness,spearman,undirected,candidate,estimable,0.8932758341,0.8932758341,1,,672,,30d,2025-02-28T23:00:00+00:00,7.451999962e-235,
CGIE3_ID_02,2025-02,spearman::interevent_time_mad_hours--log10_cumulative_energy_joule,interevent_time_mad_hours,log10_cumulative_energy_joule,spearman,undirected,candidate,estimable,-0.3027238588,0.3027238588,-1,,672,,30d,2025-02-28T23:00:00+00:00,1.04150347e-15,
CGIE3_ID_02,2025-02,spearman::interevent_time_mad_hours--maximum_magnitude,interevent_time_mad_hours,maximum_magnitude,spearman,undirected,candidate,estimable,-0.540894011,0.540894011,-1,,672,,30d,2025-02-28T23:00:00+00:00,2.504940858e-52,
CGIE3_ID_02,2025-02,spearman::interevent_time_mad_hours--median_depth_km,interevent_time_mad_hours,median_depth_km,spearman,undirected,candidate,estimable,0.562406243,0.562406243,1,,672,,30d,2025-02-28T23:00:00+00:00,2.612807319e-57,
CGIE3_ID_02,2025-02,spearman::interevent_time_mad_hours--median_interevent_time_hours,interevent_time_mad_hours,median_interevent_time_hours,spearman,undirected,candidate,estimable,0.8503403305,0.8503403305,1,,672,,30d,2025-02-28T23:00:00+00:00,5.601361103e-189,
CGIE3_ID_02,2025-02,spearman::interevent_time_mad_hours--spatial_dispersion_km,interevent_time_mad_hours,spatial_dispersion_km,spearman,undirected,candidate,estimable,0.5746175311,0.5746175311,1,,672,,30d,2025-02-28T23:00:00+00:00,2.647737023e-60,
CGIE3_ID_02,2025-02,spearman::interevent_time_mad_hours--temporal_burstiness,interevent_time_mad_hours,temporal_burstiness,spearman,undirected,candidate,estimable,-0.516614671,0.516614671,-1,,672,,30d,2025-02-28T23:00:00+00:00,4.030295855e-47,
CGIE3_ID_02,2025-02,spearman::log10_cumulative_energy_joule--maximum_magnitude,log10_cumulative_energy_joule,maximum_magnitude,spearman,undirected,candidate,estimable,0.9206598575,0.9206598575,1,,672,,30d,2025-02-28T23:00:00+00:00,6.465114491e-276,
CGIE3_ID_02,2025-02,spearman::log10_cumulative_energy_joule--median_depth_km,log10_cumulative_energy_joule,median_depth_km,spearman,undirected,candidate,estimable,-0.8683752251,0.8683752251,-1,,672,,30d,2025-02-28T23:00:00+00:00,2.94039729e-206,
CGIE3_ID_02,2025-02,spearman::log10_cumulative_energy_joule--median_interevent_time_hours,log10_cumulative_energy_joule,median_interevent_time_hours,spearman,undirected,candidate,estimable,-0.04547928886,0.04547928886,-1,,672,,30d,2025-02-28T23:00:00+00:00,0.2390469472,
CGIE3_ID_02,2025-02,spearman::log10_cumulative_energy_joule--spatial_dispersion_km,log10_cumulative_energy_joule,spatial_dispersion_km,spearman,undirected,candidate,estimable,-0.8460982734,0.8460982734,-1,,672,,30d,2025-02-28T23:00:00+00:00,3.040863711e-185,
CGIE3_ID_02,2025-02,spearman::log10_cumulative_energy_joule--temporal_burstiness,log10_cumulative_energy_joule,temporal_burstiness,spearman,undirected,candidate,estimable,0.8929696472,0.8929696472,1,,672,,30d,2025-02-28T23:00:00+00:00,1.84371289e-234,
CGIE3_ID_02,2025-02,spearman::maximum_magnitude--median_depth_km,maximum_magnitude,median_depth_km,spearman,undirected,candidate,estimable,-0.8773541944,0.8773541944,-1,,672,,30d,2025-02-28T23:00:00+00:00,7.620963649e-216,
CGIE3_ID_02,2025-02,spearman::maximum_magnitude--median_interevent_time_hours,maximum_magnitude,median_interevent_time_hours,spearman,undirected,candidate,estimable,-0.2748787072,0.2748787072,-1,,672,,30d,2025-02-28T23:00:00+00:00,4.089439828e-13,
CGIE3_ID_02,2025-02,spearman::maximum_magnitude--spatial_dispersion_km,maximum_magnitude,spatial_dispersion_km,spearman,undirected,candidate,estimable,-0.8236553266,0.8236553266,-1,,672,,30d,2025-02-28T23:00:00+00:00,3.310546309e-167,
CGIE3_ID_02,2025-02,spearman::maximum_magnitude--temporal_burstiness,maximum_magnitude,temporal_burstiness,spearman,undirected,candidate,estimable,0.9206587612,0.9206587612,1,,672,,30d,2025-02-28T23:00:00+00:00,6.493877757e-276,
CGIE3_ID_02,2025-02,spearman::median_depth_km--median_interevent_time_hours,median_depth_km,median_interevent_time_hours,spearman,undirected,candidate,estimable,0.3222658775,0.3222658775,1,,672,,30d,2025-02-28T23:00:00+00:00,1.051466905e-17,
CGIE3_ID_02,2025-02,spearman::median_depth_km--spatial_dispersion_km,median_depth_km,spatial_dispersion_km,spearman,undirected,candidate,estimable,0.893731731,0.893731731,1,,672,,30d,2025-02-28T23:00:00+00:00,1.924250899e-235,
CGIE3_ID_02,2025-02,spearman::median_depth_km--temporal_burstiness,median_depth_km,temporal_burstiness,spearman,undirected,candidate,estimable,-0.8268075942,0.8268075942,-1,,672,,30d,2025-02-28T23:00:00+00:00,1.39730558e-169,
CGIE3_ID_02,2025-02,spearman::median_interevent_time_hours--spatial_dispersion_km,median_interevent_time_hours,spatial_dispersion_km,spearman,undirected,candidate,estimable,0.2623155238,0.2623155238,1,,672,,30d,2025-02-28T23:00:00+00:00,4.89205664e-12,
CGIE3_ID_02,2025-02,spearman::median_interevent_time_hours--temporal_burstiness,median_interevent_time_hours,temporal_burstiness,spearman,undirected,candidate,estimable,-0.1760311457,0.1760311457,-1,,672,,30d,2025-02-28T23:00:00+00:00,4.418735795e-06,
CGIE3_ID_02,2025-02,spearman::spatial_dispersion_km--temporal_burstiness,spatial_dispersion_km,temporal_burstiness,spearman,undirected,candidate,estimable,-0.8185666338,0.8185666338,-1,,672,,30d,2025-02-28T23:00:00+00:00,1.7984781e-163,
CGIE3_ID_02,2025-03,spearman::depth_mad_km--event_count,depth_mad_km,event_count,spearman,undirected,candidate,estimable,0.1320621927,0.1320621927,1,,744,,30d,2025-03-31T23:00:00+00:00,0.0003039022779,
CGIE3_ID_02,2025-03,spearman::depth_mad_km--interevent_time_mad_hours,depth_mad_km,interevent_time_mad_hours,spearman,undirected,candidate,estimable,0.1061320853,0.1061320853,1,,744,,30d,2025-03-31T23:00:00+00:00,0.003752882929,
CGIE3_ID_02,2025-03,spearman::depth_mad_km--log10_cumulative_energy_joule,depth_mad_km,log10_cumulative_energy_joule,spearman,undirected,candidate,estimable,0.520192648,0.520192648,1,,744,,30d,2025-03-31T23:00:00+00:00,8.11107268e-53,
CGIE3_ID_02,2025-03,spearman::depth_mad_km--maximum_magnitude,depth_mad_km,maximum_magnitude,spearman,undirected,candidate,estimable,0.1724746713,0.1724746713,1,,744,,30d,2025-03-31T23:00:00+00:00,2.222331655e-06,
CGIE3_ID_02,2025-03,spearman::depth_mad_km--median_depth_km,depth_mad_km,median_depth_km,spearman,undirected,candidate,estimable,-0.2776073581,0.2776073581,-1,,744,,30d,2025-03-31T23:00:00+00:00,1.243847138e-14,
CGIE3_ID_02,2025-03,spearman::depth_mad_km--median_interevent_time_hours,depth_mad_km,median_interevent_time_hours,spearman,undirected,candidate,estimable,0.1063684577,0.1063684577,1,,744,,30d,2025-03-31T23:00:00+00:00,0.003675926686,
CGIE3_ID_02,2025-03,spearman::depth_mad_km--spatial_dispersion_km,depth_mad_km,spatial_dispersion_km,spearman,undirected,candidate,estimable,0.04306931175,0.04306931175,1,,744,,30d,2025-03-31T23:00:00+00:00,0.2406581217,
CGIE3_ID_02,2025-03,spearman::depth_mad_km--temporal_burstiness,depth_mad_km,temporal_burstiness,spearman,undirected,candidate,estimable,-0.06652494259,0.06652494259,-1,,744,,30d,2025-03-31T23:00:00+00:00,0.06975215318,
CGIE3_ID_02,2025-03,spearman::event_count--interevent_time_mad_hours,event_count,interevent_time_mad_hours,spearman,undirected,candidate,estimable,-0.846093885,0.846093885,-1,,744,,30d,2025-03-31T23:00:00+00:00,6.180525836e-205,
CGIE3_ID_02,2025-03,spearman::event_count--log10_cumulative_energy_joule,event_count,log10_cumulative_energy_joule,spearman,undirected,candidate,estimable,-0.2467279593,0.2467279593,-1,,744,,30d,2025-03-31T23:00:00+00:00,8.835435725e-12,
CGIE3_ID_02,2025-03,spearman::event_count--maximum_magnitude,event_count,maximum_magnitude,spearman,undirected,candidate,estimable,-0.6249918284,0.6249918284,-1,,744,,30d,2025-03-31T23:00:00+00:00,7.323372078e-82,
CGIE3_ID_02,2025-03,spearman::event_count--median_depth_km,event_count,median_depth_km,spearman,undirected,candidate,estimable,-0.8318728008,0.8318728008,-1,,744,,30d,2025-03-31T23:00:00+00:00,6.196222605e-192,
CGIE3_ID_02,2025-03,spearman::event_count--median_interevent_time_hours,event_count,median_interevent_time_hours,spearman,undirected,candidate,estimable,-0.8376027055,0.8376027055,-1,,744,,30d,2025-03-31T23:00:00+00:00,5.074442601e-197,
CGIE3_ID_02,2025-03,spearman::event_count--spatial_dispersion_km,event_count,spatial_dispersion_km,spearman,undirected,candidate,estimable,-0.860612957,0.860612957,-1,,744,,30d,2025-03-31T23:00:00+00:00,1.20360277e-219,
CGIE3_ID_02,2025-03,spearman::event_count--temporal_burstiness,event_count,temporal_burstiness,spearman,undirected,candidate,estimable,0.8118763942,0.8118763942,1,,744,,30d,2025-03-31T23:00:00+00:00,1.383442268e-175,
CGIE3_ID_02,2025-03,spearman::interevent_time_mad_hours--log10_cumulative_energy_joule,interevent_time_mad_hours,log10_cumulative_energy_joule,spearman,undirected,candidate,estimable,0.5275926366,0.5275926366,1,,744,,30d,2025-03-31T23:00:00+00:00,1.517316759e-54,
CGIE3_ID_02,2025-03,spearman::interevent_time_mad_hours--maximum_magnitude,interevent_time_mad_hours,maximum_magnitude,spearman,undirected,candidate,estimable,0.8061523476,0.8061523476,1,,744,,30d,2025-03-31T23:00:00+00:00,2.908025719e-171,
CGIE3_ID_02,2025-03,spearman::interevent_time_mad_hours--median_depth_km,interevent_time_mad_hours,median_depth_km,spearman,undirected,candidate,estimable,0.8307656818,0.8307656818,1,,744,,30d,2025-03-31T23:00:00+00:00,5.659999835e-191,
CGIE3_ID_02,2025-03,spearman::interevent_time_mad_hours--median_interevent_time_hours,interevent_time_mad_hours,median_interevent_time_hours,spearman,undirected,candidate,estimable,0.9981031106,0.9981031106,1,,744,,30d,2025-03-31T23:00:00+00:00,0,
CGIE3_ID_02,2025-03,spearman::interevent_time_mad_hours--spatial_dispersion_km,interevent_time_mad_hours,spatial_dispersion_km,spearman,undirected,candidate,estimable,0.9695662998,0.9695662998,1,,744,,30d,2025-03-31T23:00:00+00:00,0,
CGIE3_ID_02,2025-03,spearman::interevent_time_mad_hours--temporal_burstiness,interevent_time_mad_hours,temporal_burstiness,spearman,undirected,candidate,estimable,-0.9133203854,0.9133203854,-1,,744,,30d,2025-03-31T23:00:00+00:00,1.038210373e-291,
CGIE3_ID_02,2025-03,spearman::log10_cumulative_energy_joule--maximum_magnitude,log10_cumulative_energy_joule,maximum_magnitude,spearman,undirected,candidate,estimable,0.8445828962,0.8445828962,1,,744,,30d,2025-03-31T23:00:00+00:00,1.71394987e-203,
CGIE3_ID_02,2025-03,spearman::log10_cumulative_energy_joule--median_depth_km,log10_cumulative_energy_joule,median_depth_km,spearman,undirected,candidate,estimable,0.1475995483,0.1475995483,1,,744,,30d,2025-03-31T23:00:00+00:00,5.314107894e-05,
CGIE3_ID_02,2025-03,spearman::log10_cumulative_energy_joule--median_interevent_time_hours,log10_cumulative_energy_joule,median_interevent_time_hours,spearman,undirected,candidate,estimable,0.541021243,0.541021243,1,,744,,30d,2025-03-31T23:00:00+00:00,8.590677901e-58,
CGIE3_ID_02,2025-03,spearman::log10_cumulative_energy_joule--spatial_dispersion_km,log10_cumulative_energy_joule,spatial_dispersion_km,spearman,undirected,candidate,estimable,0.5171092525,0.5171092525,1,,744,,30d,2025-03-31T23:00:00+00:00,4.136324613e-52,
CGIE3_ID_02,2025-03,spearman::log10_cumulative_energy_joule--temporal_burstiness,log10_cumulative_energy_joule,temporal_burstiness,spearman,undirected,candidate,estimable,-0.5611922487,0.5611922487,-1,,744,,30d,2025-03-31T23:00:00+00:00,5.919712692e-63,
CGIE3_ID_02,2025-03,spearman::maximum_magnitude--median_depth_km,maximum_magnitude,median_depth_km,spearman,undirected,candidate,estimable,0.5840421886,0.5840421886,1,,744,,30d,2025-03-31T23:00:00+00:00,3.018379412e-69,
CGIE3_ID_02,2025-03,spearman::maximum_magnitude--median_interevent_time_hours,maximum_magnitude,median_interevent_time_hours,spearman,undirected,candidate,estimable,0.8210950074,0.8210950074,1,,744,,30d,2025-03-31T23:00:00+00:00,7.21515238e-183,
CGIE3_ID_02,2025-03,spearman::maximum_magnitude--spatial_dispersion_km,maximum_magnitude,spatial_dispersion_km,spearman,undirected,candidate,estimable,0.8132823154,0.8132823154,1,,744,,30d,2025-03-31T23:00:00+00:00,1.139012237e-176,
CGIE3_ID_02,2025-03,spearman::maximum_magnitude--temporal_burstiness,maximum_magnitude,temporal_burstiness,spearman,undirected,candidate,estimable,-0.8143485108,0.8143485108,-1,,744,,30d,2025-03-31T23:00:00+00:00,1.690402358e-177,
CGIE3_ID_02,2025-03,spearman::median_depth_km--median_interevent_time_hours,median_depth_km,median_interevent_time_hours,spearman,undirected,candidate,estimable,0.8310727762,0.8310727762,1,,744,,30d,2025-03-31T23:00:00+00:00,3.069302068e-191,
CGIE3_ID_02,2025-03,spearman::median_depth_km--spatial_dispersion_km,median_depth_km,spatial_dispersion_km,spearman,undirected,candidate,estimable,0.849168201,0.849168201,1,,744,,30d,2025-03-31T23:00:00+00:00,6.404615575e-208,
CGIE3_ID_02,2025-03,spearman::median_depth_km--temporal_burstiness,median_depth_km,temporal_burstiness,spearman,undirected,candidate,estimable,-0.8056390015,0.8056390015,-1,,744,,30d,2025-03-31T23:00:00+00:00,6.985447329e-171,
CGIE3_ID_02,2025-03,spearman::median_interevent_time_hours--spatial_dispersion_km,median_interevent_time_hours,spatial_dispersion_km,spearman,undirected,candidate,estimable,0.9673968384,0.9673968384,1,,744,,30d,2025-03-31T23:00:00+00:00,0,
CGIE3_ID_02,2025-03,spearman::median_interevent_time_hours--temporal_burstiness,median_interevent_time_hours,temporal_burstiness,spearman,undirected,candidate,estimable,-0.9162653659,0.9162653659,-1,,744,,30d,2025-03-31T23:00:00+00:00,4.935230706e-297,
CGIE3_ID_02,2025-03,spearman::spatial_dispersion_km--temporal_burstiness,spatial_dispersion_km,temporal_burstiness,spearman,undirected,candidate,estimable,-0.9384331803,0.9384331803,-1,,744,,30d,2025-03-31T23:00:00+00:00,0,
CGIE3_ID_02,2025-04,spearman::depth_mad_km--event_count,depth_mad_km,event_count,spearman,undirected,candidate,estimable,0.3543710051,0.3543710051,1,,720,,30d,2025-04-30T23:00:00+00:00,9.95146391e-23,
CGIE3_ID_02,2025-04,spearman::depth_mad_km--interevent_time_mad_hours,depth_mad_km,interevent_time_mad_hours,spearman,undirected,candidate,estimable,-0.2250374267,0.2250374267,-1,,720,,30d,2025-04-30T23:00:00+00:00,1.01910547e-09,
CGIE3_ID_02,2025-04,spearman::depth_mad_km--log10_cumulative_energy_joule,depth_mad_km,log10_cumulative_energy_joule,spearman,undirected,candidate,estimable,0.5981012032,0.5981012032,1,,720,,30d,2025-04-30T23:00:00+00:00,4.652742802e-71,
CGIE3_ID_02,2025-04,spearman::depth_mad_km--maximum_magnitude,depth_mad_km,maximum_magnitude,spearman,undirected,candidate,estimable,0.7597363887,0.7597363887,1,,720,,30d,2025-04-30T23:00:00+00:00,2.373060538e-136,
CGIE3_ID_02,2025-04,spearman::depth_mad_km--median_depth_km,depth_mad_km,median_depth_km,spearman,undirected,candidate,estimable,0.3782214187,0.3782214187,1,,720,,30d,2025-04-30T23:00:00+00:00,6.655724078e-26,
CGIE3_ID_02,2025-04,spearman::depth_mad_km--median_interevent_time_hours,depth_mad_km,median_interevent_time_hours,spearman,undirected,candidate,estimable,-0.2967068059,0.2967068059,-1,,720,,30d,2025-04-30T23:00:00+00:00,4.241659871e-16,
CGIE3_ID_02,2025-04,spearman::depth_mad_km--spatial_dispersion_km,depth_mad_km,spatial_dispersion_km,spearman,undirected,candidate,estimable,0.7025728601,0.7025728601,1,,720,,30d,2025-04-30T23:00:00+00:00,3.443505185e-108,
CGIE3_ID_02,2025-04,spearman::depth_mad_km--temporal_burstiness,depth_mad_km,temporal_burstiness,spearman,undirected,candidate,estimable,0.4735772424,0.4735772424,1,,720,,30d,2025-04-30T23:00:00+00:00,1.589602385e-41,
CGIE3_ID_02,2025-04,spearman::event_count--interevent_time_mad_hours,event_count,interevent_time_mad_hours,spearman,undirected,candidate,estimable,-0.8863833514,0.8863833514,-1,,720,,30d,2025-04-30T23:00:00+00:00,2.403052527e-242,
CGIE3_ID_02,2025-04,spearman::event_count--log10_cumulative_energy_joule,event_count,log10_cumulative_energy_joule,spearman,undirected,candidate,estimable,0.8783506833,0.8783506833,1,,720,,30d,2025-04-30T23:00:00+00:00,2.344661855e-232,
CGIE3_ID_02,2025-04,spearman::event_count--maximum_magnitude,event_count,maximum_magnitude,spearman,undirected,candidate,estimable,0.6623955541,0.6623955541,1,,720,,30d,2025-04-30T23:00:00+00:00,3.926520673e-92,
CGIE3_ID_02,2025-04,spearman::event_count--median_depth_km,event_count,median_depth_km,spearman,undirected,candidate,estimable,0.490814506,0.490814506,1,,720,,30d,2025-04-30T23:00:00+00:00,6.434234969e-45,
CGIE3_ID_02,2025-04,spearman::event_count--median_interevent_time_hours,event_count,median_interevent_time_hours,spearman,undirected,candidate,estimable,-0.9585761514,0.9585761514,-1,,720,,30d,2025-04-30T23:00:00+00:00,0,
CGIE3_ID_02,2025-04,spearman::event_count--spatial_dispersion_km,event_count,spatial_dispersion_km,spearman,undirected,candidate,estimable,0.4358408526,0.4358408526,1,,720,,30d,2025-04-30T23:00:00+00:00,9.687547819e-35,
CGIE3_ID_02,2025-04,spearman::event_count--temporal_burstiness,event_count,temporal_burstiness,spearman,undirected,candidate,estimable,0.6728103551,0.6728103551,1,,720,,30d,2025-04-30T23:00:00+00:00,4.737121174e-96,
CGIE3_ID_02,2025-04,spearman::interevent_time_mad_hours--log10_cumulative_energy_joule,interevent_time_mad_hours,log10_cumulative_energy_joule,spearman,undirected,candidate,estimable,-0.7655179801,0.7655179801,-1,,720,,30d,2025-04-30T23:00:00+00:00,1.218353556e-139,
CGIE3_ID_02,2025-04,spearman::interevent_time_mad_hours--maximum_magnitude,interevent_time_mad_hours,maximum_magnitude,spearman,undirected,candidate,estimable,-0.5968768658,0.5968768658,-1,,720,,30d,2025-04-30T23:00:00+00:00,1.055222324e-70,
CGIE3_ID_02,2025-04,spearman::interevent_time_mad_hours--median_depth_km,interevent_time_mad_hours,median_depth_km,spearman,undirected,candidate,estimable,-0.5533337982,0.5533337982,-1,,720,,30d,2025-04-30T23:00:00+00:00,5.462272118e-59,
CGIE3_ID_02,2025-04,spearman::interevent_time_mad_hours--median_interevent_time_hours,interevent_time_mad_hours,median_interevent_time_hours,spearman,undirected,candidate,estimable,0.8982718255,0.8982718255,1,,720,,30d,2025-04-30T23:00:00+00:00,1.325104391e-258,
CGIE3_ID_02,2025-04,spearman::interevent_time_mad_hours--spatial_dispersion_km,interevent_time_mad_hours,spatial_dispersion_km,spearman,undirected,candidate,estimable,-0.4429315625,0.4429315625,-1,,720,,30d,2025-04-30T23:00:00+00:00,5.961306198e-36,
CGIE3_ID_02,2025-04,spearman::interevent_time_mad_hours--temporal_burstiness,interevent_time_mad_hours,temporal_burstiness,spearman,undirected,candidate,estimable,-0.7364712867,0.7364712867,-1,,720,,30d,2025-04-30T23:00:00+00:00,5.296208722e-124,
CGIE3_ID_02,2025-04,spearman::log10_cumulative_energy_joule--maximum_magnitude,log10_cumulative_energy_joule,maximum_magnitude,spearman,undirected,candidate,estimable,0.8863435719,0.8863435719,1,,720,,30d,2025-04-30T23:00:00+00:00,2.704413992e-242,
CGIE3_ID_02,2025-04,spearman::log10_cumulative_energy_joule--median_depth_km,log10_cumulative_energy_joule,median_depth_km,spearman,undirected,candidate,estimable,0.6619720411,0.6619720411,1,,720,,30d,2025-04-30T23:00:00+00:00,5.623696483e-92,
CGIE3_ID_02,2025-04,spearman::log10_cumulative_energy_joule--median_interevent_time_hours,log10_cumulative_energy_joule,median_interevent_time_hours,spearman,undirected,candidate,estimable,-0.8341393017,0.8341393017,-1,,720,,30d,2025-04-30T23:00:00+00:00,1.028819585e-187,
CGIE3_ID_02,2025-04,spearman::log10_cumulative_energy_joule--spatial_dispersion_km,log10_cumulative_energy_joule,spatial_dispersion_km,spearman,undirected,candidate,estimable,0.6569582456,0.6569582456,1,,720,,30d,2025-04-30T23:00:00+00:00,3.78283391e-90,
CGIE3_ID_02,2025-04,spearman::log10_cumulative_energy_joule--temporal_burstiness,log10_cumulative_energy_joule,temporal_burstiness,spearman,undirected,candidate,estimable,0.7695600081,0.7695600081,1,,720,,30d,2025-04-30T23:00:00+00:00,5.357709824e-142,
CGIE3_ID_02,2025-04,spearman::maximum_magnitude--median_depth_km,maximum_magnitude,median_depth_km,spearman,undirected,candidate,estimable,0.7889699968,0.7889699968,1,,720,,30d,2025-04-30T23:00:00+00:00,5.01612483e-154,
CGIE3_ID_02,2025-04,spearman::maximum_magnitude--median_interevent_time_hours,maximum_magnitude,median_interevent_time_hours,spearman,undirected,candidate,estimable,-0.5977760046,0.5977760046,-1,,720,,30d,2025-04-30T23:00:00+00:00,5.785214179e-71,
CGIE3_ID_02,2025-04,spearman::maximum_magnitude--spatial_dispersion_km,maximum_magnitude,spatial_dispersion_km,spearman,undirected,candidate,estimable,0.8827993308,0.8827993308,1,,720,,30d,2025-04-30T23:00:00+00:00,8.477063857e-238,
CGIE3_ID_02,2025-04,spearman::maximum_magnitude--temporal_burstiness,maximum_magnitude,temporal_burstiness,spearman,undirected,candidate,estimable,0.8555760109,0.8555760109,1,,720,,30d,2025-04-30T23:00:00+00:00,1.720442683e-207,
CGIE3_ID_02,2025-04,spearman::median_depth_km--median_interevent_time_hours,median_depth_km,median_interevent_time_hours,spearman,undirected,candidate,estimable,-0.3834307893,0.3834307893,-1,,720,,30d,2025-04-30T23:00:00+00:00,1.2410975e-26,
CGIE3_ID_02,2025-04,spearman::median_depth_km--spatial_dispersion_km,median_depth_km,spatial_dispersion_km,spearman,undirected,candidate,estimable,0.8426854592,0.8426854592,1,,720,,30d,2025-04-30T23:00:00+00:00,3.053672409e-195,
CGIE3_ID_02,2025-04,spearman::median_depth_km--temporal_burstiness,median_depth_km,temporal_burstiness,spearman,undirected,candidate,estimable,0.917145057,0.917145057,1,,720,,30d,2025-04-30T23:00:00+00:00,4.577456517e-289,
CGIE3_ID_02,2025-04,spearman::median_interevent_time_hours--spatial_dispersion_km,median_interevent_time_hours,spatial_dispersion_km,spearman,undirected,candidate,estimable,-0.3442792381,0.3442792381,-1,,720,,30d,2025-04-30T23:00:00+00:00,1.829215737e-21,
CGIE3_ID_02,2025-04,spearman::median_interevent_time_hours--temporal_burstiness,median_interevent_time_hours,temporal_burstiness,spearman,undirected,candidate,estimable,-0.6002407064,0.6002407064,-1,,720,,30d,2025-04-30T23:00:00+00:00,1.102936653e-71,
CGIE3_ID_02,2025-04,spearman::spatial_dispersion_km--temporal_burstiness,spatial_dispersion_km,temporal_burstiness,spearman,undirected,candidate,estimable,0.837271731,0.837271731,1,,720,,30d,2025-04-30T23:00:00+00:00,2.01404899e-190,
CGIE3_ID_02,2025-05,spearman::depth_mad_km--event_count,depth_mad_km,event_count,spearman,undirected,candidate,estimable,-0.1535634114,0.1535634114,-1,,744,,30d,2025-05-31T23:00:00+00:00,2.592600113e-05,
CGIE3_ID_02,2025-05,spearman::depth_mad_km--interevent_time_mad_hours,depth_mad_km,interevent_time_mad_hours,spearman,undirected,candidate,estimable,-0.002556882695,0.002556882695,-1,,744,,30d,2025-05-31T23:00:00+00:00,0.9444918915,
CGIE3_ID_02,2025-05,spearman::depth_mad_km--log10_cumulative_energy_joule,depth_mad_km,log10_cumulative_energy_joule,spearman,undirected,candidate,estimable,0.006216620915,0.006216620915,1,,744,,30d,2025-05-31T23:00:00+00:00,0.8655737828,
CGIE3_ID_02,2025-05,spearman::depth_mad_km--maximum_magnitude,depth_mad_km,maximum_magnitude,spearman,undirected,candidate,estimable,0.1245789758,0.1245789758,1,,744,,30d,2025-05-31T23:00:00+00:00,0.0006601316133,
CGIE3_ID_02,2025-05,spearman::depth_mad_km--median_depth_km,depth_mad_km,median_depth_km,spearman,undirected,candidate,estimable,-0.6715186336,0.6715186336,-1,,744,,30d,2025-05-31T23:00:00+00:00,1.092882167e-98,
CGIE3_ID_02,2025-05,spearman::depth_mad_km--median_interevent_time_hours,depth_mad_km,median_interevent_time_hours,spearman,undirected,candidate,estimable,-0.006258500216,0.006258500216,-1,,744,,30d,2025-05-31T23:00:00+00:00,0.8646768849,
CGIE3_ID_02,2025-05,spearman::depth_mad_km--spatial_dispersion_km,depth_mad_km,spatial_dispersion_km,spearman,undirected,candidate,estimable,-0.2514949231,0.2514949231,-1,,744,,30d,2025-05-31T23:00:00+00:00,3.390431118e-12,
CGIE3_ID_02,2025-05,spearman::depth_mad_km--temporal_burstiness,depth_mad_km,temporal_burstiness,spearman,undirected,candidate,estimable,-0.109539917,0.109539917,-1,,744,,30d,2025-05-31T23:00:00+00:00,0.0027730686,
CGIE3_ID_02,2025-05,spearman::event_count--interevent_time_mad_hours,event_count,interevent_time_mad_hours,spearman,undirected,candidate,estimable,-0.6969453968,0.6969453968,-1,,744,,30d,2025-05-31T23:00:00+00:00,2.977176639e-109,
CGIE3_ID_02,2025-05,spearman::event_count--log10_cumulative_energy_joule,event_count,log10_cumulative_energy_joule,spearman,undirected,candidate,estimable,0.7436619244,0.7436619244,1,,744,,30d,2025-05-31T23:00:00+00:00,7.029437028e-132,
CGIE3_ID_02,2025-05,spearman::event_count--maximum_magnitude,event_count,maximum_magnitude,spearman,undirected,candidate,estimable,0.4459245196,0.4459245196,1,,744,,30d,2025-05-31T23:00:00+00:00,1.239107878e-37,
CGIE3_ID_02,2025-05,spearman::event_count--median_depth_km,event_count,median_depth_km,spearman,undirected,candidate,estimable,0.2549041871,0.2549041871,1,,744,,30d,2025-05-31T23:00:00+00:00,1.688123465e-12,
CGIE3_ID_02,2025-05,spearman::event_count--median_interevent_time_hours,event_count,median_interevent_time_hours,spearman,undirected,candidate,estimable,-0.6796924348,0.6796924348,-1,,744,,30d,2025-05-31T23:00:00+00:00,5.744804277e-102,
CGIE3_ID_02,2025-05,spearman::event_count--spatial_dispersion_km,event_count,spatial_dispersion_km,spearman,undirected,candidate,estimable,-0.3199094475,0.3199094475,-1,,744,,30d,2025-05-31T23:00:00+00:00,3.636832741e-19,
CGIE3_ID_02,2025-05,spearman::event_count--temporal_burstiness,event_count,temporal_burstiness,spearman,undirected,candidate,estimable,0.6963396985,0.6963396985,1,,744,,30d,2025-05-31T23:00:00+00:00,5.474772711e-109,
CGIE3_ID_02,2025-05,spearman::interevent_time_mad_hours--log10_cumulative_energy_joule,interevent_time_mad_hours,log10_cumulative_energy_joule,spearman,undirected,candidate,estimable,-0.8905157538,0.8905157538,-1,,744,,30d,2025-05-31T23:00:00+00:00,5.340048321e-256,
CGIE3_ID_02,2025-05,spearman::interevent_time_mad_hours--maximum_magnitude,interevent_time_mad_hours,maximum_magnitude,spearman,undirected,candidate,estimable,-0.8530520428,0.8530520428,-1,,744,,30d,2025-05-31T23:00:00+00:00,8.697252004e-212,
CGIE3_ID_02,2025-05,spearman::interevent_time_mad_hours--median_depth_km,interevent_time_mad_hours,median_depth_km,spearman,undirected,candidate,estimable,-0.2763882401,0.2763882401,-1,,744,,30d,2025-05-31T23:00:00+00:00,1.638627257e-14,
CGIE3_ID_02,2025-05,spearman::interevent_time_mad_hours--median_interevent_time_hours,interevent_time_mad_hours,median_interevent_time_hours,spearman,undirected,candidate,estimable,0.9987865839,0.9987865839,1,,744,,30d,2025-05-31T23:00:00+00:00,0,
CGIE3_ID_02,2025-05,spearman::interevent_time_mad_hours--spatial_dispersion_km,interevent_time_mad_hours,spatial_dispersion_km,spearman,undirected,candidate,estimable,0.7930566826,0.7930566826,1,,744,,30d,2025-05-31T23:00:00+00:00,6.779485401e-162,
CGIE3_ID_02,2025-05,spearman::interevent_time_mad_hours--temporal_burstiness,interevent_time_mad_hours,temporal_burstiness,spearman,undirected,candidate,estimable,-0.9560003703,0.9560003703,-1,,744,,30d,2025-05-31T23:00:00+00:00,0,
CGIE3_ID_02,2025-05,spearman::log10_cumulative_energy_joule--maximum_magnitude,log10_cumulative_energy_joule,maximum_magnitude,spearman,undirected,candidate,estimable,0.8543764057,0.8543764057,1,,744,,30d,2025-05-31T23:00:00+00:00,3.93661481e-213,
CGIE3_ID_02,2025-05,spearman::log10_cumulative_energy_joule--median_depth_km,log10_cumulative_energy_joule,median_depth_km,spearman,undirected,candidate,estimable,0.3574011594,0.3574011594,1,,744,,30d,2025-05-31T23:00:00+00:00,7.762506384e-24,
CGIE3_ID_02,2025-05,spearman::log10_cumulative_energy_joule--median_interevent_time_hours,log10_cumulative_energy_joule,median_interevent_time_hours,spearman,undirected,candidate,estimable,-0.8855046485,0.8855046485,-1,,744,,30d,2025-05-31T23:00:00+00:00,3.259693941e-249,
CGIE3_ID_02,2025-05,spearman::log10_cumulative_energy_joule--spatial_dispersion_km,log10_cumulative_energy_joule,spatial_dispersion_km,spearman,undirected,candidate,estimable,-0.6792968924,0.6792968924,-1,,744,,30d,2025-05-31T23:00:00+00:00,8.325793116e-102,
CGIE3_ID_02,2025-05,spearman::log10_cumulative_energy_joule--temporal_burstiness,log10_cumulative_energy_joule,temporal_burstiness,spearman,undirected,candidate,estimable,0.8813653156,0.8813653156,1,,744,,30d,2025-05-31T23:00:00+00:00,7.644229254e-244,
CGIE3_ID_02,2025-05,spearman::maximum_magnitude--median_depth_km,maximum_magnitude,median_depth_km,spearman,undirected,candidate,estimable,0.3891841137,0.3891841137,1,,744,,30d,2025-05-31T23:00:00+00:00,2.569476716e-28,
CGIE3_ID_02,2025-05,spearman::maximum_magnitude--median_interevent_time_hours,maximum_magnitude,median_interevent_time_hours,spearman,undirected,candidate,estimable,-0.8552268083,0.8552268083,-1,,744,,30d,2025-05-31T23:00:00+00:00,5.307510113e-214,
CGIE3_ID_02,2025-05,spearman::maximum_magnitude--spatial_dispersion_km,maximum_magnitude,spatial_dispersion_km,spearman,undirected,candidate,estimable,-0.7490285617,0.7490285617,-1,,744,,30d,2025-05-31T23:00:00+00:00,8.509489528e-135,
CGIE3_ID_02,2025-05,spearman::maximum_magnitude--temporal_burstiness,maximum_magnitude,temporal_burstiness,spearman,undirected,candidate,estimable,0.8543179142,0.8543179142,1,,744,,30d,2025-05-31T23:00:00+00:00,4.516213147e-213,
CGIE3_ID_02,2025-05,spearman::median_depth_km--median_interevent_time_hours,median_depth_km,median_interevent_time_hours,spearman,undirected,candidate,estimable,-0.2689814265,0.2689814265,-1,,744,,30d,2025-05-31T23:00:00+00:00,8.49232342e-14,
CGIE3_ID_02,2025-05,spearman::median_depth_km--spatial_dispersion_km,median_depth_km,spatial_dispersion_km,spearman,undirected,candidate,estimable,0.03938824189,0.03938824189,1,,744,,30d,2025-05-31T23:00:00+00:00,0.2832810108,
CGIE3_ID_02,2025-05,spearman::median_depth_km--temporal_burstiness,median_depth_km,temporal_burstiness,spearman,undirected,candidate,estimable,0.4083626139,0.4083626139,1,,744,,30d,2025-05-31T23:00:00+00:00,2.873310627e-31,
CGIE3_ID_02,2025-05,spearman::median_interevent_time_hours--spatial_dispersion_km,median_interevent_time_hours,spatial_dispersion_km,spearman,undirected,candidate,estimable,0.804846899,0.804846899,1,,744,,30d,2025-05-31T23:00:00+00:00,2.686782338e-170,
CGIE3_ID_02,2025-05,spearman::median_interevent_time_hours--temporal_burstiness,median_interevent_time_hours,temporal_burstiness,spearman,undirected,candidate,estimable,-0.9505345796,0.9505345796,-1,,744,,30d,2025-05-31T23:00:00+00:00,0,
CGIE3_ID_02,2025-05,spearman::spatial_dispersion_km--temporal_burstiness,spatial_dispersion_km,temporal_burstiness,spearman,undirected,candidate,estimable,-0.6897221028,0.6897221028,-1,,744,,30d,2025-05-31T23:00:00+00:00,3.857525935e-106,
CGIE3_ID_02,2025-06,spearman::depth_mad_km--event_count,depth_mad_km,event_count,spearman,undirected,candidate,estimable,-0.1284413502,0.1284413502,-1,,720,,30d,2025-06-30T23:00:00+00:00,0.0005507538023,
CGIE3_ID_02,2025-06,spearman::depth_mad_km--interevent_time_mad_hours,depth_mad_km,interevent_time_mad_hours,spearman,undirected,candidate,estimable,0.7814310038,0.7814310038,1,,720,,30d,2025-06-30T23:00:00+00:00,3.302309352e-149,
CGIE3_ID_02,2025-06,spearman::depth_mad_km--log10_cumulative_energy_joule,depth_mad_km,log10_cumulative_energy_joule,spearman,undirected,candidate,estimable,-0.7694115014,0.7694115014,-1,,720,,30d,2025-06-30T23:00:00+00:00,6.552729505e-142,
CGIE3_ID_02,2025-06,spearman::depth_mad_km--maximum_magnitude,depth_mad_km,maximum_magnitude,spearman,undirected,candidate,estimable,-0.7604803603,0.7604803603,-1,,720,,30d,2025-06-30T23:00:00+00:00,9.062765009e-137,
CGIE3_ID_02,2025-06,spearman::depth_mad_km--median_depth_km,depth_mad_km,median_depth_km,spearman,undirected,candidate,estimable,-0.5701828939,0.5701828939,-1,,720,,30d,2025-06-30T23:00:00+00:00,2.579008227e-63,
CGIE3_ID_02,2025-06,spearman::depth_mad_km--median_interevent_time_hours,depth_mad_km,median_interevent_time_hours,spearman,undirected,candidate,estimable,0.7843735344,0.7843735344,1,,720,,30d,2025-06-30T23:00:00+00:00,4.584172309e-151,
CGIE3_ID_02,2025-06,spearman::depth_mad_km--spatial_dispersion_km,depth_mad_km,spatial_dispersion_km,spearman,undirected,candidate,estimable,0.5070360022,0.5070360022,1,,720,,30d,2025-06-30T23:00:00+00:00,2.716451801e-48,
CGIE3_ID_02,2025-06,spearman::depth_mad_km--temporal_burstiness,depth_mad_km,temporal_burstiness,spearman,undirected,candidate,estimable,-0.6867150177,0.6867150177,-1,,720,,30d,2025-06-30T23:00:00+00:00,1.536594983e-101,
CGIE3_ID_02,2025-06,spearman::event_count--interevent_time_mad_hours,event_count,interevent_time_mad_hours,spearman,undirected,candidate,estimable,-0.4072289812,0.4072289812,-1,,720,,30d,2025-06-30T23:00:00+00:00,3.892934655e-30,
CGIE3_ID_02,2025-06,spearman::event_count--log10_cumulative_energy_joule,event_count,log10_cumulative_energy_joule,spearman,undirected,candidate,estimable,0.4376378984,0.4376378984,1,,720,,30d,2025-06-30T23:00:00+00:00,4.808804227e-35,
CGIE3_ID_02,2025-06,spearman::event_count--maximum_magnitude,event_count,maximum_magnitude,spearman,undirected,candidate,estimable,0.06425400887,0.06425400887,1,,720,,30d,2025-06-30T23:00:00+00:00,0.08490643588,
CGIE3_ID_02,2025-06,spearman::event_count--median_depth_km,event_count,median_depth_km,spearman,undirected,candidate,estimable,0.1805810763,0.1805810763,1,,720,,30d,2025-06-30T23:00:00+00:00,1.075857924e-06,
CGIE3_ID_02,2025-06,spearman::event_count--median_interevent_time_hours,event_count,median_interevent_time_hours,spearman,undirected,candidate,estimable,-0.4018421291,0.4018421291,-1,,720,,30d,2025-06-30T23:00:00+00:00,2.561255731e-29,
CGIE3_ID_02,2025-06,spearman::event_count--spatial_dispersion_km,event_count,spatial_dispersion_km,spearman,undirected,candidate,estimable,0.4031529676,0.4031529676,1,,720,,30d,2025-06-30T23:00:00+00:00,1.624557689e-29,
CGIE3_ID_02,2025-06,spearman::event_count--temporal_burstiness,event_count,temporal_burstiness,spearman,undirected,candidate,estimable,0.6590393063,0.6590393063,1,,720,,30d,2025-06-30T23:00:00+00:00,6.659309366e-91,
CGIE3_ID_02,2025-06,spearman::interevent_time_mad_hours--log10_cumulative_energy_joule,interevent_time_mad_hours,log10_cumulative_energy_joule,spearman,undirected,candidate,estimable,-0.8877563952,0.8877563952,-1,,720,,30d,2025-06-30T23:00:00+00:00,3.96171684e-244,
CGIE3_ID_02,2025-06,spearman::interevent_time_mad_hours--maximum_magnitude,interevent_time_mad_hours,maximum_magnitude,spearman,undirected,candidate,estimable,-0.7876232609,0.7876232609,-1,,720,,30d,2025-06-30T23:00:00+00:00,3.762851956e-153,
CGIE3_ID_02,2025-06,spearman::interevent_time_mad_hours--median_depth_km,interevent_time_mad_hours,median_depth_km,spearman,undirected,candidate,estimable,-0.3816097921,0.3816097921,-1,,720,,30d,2025-06-30T23:00:00+00:00,2.240122571e-26,
CGIE3_ID_02,2025-06,spearman::interevent_time_mad_hours--median_interevent_time_hours,interevent_time_mad_hours,median_interevent_time_hours,spearman,undirected,candidate,estimable,0.999428961,0.999428961,1,,720,,30d,2025-06-30T23:00:00+00:00,0,
CGIE3_ID_02,2025-06,spearman::interevent_time_mad_hours--spatial_dispersion_km,interevent_time_mad_hours,spatial_dispersion_km,spearman,undirected,candidate,estimable,0.447544929,0.447544929,1,,720,,30d,2025-06-30T23:00:00+00:00,9.376290762e-37,
CGIE3_ID_02,2025-06,spearman::interevent_time_mad_hours--temporal_burstiness,interevent_time_mad_hours,temporal_burstiness,spearman,undirected,candidate,estimable,-0.8914256713,0.8914256713,-1,,720,,30d,2025-06-30T23:00:00+00:00,5.210565645e-249,
CGIE3_ID_02,2025-06,spearman::log10_cumulative_energy_joule--maximum_magnitude,log10_cumulative_energy_joule,maximum_magnitude,spearman,undirected,candidate,estimable,0.8750177918,0.8750177918,1,,720,,30d,2025-06-30T23:00:00+00:00,2.036868235e-228,
CGIE3_ID_02,2025-06,spearman::log10_cumulative_energy_joule--median_depth_km,log10_cumulative_energy_joule,median_depth_km,spearman,undirected,candidate,estimable,0.3487380996,0.3487380996,1,,720,,30d,2025-06-30T23:00:00+00:00,5.120101718e-22,
CGIE3_ID_02,2025-06,spearman::log10_cumulative_energy_joule--median_interevent_time_hours,log10_cumulative_energy_joule,median_interevent_time_hours,spearman,undirected,candidate,estimable,-0.8870936406,0.8870936406,-1,,720,,30d,2025-06-30T23:00:00+00:00,2.89301023e-243,
CGIE3_ID_02,2025-06,spearman::log10_cumulative_energy_joule--spatial_dispersion_km,log10_cumulative_energy_joule,spatial_dispersion_km,spearman,undirected,candidate,estimable,-0.463876918,0.463876918,-1,,720,,30d,2025-06-30T23:00:00+00:00,1.06474747e-39,
CGIE3_ID_02,2025-06,spearman::log10_cumulative_energy_joule--temporal_burstiness,log10_cumulative_energy_joule,temporal_burstiness,spearman,undirected,candidate,estimable,0.7606622253,0.7606622253,1,,720,,30d,2025-06-30T23:00:00+00:00,7.158723902e-137,
CGIE3_ID_02,2025-06,spearman::maximum_magnitude--median_depth_km,maximum_magnitude,median_depth_km,spearman,undirected,candidate,estimable,0.2051531515,0.2051531515,1,,720,,30d,2025-06-30T23:00:00+00:00,2.784764863e-08,
CGIE3_ID_02,2025-06,spearman::maximum_magnitude--median_interevent_time_hours,maximum_magnitude,median_interevent_time_hours,spearman,undirected,candidate,estimable,-0.7897346058,0.7897346058,-1,,720,,30d,2025-06-30T23:00:00+00:00,1.587242283e-154,
CGIE3_ID_02,2025-06,spearman::maximum_magnitude--spatial_dispersion_km,maximum_magnitude,spatial_dispersion_km,spearman,undirected,candidate,estimable,-0.7379113491,0.7379113491,-1,,720,,30d,2025-06-30T23:00:00+00:00,9.955061772e-125,
CGIE3_ID_02,2025-06,spearman::maximum_magnitude--temporal_burstiness,maximum_magnitude,temporal_burstiness,spearman,undirected,candidate,estimable,0.5568466255,0.5568466255,1,,720,,30d,2025-06-30T23:00:00+00:00,7.174964632e-60,
CGIE3_ID_02,2025-06,spearman::median_depth_km--median_interevent_time_hours,median_depth_km,median_interevent_time_hours,spearman,undirected,candidate,estimable,-0.3818374806,0.3818374806,-1,,720,,30d,2025-06-30T23:00:00+00:00,2.081100027e-26,
CGIE3_ID_02,2025-06,spearman::median_depth_km--spatial_dispersion_km,median_depth_km,spatial_dispersion_km,spearman,undirected,candidate,estimable,0.2066359323,0.2066359323,1,,720,,30d,2025-06-30T23:00:00+00:00,2.200019431e-08,
CGIE3_ID_02,2025-06,spearman::median_depth_km--temporal_burstiness,median_depth_km,temporal_burstiness,spearman,undirected,candidate,estimable,0.482721878,0.482721878,1,,720,,30d,2025-06-30T23:00:00+00:00,2.663500956e-43,
CGIE3_ID_02,2025-06,spearman::median_interevent_time_hours--spatial_dispersion_km,median_interevent_time_hours,spatial_dispersion_km,spearman,undirected,candidate,estimable,0.4544956643,0.4544956643,1,,720,,30d,2025-06-30T23:00:00+00:00,5.473044437e-38,
CGIE3_ID_02,2025-06,spearman::median_interevent_time_hours--temporal_burstiness,median_interevent_time_hours,temporal_burstiness,spearman,undirected,candidate,estimable,-0.8895727822,0.8895727822,-1,,720,,30d,2025-06-30T23:00:00+00:00,1.596828222e-246,
CGIE3_ID_02,2025-06,spearman::spatial_dispersion_km--temporal_burstiness,spatial_dispersion_km,temporal_burstiness,spearman,undirected,candidate,estimable,-0.09303969953,0.09303969953,-1,,720,,30d,2025-06-30T23:00:00+00:00,0.01250376166,
CGIE3_ID_02,2025-07,spearman::depth_mad_km--event_count,depth_mad_km,event_count,spearman,undirected,candidate,estimable,0.5601882014,0.5601882014,1,,744,,30d,2025-07-31T23:00:00+00:00,1.09059771e-62,
CGIE3_ID_02,2025-07,spearman::depth_mad_km--interevent_time_mad_hours,depth_mad_km,interevent_time_mad_hours,spearman,undirected,candidate,estimable,-0.5815153805,0.5815153805,-1,,744,,30d,2025-07-31T23:00:00+00:00,1.585729724e-68,
CGIE3_ID_02,2025-07,spearman::depth_mad_km--log10_cumulative_energy_joule,depth_mad_km,log10_cumulative_energy_joule,spearman,undirected,candidate,estimable,0.04729016722,0.04729016722,1,,744,,30d,2025-07-31T23:00:00+00:00,0.1975873295,
CGIE3_ID_02,2025-07,spearman::depth_mad_km--maximum_magnitude,depth_mad_km,maximum_magnitude,spearman,undirected,candidate,estimable,-0.1172035543,0.1172035543,-1,,744,,30d,2025-07-31T23:00:00+00:00,0.001362141855,
CGIE3_ID_02,2025-07,spearman::depth_mad_km--median_depth_km,depth_mad_km,median_depth_km,spearman,undirected,candidate,estimable,-0.5834386779,0.5834386779,-1,,744,,30d,2025-07-31T23:00:00+00:00,4.491837051e-69,
CGIE3_ID_02,2025-07,spearman::depth_mad_km--median_interevent_time_hours,depth_mad_km,median_interevent_time_hours,spearman,undirected,candidate,estimable,-0.5500863724,0.5500863724,-1,,744,,30d,2025-07-31T23:00:00+00:00,4.547554112e-60,
CGIE3_ID_02,2025-07,spearman::depth_mad_km--spatial_dispersion_km,depth_mad_km,spatial_dispersion_km,spearman,undirected,candidate,estimable,-0.5990101714,0.5990101714,-1,,744,,30d,2025-07-31T23:00:00+00:00,1.200607059e-73,
CGIE3_ID_02,2025-07,spearman::depth_mad_km--temporal_burstiness,depth_mad_km,temporal_burstiness,spearman,undirected,candidate,estimable,0.4053978747,0.4053978747,1,,744,,30d,2025-07-31T23:00:00+00:00,8.459491931e-31,
CGIE3_ID_02,2025-07,spearman::event_count--interevent_time_mad_hours,event_count,interevent_time_mad_hours,spearman,undirected,candidate,estimable,-0.5436512774,0.5436512774,-1,,744,,30d,2025-07-31T23:00:00+00:00,1.908843468e-58,
CGIE3_ID_02,2025-07,spearman::event_count--log10_cumulative_energy_joule,event_count,log10_cumulative_energy_joule,spearman,undirected,candidate,estimable,0.2536503202,0.2536503202,1,,744,,30d,2025-07-31T23:00:00+00:00,2.184280108e-12,
CGIE3_ID_02,2025-07,spearman::event_count--maximum_magnitude,event_count,maximum_magnitude,spearman,undirected,candidate,estimable,0.203829424,0.203829424,1,,744,,30d,2025-07-31T23:00:00+00:00,2.030663826e-08,
CGIE3_ID_02,2025-07,spearman::event_count--median_depth_km,event_count,median_depth_km,spearman,undirected,candidate,estimable,-0.4730381831,0.4730381831,-1,,744,,30d,2025-07-31T23:00:00+00:00,9.487530052e-43,
CGIE3_ID_02,2025-07,spearman::event_count--median_interevent_time_hours,event_count,median_interevent_time_hours,spearman,undirected,candidate,estimable,-0.5893651112,0.5893651112,-1,,744,,30d,2025-07-31T23:00:00+00:00,8.734130499e-71,
CGIE3_ID_02,2025-07,spearman::event_count--spatial_dispersion_km,event_count,spatial_dispersion_km,spearman,undirected,candidate,estimable,-0.6757771905,0.6757771905,-1,,744,,30d,2025-07-31T23:00:00+00:00,2.204433416e-100,
CGIE3_ID_02,2025-07,spearman::event_count--temporal_burstiness,event_count,temporal_burstiness,spearman,undirected,candidate,estimable,0.4750423661,0.4750423661,1,,744,,30d,2025-07-31T23:00:00+00:00,3.805793228e-43,
CGIE3_ID_02,2025-07,spearman::interevent_time_mad_hours--log10_cumulative_energy_joule,interevent_time_mad_hours,log10_cumulative_energy_joule,spearman,undirected,candidate,estimable,-0.6094592757,0.6094592757,-1,,744,,30d,2025-07-31T23:00:00+00:00,7.364603746e-77,
CGIE3_ID_02,2025-07,spearman::interevent_time_mad_hours--maximum_magnitude,interevent_time_mad_hours,maximum_magnitude,spearman,undirected,candidate,estimable,-0.2822311567,0.2822311567,-1,,744,,30d,2025-07-31T23:00:00+00:00,4.317970835e-15,
CGIE3_ID_02,2025-07,spearman::interevent_time_mad_hours--median_depth_km,interevent_time_mad_hours,median_depth_km,spearman,undirected,candidate,estimable,0.3627388252,0.3627388252,1,,744,,30d,2025-07-31T23:00:00+00:00,1.486243375e-24,
CGIE3_ID_02,2025-07,spearman::interevent_time_mad_hours--median_interevent_time_hours,interevent_time_mad_hours,median_interevent_time_hours,spearman,undirected,candidate,estimable,0.943283241,0.943283241,1,,744,,30d,2025-07-31T23:00:00+00:00,0,
CGIE3_ID_02,2025-07,spearman::interevent_time_mad_hours--spatial_dispersion_km,interevent_time_mad_hours,spatial_dispersion_km,spearman,undirected,candidate,estimable,0.302918959,0.302918959,1,,744,,30d,2025-07-31T23:00:00+00:00,2.965636996e-17,
CGIE3_ID_02,2025-07,spearman::interevent_time_mad_hours--temporal_burstiness,interevent_time_mad_hours,temporal_burstiness,spearman,undirected,candidate,estimable,-0.8131960102,0.8131960102,-1,,744,,30d,2025-07-31T23:00:00+00:00,1.328504162e-176,
CGIE3_ID_02,2025-07,spearman::log10_cumulative_energy_joule--maximum_magnitude,log10_cumulative_energy_joule,maximum_magnitude,spearman,undirected,candidate,estimable,0.3767389763,0.3767389763,1,,744,,30d,2025-07-31T23:00:00+00:00,1.673384849e-26,
CGIE3_ID_02,2025-07,spearman::log10_cumulative_energy_joule--median_depth_km,log10_cumulative_energy_joule,median_depth_km,spearman,undirected,candidate,estimable,0.2648589187,0.2648589187,1,,744,,30d,2025-07-31T23:00:00+00:00,2.076337711e-13,
CGIE3_ID_02,2025-07,spearman::log10_cumulative_energy_joule--median_interevent_time_hours,log10_cumulative_energy_joule,median_interevent_time_hours,spearman,undirected,candidate,estimable,-0.5512510896,0.5512510896,-1,,744,,30d,2025-07-31T23:00:00+00:00,2.292124477e-60,
CGIE3_ID_02,2025-07,spearman::log10_cumulative_energy_joule--spatial_dispersion_km,log10_cumulative_energy_joule,spatial_dispersion_km,spearman,undirected,candidate,estimable,0.122255275,0.122255275,1,,744,,30d,2025-07-31T23:00:00+00:00,0.0008329254312,
CGIE3_ID_02,2025-07,spearman::log10_cumulative_energy_joule--temporal_burstiness,log10_cumulative_energy_joule,temporal_burstiness,spearman,undirected,candidate,estimable,0.4144055815,0.4144055815,1,,744,,30d,2025-07-31T23:00:00+00:00,3.07464641e-32,
CGIE3_ID_02,2025-07,spearman::maximum_magnitude--median_depth_km,maximum_magnitude,median_depth_km,spearman,undirected,candidate,estimable,0.31784216,0.31784216,1,,744,,30d,2025-07-31T23:00:00+00:00,6.308719746e-19,
CGIE3_ID_02,2025-07,spearman::maximum_magnitude--median_interevent_time_hours,maximum_magnitude,median_interevent_time_hours,spearman,undirected,candidate,estimable,-0.3462005846,0.3462005846,-1,,744,,30d,2025-07-31T23:00:00+00:00,2.252809081e-22,
CGIE3_ID_02,2025-07,spearman::maximum_magnitude--spatial_dispersion_km,maximum_magnitude,spatial_dispersion_km,spearman,undirected,candidate,estimable,0.3445835373,0.3445835373,1,,744,,30d,2025-07-31T23:00:00+00:00,3.623037674e-22,
CGIE3_ID_02,2025-07,spearman::maximum_magnitude--temporal_burstiness,maximum_magnitude,temporal_burstiness,spearman,undirected,candidate,estimable,0.3190065589,0.3190065589,1,,744,,30d,2025-07-31T23:00:00+00:00,4.62840161e-19,
CGIE3_ID_02,2025-07,spearman::median_depth_km--median_interevent_time_hours,median_depth_km,median_interevent_time_hours,spearman,undirected,candidate,estimable,0.3498235888,0.3498235888,1,,744,,30d,2025-07-31T23:00:00+00:00,7.69135882e-23,
CGIE3_ID_02,2025-07,spearman::median_depth_km--spatial_dispersion_km,median_depth_km,spatial_dispersion_km,spearman,undirected,candidate,estimable,0.7103522069,0.7103522069,1,,744,,30d,2025-07-31T23:00:00+00:00,2.77421292e-115,
CGIE3_ID_02,2025-07,spearman::median_depth_km--temporal_burstiness,median_depth_km,temporal_burstiness,spearman,undirected,candidate,estimable,-0.3039661167,0.3039661167,-1,,744,,30d,2025-07-31T23:00:00+00:00,2.27971961e-17,
CGIE3_ID_02,2025-07,spearman::median_interevent_time_hours--spatial_dispersion_km,median_interevent_time_hours,spatial_dispersion_km,spearman,undirected,candidate,estimable,0.2330902113,0.2330902113,1,,744,,30d,2025-07-31T23:00:00+00:00,1.226475725e-10,
CGIE3_ID_02,2025-07,spearman::median_interevent_time_hours--temporal_burstiness,median_interevent_time_hours,temporal_burstiness,spearman,undirected,candidate,estimable,-0.9292077858,0.9292077858,-1,,744,,30d,2025-07-31T23:00:00+00:00,0,
CGIE3_ID_02,2025-07,spearman::spatial_dispersion_km--temporal_burstiness,spatial_dispersion_km,temporal_burstiness,spearman,undirected,candidate,estimable,-0.09099064728,0.09099064728,-1,,744,,30d,2025-07-31T23:00:00+00:00,0.01303275284,
CGIE3_ID_02,2025-08,spearman::depth_mad_km--event_count,depth_mad_km,event_count,spearman,undirected,candidate,estimable,0.5465297848,0.5465297848,1,,744,,30d,2025-08-31T23:00:00+00:00,3.623561478e-59,
CGIE3_ID_02,2025-08,spearman::depth_mad_km--interevent_time_mad_hours,depth_mad_km,interevent_time_mad_hours,spearman,undirected,candidate,estimable,-0.4697240539,0.4697240539,-1,,744,,30d,2025-08-31T23:00:00+00:00,4.240417323e-42,
CGIE3_ID_02,2025-08,spearman::depth_mad_km--log10_cumulative_energy_joule,depth_mad_km,log10_cumulative_energy_joule,spearman,undirected,candidate,estimable,-0.1732747903,0.1732747903,-1,,744,,30d,2025-08-31T23:00:00+00:00,1.990687033e-06,
CGIE3_ID_02,2025-08,spearman::depth_mad_km--maximum_magnitude,depth_mad_km,maximum_magnitude,spearman,undirected,candidate,estimable,-0.4100574146,0.4100574146,-1,,744,,30d,2025-08-31T23:00:00+00:00,1.542316069e-31,
CGIE3_ID_02,2025-08,spearman::depth_mad_km--median_depth_km,depth_mad_km,median_depth_km,spearman,undirected,candidate,estimable,-0.6919513445,0.6919513445,-1,,744,,30d,2025-08-31T23:00:00+00:00,4.320655429e-107,
CGIE3_ID_02,2025-08,spearman::depth_mad_km--median_interevent_time_hours,depth_mad_km,median_interevent_time_hours,spearman,undirected,candidate,estimable,-0.4924108613,0.4924108613,-1,,744,,30d,2025-08-31T23:00:00+00:00,1.071832348e-46,
CGIE3_ID_02,2025-08,spearman::depth_mad_km--spatial_dispersion_km,depth_mad_km,spatial_dispersion_km,spearman,undirected,candidate,estimable,-0.2814570834,0.2814570834,-1,,744,,30d,2025-08-31T23:00:00+00:00,5.161850148e-15,
CGIE3_ID_02,2025-08,spearman::depth_mad_km--temporal_burstiness,depth_mad_km,temporal_burstiness,spearman,undirected,candidate,estimable,-0.3902139286,0.3902139286,-1,,744,,30d,2025-08-31T23:00:00+00:00,1.804001539e-28,
CGIE3_ID_02,2025-08,spearman::event_count--interevent_time_mad_hours,event_count,interevent_time_mad_hours,spearman,undirected,candidate,estimable,-0.7105045613,0.7105045613,-1,,744,,30d,2025-08-31T23:00:00+00:00,2.358446791e-115,
CGIE3_ID_02,2025-08,spearman::event_count--log10_cumulative_energy_joule,event_count,log10_cumulative_energy_joule,spearman,undirected,candidate,estimable,-0.4729126952,0.4729126952,-1,,744,,30d,2025-08-31T23:00:00+00:00,1.004395714e-42,
CGIE3_ID_02,2025-08,spearman::event_count--maximum_magnitude,event_count,maximum_magnitude,spearman,undirected,candidate,estimable,-0.7166046278,0.7166046278,-1,,744,,30d,2025-08-31T23:00:00+00:00,3.244487934e-118,
CGIE3_ID_02,2025-08,spearman::event_count--median_depth_km,event_count,median_depth_km,spearman,undirected,candidate,estimable,-0.4019196117,0.4019196117,-1,,744,,30d,2025-08-31T23:00:00+00:00,2.961729284e-30,
CGIE3_ID_02,2025-08,spearman::event_count--median_interevent_time_hours,event_count,median_interevent_time_hours,spearman,undirected,candidate,estimable,-0.7381040529,0.7381040529,-1,,744,,30d,2025-08-31T23:00:00+00:00,6.192639932e-129,
CGIE3_ID_02,2025-08,spearman::event_count--spatial_dispersion_km,event_count,spatial_dispersion_km,spearman,undirected,candidate,estimable,-0.6368926676,0.6368926676,-1,,744,,30d,2025-08-31T23:00:00+00:00,6.857436492e-86,
CGIE3_ID_02,2025-08,spearman::event_count--temporal_burstiness,event_count,temporal_burstiness,spearman,undirected,candidate,estimable,-0.1597407623,0.1597407623,-1,,744,,30d,2025-08-31T23:00:00+00:00,1.197936328e-05,
CGIE3_ID_02,2025-08,spearman::interevent_time_mad_hours--log10_cumulative_energy_joule,interevent_time_mad_hours,log10_cumulative_energy_joule,spearman,undirected,candidate,estimable,0.4170954909,0.4170954909,1,,744,,30d,2025-08-31T23:00:00+00:00,1.120315649e-32,
CGIE3_ID_02,2025-08,spearman::interevent_time_mad_hours--maximum_magnitude,interevent_time_mad_hours,maximum_magnitude,spearman,undirected,candidate,estimable,0.5561436277,0.5561436277,1,,744,,30d,2025-08-31T23:00:00+00:00,1.251682131e-61,
CGIE3_ID_02,2025-08,spearman::interevent_time_mad_hours--median_depth_km,interevent_time_mad_hours,median_depth_km,spearman,undirected,candidate,estimable,0.4734071146,0.4734071146,1,,744,,30d,2025-08-31T23:00:00+00:00,8.022767839e-43,
CGIE3_ID_02,2025-08,spearman::interevent_time_mad_hours--median_interevent_time_hours,interevent_time_mad_hours,median_interevent_time_hours,spearman,undirected,candidate,estimable,0.9832727577,0.9832727577,1,,744,,30d,2025-08-31T23:00:00+00:00,0,
CGIE3_ID_02,2025-08,spearman::interevent_time_mad_hours--spatial_dispersion_km,interevent_time_mad_hours,spatial_dispersion_km,spearman,undirected,candidate,estimable,0.5658805234,0.5658805234,1,,744,,30d,2025-08-31T23:00:00+00:00,3.319899223e-64,
CGIE3_ID_02,2025-08,spearman::interevent_time_mad_hours--temporal_burstiness,interevent_time_mad_hours,temporal_burstiness,spearman,undirected,candidate,estimable,0.1439426375,0.1439426375,1,,744,,30d,2025-08-31T23:00:00+00:00,8.142501531e-05,
CGIE3_ID_02,2025-08,spearman::log10_cumulative_energy_joule--maximum_magnitude,log10_cumulative_energy_joule,maximum_magnitude,spearman,undirected,candidate,estimable,0.8958794278,0.8958794278,1,,744,,30d,2025-08-31T23:00:00+00:00,1.224707155e-263,
CGIE3_ID_02,2025-08,spearman::log10_cumulative_energy_joule--median_depth_km,log10_cumulative_energy_joule,median_depth_km,spearman,undirected,candidate,estimable,0.05779169952,0.05779169952,1,,744,,30d,2025-08-31T23:00:00+00:00,0.1152533435,
CGIE3_ID_02,2025-08,spearman::log10_cumulative_energy_joule--median_interevent_time_hours,log10_cumulative_energy_joule,median_interevent_time_hours,spearman,undirected,candidate,estimable,0.5082620086,0.5082620086,1,,744,,30d,2025-08-31T23:00:00+00:00,4.045385079e-50,
CGIE3_ID_02,2025-08,spearman::log10_cumulative_energy_joule--spatial_dispersion_km,log10_cumulative_energy_joule,spatial_dispersion_km,spearman,undirected,candidate,estimable,0.80751302,0.80751302,1,,744,,30d,2025-08-31T23:00:00+00:00,2.813504492e-172,
CGIE3_ID_02,2025-08,spearman::log10_cumulative_energy_joule--temporal_burstiness,log10_cumulative_energy_joule,temporal_burstiness,spearman,undirected,candidate,estimable,0.1771646496,0.1771646496,1,,744,,30d,2025-08-31T23:00:00+00:00,1.157371818e-06,
CGIE3_ID_02,2025-08,spearman::maximum_magnitude--median_depth_km,maximum_magnitude,median_depth_km,spearman,undirected,candidate,estimable,0.2927696893,0.2927696893,1,,744,,30d,2025-08-31T23:00:00+00:00,3.593182338e-16,
CGIE3_ID_02,2025-08,spearman::maximum_magnitude--median_interevent_time_hours,maximum_magnitude,median_interevent_time_hours,spearman,undirected,candidate,estimable,0.6467108567,0.6467108567,1,,744,,30d,2025-08-31T23:00:00+00:00,2.379293533e-89,
CGIE3_ID_02,2025-08,spearman::maximum_magnitude--spatial_dispersion_km,maximum_magnitude,spatial_dispersion_km,spearman,undirected,candidate,estimable,0.8466762818,0.8466762818,1,,744,,30d,2025-08-31T23:00:00+00:00,1.700929742e-205,
CGIE3_ID_02,2025-08,spearman::maximum_magnitude--temporal_burstiness,maximum_magnitude,temporal_burstiness,spearman,undirected,candidate,estimable,0.2995949251,0.2995949251,1,,744,,30d,2025-08-31T23:00:00+00:00,6.787054776e-17,
CGIE3_ID_02,2025-08,spearman::median_depth_km--median_interevent_time_hours,median_depth_km,median_interevent_time_hours,spearman,undirected,candidate,estimable,0.4951005783,0.4951005783,1,,744,,30d,2025-08-31T23:00:00+00:00,2.896335038e-47,
CGIE3_ID_02,2025-08,spearman::median_depth_km--spatial_dispersion_km,median_depth_km,spatial_dispersion_km,spearman,undirected,candidate,estimable,0.3587811995,0.3587811995,1,,744,,30d,2025-08-31T23:00:00+00:00,5.077968679e-24,
CGIE3_ID_02,2025-08,spearman::median_depth_km--temporal_burstiness,median_depth_km,temporal_burstiness,spearman,undirected,candidate,estimable,0.1979728669,0.1979728669,1,,744,,30d,2025-08-31T23:00:00+00:00,5.184032004e-08,
CGIE3_ID_02,2025-08,spearman::median_interevent_time_hours--spatial_dispersion_km,median_interevent_time_hours,spatial_dispersion_km,spearman,undirected,candidate,estimable,0.6338378413,0.6338378413,1,,744,,30d,2025-08-31T23:00:00+00:00,7.711216526e-85,
CGIE3_ID_02,2025-08,spearman::median_interevent_time_hours--temporal_burstiness,median_interevent_time_hours,temporal_burstiness,spearman,undirected,candidate,estimable,0.1685188724,0.1685188724,1,,744,,30d,2025-08-31T23:00:00+00:00,3.801547468e-06,
CGIE3_ID_02,2025-08,spearman::spatial_dispersion_km--temporal_burstiness,spatial_dispersion_km,temporal_burstiness,spearman,undirected,candidate,estimable,0.2197744069,0.2197744069,1,,744,,30d,2025-08-31T23:00:00+00:00,1.371451875e-09,
CGIE3_ID_02,2025-09,spearman::depth_mad_km--event_count,depth_mad_km,event_count,spearman,undirected,candidate,estimable,0.5127815125,0.5127815125,1,,720,,30d,2025-09-30T23:00:00+00:00,1.565337386e-49,
CGIE3_ID_02,2025-09,spearman::depth_mad_km--interevent_time_mad_hours,depth_mad_km,interevent_time_mad_hours,spearman,undirected,candidate,estimable,0.5061153224,0.5061153224,1,,720,,30d,2025-09-30T23:00:00+00:00,4.269919205e-48,
CGIE3_ID_02,2025-09,spearman::depth_mad_km--log10_cumulative_energy_joule,depth_mad_km,log10_cumulative_energy_joule,spearman,undirected,candidate,estimable,0.5356460431,0.5356460431,1,,720,,30d,2025-09-30T23:00:00+00:00,1.048869034e-54,
CGIE3_ID_02,2025-09,spearman::depth_mad_km--maximum_magnitude,depth_mad_km,maximum_magnitude,spearman,undirected,candidate,estimable,-0.09918244664,0.09918244664,-1,,720,,30d,2025-09-30T23:00:00+00:00,0.00773807667,
CGIE3_ID_02,2025-09,spearman::depth_mad_km--median_depth_km,depth_mad_km,median_depth_km,spearman,undirected,candidate,estimable,0.648810855,0.648810855,1,,720,,30d,2025-09-30T23:00:00+00:00,2.981004347e-87,
CGIE3_ID_02,2025-09,spearman::depth_mad_km--median_interevent_time_hours,depth_mad_km,median_interevent_time_hours,spearman,undirected,candidate,estimable,0.4738766335,0.4738766335,1,,720,,30d,2025-09-30T23:00:00+00:00,1.393139748e-41,
CGIE3_ID_02,2025-09,spearman::depth_mad_km--spatial_dispersion_km,depth_mad_km,spatial_dispersion_km,spearman,undirected,candidate,estimable,0.5622731524,0.5622731524,1,,720,,30d,2025-09-30T23:00:00+00:00,2.972894217e-61,
CGIE3_ID_02,2025-09,spearman::depth_mad_km--temporal_burstiness,depth_mad_km,temporal_burstiness,spearman,undirected,candidate,estimable,-0.6374016361,0.6374016361,-1,,720,,30d,2025-09-30T23:00:00+00:00,2.421235329e-83,
CGIE3_ID_02,2025-09,spearman::event_count--interevent_time_mad_hours,event_count,interevent_time_mad_hours,spearman,undirected,candidate,estimable,0.8822630723,0.8822630723,1,,720,,30d,2025-09-30T23:00:00+00:00,3.943224188e-237,
CGIE3_ID_02,2025-09,spearman::event_count--log10_cumulative_energy_joule,event_count,log10_cumulative_energy_joule,spearman,undirected,candidate,estimable,0.8717096295,0.8717096295,1,,720,,30d,2025-09-30T23:00:00+00:00,1.283642566e-224,
CGIE3_ID_02,2025-09,spearman::event_count--maximum_magnitude,event_count,maximum_magnitude,spearman,undirected,candidate,estimable,-0.001508218696,0.001508218696,-1,,720,,30d,2025-09-30T23:00:00+00:00,0.9677746598,
CGIE3_ID_02,2025-09,spearman::event_count--median_depth_km,event_count,median_depth_km,spearman,undirected,candidate,estimable,0.8560173215,0.8560173215,1,,720,,30d,2025-09-30T23:00:00+00:00,6.242384813e-208,
CGIE3_ID_02,2025-09,spearman::event_count--median_interevent_time_hours,event_count,median_interevent_time_hours,spearman,undirected,candidate,estimable,0.8770768557,0.8770768557,1,,720,,30d,2025-09-30T23:00:00+00:00,7.745512277e-231,
CGIE3_ID_02,2025-09,spearman::event_count--spatial_dispersion_km,event_count,spatial_dispersion_km,spearman,undirected,candidate,estimable,0.8664074753,0.8664074753,1,,720,,30d,2025-09-30T23:00:00+00:00,9.614348617e-219,
CGIE3_ID_02,2025-09,spearman::event_count--temporal_burstiness,event_count,temporal_burstiness,spearman,undirected,candidate,estimable,-0.7824978052,0.7824978052,-1,,720,,30d,2025-09-30T23:00:00+00:00,7.05867001e-150,
CGIE3_ID_02,2025-09,spearman::interevent_time_mad_hours--log10_cumulative_energy_joule,interevent_time_mad_hours,log10_cumulative_energy_joule,spearman,undirected,candidate,estimable,0.772900645,0.772900645,1,,720,,30d,2025-09-30T23:00:00+00:00,5.551426973e-144,
CGIE3_ID_02,2025-09,spearman::interevent_time_mad_hours--maximum_magnitude,interevent_time_mad_hours,maximum_magnitude,spearman,undirected,candidate,estimable,-0.1117887028,0.1117887028,-1,,720,,30d,2025-09-30T23:00:00+00:00,0.002666184166,
CGIE3_ID_02,2025-09,spearman::interevent_time_mad_hours--median_depth_km,interevent_time_mad_hours,median_depth_km,spearman,undirected,candidate,estimable,0.8512042971,0.8512042971,1,,720,,30d,2025-09-30T23:00:00+00:00,3.307692519e-203,
CGIE3_ID_02,2025-09,spearman::interevent_time_mad_hours--median_interevent_time_hours,interevent_time_mad_hours,median_interevent_time_hours,spearman,undirected,candidate,estimable,0.9979192747,0.9979192747,1,,720,,30d,2025-09-30T23:00:00+00:00,0,
CGIE3_ID_02,2025-09,spearman::interevent_time_mad_hours--spatial_dispersion_km,interevent_time_mad_hours,spatial_dispersion_km,spearman,undirected,candidate,estimable,0.8816128283,0.8816128283,1,,720,,30d,2025-09-30T23:00:00+00:00,2.517728728e-236,
CGIE3_ID_02,2025-09,spearman::interevent_time_mad_hours--temporal_burstiness,interevent_time_mad_hours,temporal_burstiness,spearman,undirected,candidate,estimable,-0.8825703871,0.8825703871,-1,,720,,30d,2025-09-30T23:00:00+00:00,1.635551296e-237,
CGIE3_ID_02,2025-09,spearman::log10_cumulative_energy_joule--maximum_magnitude,log10_cumulative_energy_joule,maximum_magnitude,spearman,undirected,candidate,estimable,0.1116160968,0.1116160968,1,,720,,30d,2025-09-30T23:00:00+00:00,0.00270736997,
CGIE3_ID_02,2025-09,spearman::log10_cumulative_energy_joule--median_depth_km,log10_cumulative_energy_joule,median_depth_km,spearman,undirected,candidate,estimable,0.8228326994,0.8228326994,1,,720,,30d,2025-09-30T23:00:00+00:00,2.167373788e-178,
CGIE3_ID_02,2025-09,spearman::log10_cumulative_energy_joule--median_interevent_time_hours,log10_cumulative_energy_joule,median_interevent_time_hours,spearman,undirected,candidate,estimable,0.7593341234,0.7593341234,1,,720,,30d,2025-09-30T23:00:00+00:00,3.987609803e-136,
CGIE3_ID_02,2025-09,spearman::log10_cumulative_energy_joule--spatial_dispersion_km,log10_cumulative_energy_joule,spatial_dispersion_km,spearman,undirected,candidate,estimable,0.8031523537,0.8031523537,1,,720,,30d,2025-09-30T23:00:00+00:00,1.19395654e-163,
CGIE3_ID_02,2025-09,spearman::log10_cumulative_energy_joule--temporal_burstiness,log10_cumulative_energy_joule,temporal_burstiness,spearman,undirected,candidate,estimable,-0.7227334022,0.7227334022,-1,,720,,30d,2025-09-30T23:00:00+00:00,2.610411736e-117,
CGIE3_ID_02,2025-09,spearman::maximum_magnitude--median_depth_km,maximum_magnitude,median_depth_km,spearman,undirected,candidate,estimable,-0.1116179816,0.1116179816,-1,,720,,30d,2025-09-30T23:00:00+00:00,0.002706917118,
CGIE3_ID_02,2025-09,spearman::maximum_magnitude--median_interevent_time_hours,maximum_magnitude,median_interevent_time_hours,spearman,undirected,candidate,estimable,-0.112010638,0.112010638,-1,,720,,30d,2025-09-30T23:00:00+00:00,0.002614067703,
CGIE3_ID_02,2025-09,spearman::maximum_magnitude--spatial_dispersion_km,maximum_magnitude,spatial_dispersion_km,spearman,undirected,candidate,estimable,-0.1106764381,0.1106764381,-1,,720,,30d,2025-09-30T23:00:00+00:00,0.002941934094,
CGIE3_ID_02,2025-09,spearman::maximum_magnitude--temporal_burstiness,maximum_magnitude,temporal_burstiness,spearman,undirected,candidate,estimable,0.1101575612,0.1101575612,1,,720,,30d,2025-09-30T23:00:00+00:00,0.00307925148,
CGIE3_ID_02,2025-09,spearman::median_depth_km--median_interevent_time_hours,median_depth_km,median_interevent_time_hours,spearman,undirected,candidate,estimable,0.838525167,0.838525167,1,,720,,30d,2025-09-30T23:00:00+00:00,1.600199669e-191,
CGIE3_ID_02,2025-09,spearman::median_depth_km--spatial_dispersion_km,median_depth_km,spatial_dispersion_km,spearman,undirected,candidate,estimable,0.9152944602,0.9152944602,1,,720,,30d,2025-09-30T23:00:00+00:00,9.014753841e-286,
CGIE3_ID_02,2025-09,spearman::median_depth_km--temporal_burstiness,median_depth_km,temporal_burstiness,spearman,undirected,candidate,estimable,-0.8108483837,0.8108483837,-1,,720,,30d,2025-09-30T23:00:00+00:00,3.303344337e-169,
CGIE3_ID_02,2025-09,spearman::median_interevent_time_hours--spatial_dispersion_km,median_interevent_time_hours,spatial_dispersion_km,spearman,undirected,candidate,estimable,0.8684670804,0.8684670804,1,,720,,30d,2025-09-30T23:00:00+00:00,5.387967153e-221,
CGIE3_ID_02,2025-09,spearman::median_interevent_time_hours--temporal_burstiness,median_interevent_time_hours,temporal_burstiness,spearman,undirected,candidate,estimable,-0.8687823153,0.8687823153,-1,,720,,30d,2025-09-30T23:00:00+00:00,2.418019448e-221,
CGIE3_ID_02,2025-09,spearman::spatial_dispersion_km--temporal_burstiness,spatial_dispersion_km,temporal_burstiness,spearman,undirected,candidate,estimable,-0.8160846995,0.8160846995,-1,,720,,30d,2025-09-30T23:00:00+00:00,3.884733842e-173,
CGIE3_ID_02,2025-10,spearman::depth_mad_km--event_count,depth_mad_km,event_count,spearman,undirected,candidate,estimable,-0.005012241594,0.005012241594,-1,,744,,30d,2025-10-31T23:00:00+00:00,0.8914365336,
CGIE3_ID_02,2025-10,spearman::depth_mad_km--interevent_time_mad_hours,depth_mad_km,interevent_time_mad_hours,spearman,undirected,candidate,estimable,0.02573085008,0.02573085008,1,,744,,30d,2025-10-31T23:00:00+00:00,0.4834403468,
CGIE3_ID_02,2025-10,spearman::depth_mad_km--log10_cumulative_energy_joule,depth_mad_km,log10_cumulative_energy_joule,spearman,undirected,candidate,estimable,0.06466428364,0.06466428364,1,,744,,30d,2025-10-31T23:00:00+00:00,0.07795347421,
CGIE3_ID_02,2025-10,spearman::depth_mad_km--maximum_magnitude,depth_mad_km,maximum_magnitude,spearman,undirected,candidate,estimable,0.09093714618,0.09093714618,1,,744,,30d,2025-10-31T23:00:00+00:00,0.01308648293,
CGIE3_ID_02,2025-10,spearman::depth_mad_km--median_depth_km,depth_mad_km,median_depth_km,spearman,undirected,candidate,estimable,-0.6896575149,0.6896575149,-1,,744,,30d,2025-10-31T23:00:00+00:00,4.10890966e-106,
CGIE3_ID_02,2025-10,spearman::depth_mad_km--median_interevent_time_hours,depth_mad_km,median_interevent_time_hours,spearman,undirected,candidate,estimable,0.002721540332,0.002721540332,1,,744,,30d,2025-10-31T23:00:00+00:00,0.9409236196,
CGIE3_ID_02,2025-10,spearman::depth_mad_km--spatial_dispersion_km,depth_mad_km,spatial_dispersion_km,spearman,undirected,candidate,estimable,-0.3120007203,0.3120007203,-1,,744,,30d,2025-10-31T23:00:00+00:00,2.923244819e-18,
CGIE3_ID_02,2025-10,spearman::depth_mad_km--temporal_burstiness,depth_mad_km,temporal_burstiness,spearman,undirected,candidate,estimable,-0.1597243386,0.1597243386,-1,,744,,30d,2025-10-31T23:00:00+00:00,1.200444519e-05,
CGIE3_ID_02,2025-10,spearman::event_count--interevent_time_mad_hours,event_count,interevent_time_mad_hours,spearman,undirected,candidate,estimable,0.01625571108,0.01625571108,1,,744,,30d,2025-10-31T23:00:00+00:00,0.65799692,
CGIE3_ID_02,2025-10,spearman::event_count--log10_cumulative_energy_joule,event_count,log10_cumulative_energy_joule,spearman,undirected,candidate,estimable,0.9732765296,0.9732765296,1,,744,,30d,2025-10-31T23:00:00+00:00,0,
CGIE3_ID_02,2025-10,spearman::event_count--maximum_magnitude,event_count,maximum_magnitude,spearman,undirected,candidate,estimable,0.492834648,0.492834648,1,,744,,30d,2025-10-31T23:00:00+00:00,8.728214133e-47,
CGIE3_ID_02,2025-10,spearman::event_count--median_depth_km,event_count,median_depth_km,spearman,undirected,candidate,estimable,0.4063896625,0.4063896625,1,,744,,30d,2025-10-31T23:00:00+00:00,5.901855971e-31,
CGIE3_ID_02,2025-10,spearman::event_count--median_interevent_time_hours,event_count,median_interevent_time_hours,spearman,undirected,candidate,estimable,-0.1077862062,0.1077862062,-1,,744,,30d,2025-10-31T23:00:00+00:00,0.003243642678,
CGIE3_ID_02,2025-10,spearman::event_count--spatial_dispersion_km,event_count,spatial_dispersion_km,spearman,undirected,candidate,estimable,0.4813173916,0.4813173916,1,,744,,30d,2025-10-31T23:00:00+00:00,2.095193147e-44,
CGIE3_ID_02,2025-10,spearman::event_count--temporal_burstiness,event_count,temporal_burstiness,spearman,undirected,candidate,estimable,-0.116518652,0.116518652,-1,,744,,30d,2025-10-31T23:00:00+00:00,0.001453998243,
CGIE3_ID_02,2025-10,spearman::interevent_time_mad_hours--log10_cumulative_energy_joule,interevent_time_mad_hours,log10_cumulative_energy_joule,spearman,undirected,candidate,estimable,0.01761862807,0.01761862807,1,,744,,30d,2025-10-31T23:00:00+00:00,0.631368684,
CGIE3_ID_02,2025-10,spearman::interevent_time_mad_hours--maximum_magnitude,interevent_time_mad_hours,maximum_magnitude,spearman,undirected,candidate,estimable,-0.4907392519,0.4907392519,-1,,744,,30d,2025-10-31T23:00:00+00:00,2.403041416e-46,
CGIE3_ID_02,2025-10,spearman::interevent_time_mad_hours--median_depth_km,interevent_time_mad_hours,median_depth_km,spearman,undirected,candidate,estimable,-0.4049400794,0.4049400794,-1,,744,,30d,2025-10-31T23:00:00+00:00,9.984776194e-31,
CGIE3_ID_02,2025-10,spearman::interevent_time_mad_hours--median_interevent_time_hours,interevent_time_mad_hours,median_interevent_time_hours,spearman,undirected,candidate,estimable,0.9735571045,0.9735571045,1,,744,,30d,2025-10-31T23:00:00+00:00,0,
CGIE3_ID_02,2025-10,spearman::interevent_time_mad_hours--spatial_dispersion_km,interevent_time_mad_hours,spatial_dispersion_km,spearman,undirected,candidate,estimable,0.2210428799,0.2210428799,1,,744,,30d,2025-10-31T23:00:00+00:00,1.096754425e-09,
CGIE3_ID_02,2025-10,spearman::interevent_time_mad_hours--temporal_burstiness,interevent_time_mad_hours,temporal_burstiness,spearman,undirected,candidate,estimable,-0.8482799166,0.8482799166,-1,,744,,30d,2025-10-31T23:00:00+00:00,4.738475571e-207,
CGIE3_ID_02,2025-10,spearman::log10_cumulative_energy_joule--maximum_magnitude,log10_cumulative_energy_joule,maximum_magnitude,spearman,undirected,candidate,estimable,0.5433593585,0.5433593585,1,,744,,30d,2025-10-31T23:00:00+00:00,2.257166946e-58,
CGIE3_ID_02,2025-10,spearman::log10_cumulative_energy_joule--median_depth_km,log10_cumulative_energy_joule,median_depth_km,spearman,undirected,candidate,estimable,0.3329067186,0.3329067186,1,,744,,30d,2025-10-31T23:00:00+00:00,1.031885917e-20,
CGIE3_ID_02,2025-10,spearman::log10_cumulative_energy_joule--median_interevent_time_hours,log10_cumulative_energy_joule,median_interevent_time_hours,spearman,undirected,candidate,estimable,-0.107129223,0.107129223,-1,,744,,30d,2025-10-31T23:00:00+00:00,0.003437864184,
CGIE3_ID_02,2025-10,spearman::log10_cumulative_energy_joule--spatial_dispersion_km,log10_cumulative_energy_joule,spatial_dispersion_km,spearman,undirected,candidate,estimable,0.4569411311,0.4569411311,1,,744,,30d,2025-10-31T23:00:00+00:00,1.174179109e-39,
CGIE3_ID_02,2025-10,spearman::log10_cumulative_energy_joule--temporal_burstiness,log10_cumulative_energy_joule,temporal_burstiness,spearman,undirected,candidate,estimable,-0.1400471872,0.1400471872,-1,,744,,30d,2025-10-31T23:00:00+00:00,0.0001268695232,
CGIE3_ID_02,2025-10,spearman::maximum_magnitude--median_depth_km,maximum_magnitude,median_depth_km,spearman,undirected,candidate,estimable,0.4094134425,0.4094134425,1,,744,,30d,2025-10-31T23:00:00+00:00,1.954462784e-31,
CGIE3_ID_02,2025-10,spearman::maximum_magnitude--median_interevent_time_hours,maximum_magnitude,median_interevent_time_hours,spearman,undirected,candidate,estimable,-0.4943596925,0.4943596925,-1,,744,,30d,2025-10-31T23:00:00+00:00,4.158021985e-47,
CGIE3_ID_02,2025-10,spearman::maximum_magnitude--spatial_dispersion_km,maximum_magnitude,spatial_dispersion_km,spearman,undirected,candidate,estimable,0.1118830096,0.1118830096,1,,744,,30d,2025-10-31T23:00:00+00:00,0.002241385507,
CGIE3_ID_02,2025-10,spearman::maximum_magnitude--temporal_burstiness,maximum_magnitude,temporal_burstiness,spearman,undirected,candidate,estimable,0.3646160302,0.3646160302,1,,744,,30d,2025-10-31T23:00:00+00:00,8.24826861e-25,
CGIE3_ID_02,2025-10,spearman::median_depth_km--median_interevent_time_hours,median_depth_km,median_interevent_time_hours,spearman,undirected,candidate,estimable,-0.4040616831,0.4040616831,-1,,744,,30d,2025-10-31T23:00:00+00:00,1.371399028e-30,
CGIE3_ID_02,2025-10,spearman::median_depth_km--spatial_dispersion_km,median_depth_km,spatial_dispersion_km,spearman,undirected,candidate,estimable,0.3837874979,0.3837874979,1,,744,,30d,2025-10-31T23:00:00+00:00,1.60675853e-27,
CGIE3_ID_02,2025-10,spearman::median_depth_km--temporal_burstiness,median_depth_km,temporal_burstiness,spearman,undirected,candidate,estimable,0.3938600257,0.3938600257,1,,744,,30d,2025-10-31T23:00:00+00:00,5.104954287e-29,
CGIE3_ID_02,2025-10,spearman::median_interevent_time_hours--spatial_dispersion_km,median_interevent_time_hours,spatial_dispersion_km,spearman,undirected,candidate,estimable,0.2108307314,0.2108307314,1,,744,,30d,2025-10-31T23:00:00+00:00,6.382505795e-09,
CGIE3_ID_02,2025-10,spearman::median_interevent_time_hours--temporal_burstiness,median_interevent_time_hours,temporal_burstiness,spearman,undirected,candidate,estimable,-0.8168371046,0.8168371046,-1,,744,,30d,2025-10-31T23:00:00+00:00,1.87547283e-179,
CGIE3_ID_02,2025-10,spearman::spatial_dispersion_km--temporal_burstiness,spatial_dispersion_km,temporal_burstiness,spearman,undirected,candidate,estimable,-0.3068228172,0.3068228172,-1,,744,,30d,2025-10-31T23:00:00+00:00,1.106309409e-17,
CGIE3_ID_02,2025-11,spearman::depth_mad_km--event_count,depth_mad_km,event_count,spearman,undirected,candidate,estimable,-0.07029650276,0.07029650276,-1,,720,,30d,2025-11-30T23:00:00+00:00,0.05938820096,
CGIE3_ID_02,2025-11,spearman::depth_mad_km--interevent_time_mad_hours,depth_mad_km,interevent_time_mad_hours,spearman,undirected,candidate,estimable,-0.2722675002,0.2722675002,-1,,720,,30d,2025-11-30T23:00:00+00:00,1.05443828e-13,
CGIE3_ID_02,2025-11,spearman::depth_mad_km--log10_cumulative_energy_joule,depth_mad_km,log10_cumulative_energy_joule,spearman,undirected,candidate,estimable,0.251109431,0.251109431,1,,720,,30d,2025-11-30T23:00:00+00:00,8.138129326e-12,
CGIE3_ID_02,2025-11,spearman::depth_mad_km--maximum_magnitude,depth_mad_km,maximum_magnitude,spearman,undirected,candidate,estimable,0.4003812997,0.4003812997,1,,720,,30d,2025-11-30T23:00:00+00:00,4.243819036e-29,
CGIE3_ID_02,2025-11,spearman::depth_mad_km--median_depth_km,depth_mad_km,median_depth_km,spearman,undirected,candidate,estimable,0.1625326957,0.1625326957,1,,720,,30d,2025-11-30T23:00:00+00:00,1.171599471e-05,
CGIE3_ID_02,2025-11,spearman::depth_mad_km--median_interevent_time_hours,depth_mad_km,median_interevent_time_hours,spearman,undirected,candidate,estimable,-0.2767269914,0.2767269914,-1,,720,,30d,2025-11-30T23:00:00+00:00,4.012266081e-14,
CGIE3_ID_02,2025-11,spearman::depth_mad_km--spatial_dispersion_km,depth_mad_km,spatial_dispersion_km,spearman,undirected,candidate,estimable,-0.1582362061,0.1582362061,-1,,720,,30d,2025-11-30T23:00:00+00:00,1.99502596e-05,
CGIE3_ID_02,2025-11,spearman::depth_mad_km--temporal_burstiness,depth_mad_km,temporal_burstiness,spearman,undirected,candidate,estimable,0.500195402,0.500195402,1,,720,,30d,2025-11-30T23:00:00+00:00,7.571071187e-47,
CGIE3_ID_02,2025-11,spearman::event_count--interevent_time_mad_hours,event_count,interevent_time_mad_hours,spearman,undirected,candidate,estimable,-0.1732776649,0.1732776649,-1,,720,,30d,2025-11-30T23:00:00+00:00,2.912844725e-06,
CGIE3_ID_02,2025-11,spearman::event_count--log10_cumulative_energy_joule,event_count,log10_cumulative_energy_joule,spearman,undirected,candidate,estimable,0.2091504178,0.2091504178,1,,720,,30d,2025-11-30T23:00:00+00:00,1.469268717e-08,
CGIE3_ID_02,2025-11,spearman::event_count--maximum_magnitude,event_count,maximum_magnitude,spearman,undirected,candidate,estimable,-0.1172032061,0.1172032061,-1,,720,,30d,2025-11-30T23:00:00+00:00,0.001631077558,
CGIE3_ID_02,2025-11,spearman::event_count--median_depth_km,event_count,median_depth_km,spearman,undirected,candidate,estimable,-0.7031667473,0.7031667473,-1,,720,,30d,2025-11-30T23:00:00+00:00,1.902757111e-108,
CGIE3_ID_02,2025-11,spearman::event_count--median_interevent_time_hours,event_count,median_interevent_time_hours,spearman,undirected,candidate,estimable,-0.1316209823,0.1316209823,-1,,720,,30d,2025-11-30T23:00:00+00:00,0.0003985509404,
CGIE3_ID_02,2025-11,spearman::event_count--spatial_dispersion_km,event_count,spatial_dispersion_km,spearman,undirected,candidate,estimable,0.03692035153,0.03692035153,1,,720,,30d,2025-11-30T23:00:00+00:00,0.3225198123,
CGIE3_ID_02,2025-11,spearman::event_count--temporal_burstiness,event_count,temporal_burstiness,spearman,undirected,candidate,estimable,-0.2772536973,0.2772536973,-1,,720,,30d,2025-11-30T23:00:00+00:00,3.575349331e-14,
CGIE3_ID_02,2025-11,spearman::interevent_time_mad_hours--log10_cumulative_energy_joule,interevent_time_mad_hours,log10_cumulative_energy_joule,spearman,undirected,candidate,estimable,-0.8280170296,0.8280170296,-1,,720,,30d,2025-11-30T23:00:00+00:00,1.39827095e-182,
CGIE3_ID_02,2025-11,spearman::interevent_time_mad_hours--maximum_magnitude,interevent_time_mad_hours,maximum_magnitude,spearman,undirected,candidate,estimable,-0.762958812,0.762958812,-1,,720,,30d,2025-11-30T23:00:00+00:00,3.576685657e-138,
CGIE3_ID_02,2025-11,spearman::interevent_time_mad_hours--median_depth_km,interevent_time_mad_hours,median_depth_km,spearman,undirected,candidate,estimable,-0.3780394542,0.3780394542,-1,,720,,30d,2025-11-30T23:00:00+00:00,7.053998849e-26,
CGIE3_ID_02,2025-11,spearman::interevent_time_mad_hours--median_interevent_time_hours,interevent_time_mad_hours,median_interevent_time_hours,spearman,undirected,candidate,estimable,0.9948638878,0.9948638878,1,,720,,30d,2025-11-30T23:00:00+00:00,0,
CGIE3_ID_02,2025-11,spearman::interevent_time_mad_hours--spatial_dispersion_km,interevent_time_mad_hours,spatial_dispersion_km,spearman,undirected,candidate,estimable,0.1704976761,0.1704976761,1,,720,,30d,2025-11-30T23:00:00+00:00,4.210518412e-06,
CGIE3_ID_02,2025-11,spearman::interevent_time_mad_hours--temporal_burstiness,interevent_time_mad_hours,temporal_burstiness,spearman,undirected,candidate,estimable,-0.7778557335,0.7778557335,-1,,720,,30d,2025-11-30T23:00:00+00:00,5.461201601e-147,
CGIE3_ID_02,2025-11,spearman::log10_cumulative_energy_joule--maximum_magnitude,log10_cumulative_energy_joule,maximum_magnitude,spearman,undirected,candidate,estimable,0.9088783133,0.9088783133,1,,720,,30d,2025-11-30T23:00:00+00:00,6.587064338e-275,
CGIE3_ID_02,2025-11,spearman::log10_cumulative_energy_joule--median_depth_km,log10_cumulative_energy_joule,median_depth_km,spearman,undirected,candidate,estimable,0.1979702609,0.1979702609,1,,720,,30d,2025-11-30T23:00:00+00:00,8.5100141e-08,
CGIE3_ID_02,2025-11,spearman::log10_cumulative_energy_joule--median_interevent_time_hours,log10_cumulative_energy_joule,median_interevent_time_hours,spearman,undirected,candidate,estimable,-0.8146989773,0.8146989773,-1,,720,,30d,2025-11-30T23:00:00+00:00,4.379351974e-172,
CGIE3_ID_02,2025-11,spearman::log10_cumulative_energy_joule--spatial_dispersion_km,log10_cumulative_energy_joule,spatial_dispersion_km,spearman,undirected,candidate,estimable,-0.0795209724,0.0795209724,-1,,720,,30d,2025-11-30T23:00:00+00:00,0.03288835702,
CGIE3_ID_02,2025-11,spearman::log10_cumulative_energy_joule--temporal_burstiness,log10_cumulative_energy_joule,temporal_burstiness,spearman,undirected,candidate,estimable,0.6883198671,0.6883198671,1,,720,,30d,2025-11-30T23:00:00+00:00,3.412648766e-102,
CGIE3_ID_02,2025-11,spearman::maximum_magnitude--median_depth_km,maximum_magnitude,median_depth_km,spearman,undirected,candidate,estimable,0.4140929499,0.4140929499,1,,720,,30d,2025-11-30T23:00:00+00:00,3.356293527e-31,
CGIE3_ID_02,2025-11,spearman::maximum_magnitude--median_interevent_time_hours,maximum_magnitude,median_interevent_time_hours,spearman,undirected,candidate,estimable,-0.7607398843,0.7607398843,-1,,720,,30d,2025-11-30T23:00:00+00:00,6.472479927e-137,
CGIE3_ID_02,2025-11,spearman::maximum_magnitude--spatial_dispersion_km,maximum_magnitude,spatial_dispersion_km,spearman,undirected,candidate,estimable,-0.1446736828,0.1446736828,-1,,720,,30d,2025-11-30T23:00:00+00:00,9.788699863e-05,
CGIE3_ID_02,2025-11,spearman::maximum_magnitude--temporal_burstiness,maximum_magnitude,temporal_burstiness,spearman,undirected,candidate,estimable,0.7938735066,0.7938735066,1,,720,,30d,2025-11-30T23:00:00+00:00,2.876892721e-157,
CGIE3_ID_02,2025-11,spearman::median_depth_km--median_interevent_time_hours,median_depth_km,median_interevent_time_hours,spearman,undirected,candidate,estimable,-0.4196078744,0.4196078744,-1,,720,,30d,2025-11-30T23:00:00+00:00,4.493480027e-32,
CGIE3_ID_02,2025-11,spearman::median_depth_km--spatial_dispersion_km,median_depth_km,spatial_dispersion_km,spearman,undirected,candidate,estimable,-0.1099518949,0.1099518949,-1,,720,,30d,2025-11-30T23:00:00+00:00,0.003135275206,
CGIE3_ID_02,2025-11,spearman::median_depth_km--temporal_burstiness,median_depth_km,temporal_burstiness,spearman,undirected,candidate,estimable,0.5601684407,0.5601684407,1,,720,,30d,2025-11-30T23:00:00+00:00,1.029144884e-60,
CGIE3_ID_02,2025-11,spearman::median_interevent_time_hours--spatial_dispersion_km,median_interevent_time_hours,spatial_dispersion_km,spearman,undirected,candidate,estimable,0.1818777324,0.1818777324,1,,720,,30d,2025-11-30T23:00:00+00:00,8.976440098e-07,
CGIE3_ID_02,2025-11,spearman::median_interevent_time_hours--temporal_burstiness,median_interevent_time_hours,temporal_burstiness,spearman,undirected,candidate,estimable,-0.7946466866,0.7946466866,-1,,720,,30d,2025-11-30T23:00:00+00:00,8.704903422e-158,
CGIE3_ID_02,2025-11,spearman::spatial_dispersion_km--temporal_burstiness,spatial_dispersion_km,temporal_burstiness,spearman,undirected,candidate,estimable,-0.2726599046,0.2726599046,-1,,720,,30d,2025-11-30T23:00:00+00:00,9.69181156e-14,
CGIE3_ID_02,2025-12,spearman::depth_mad_km--event_count,depth_mad_km,event_count,spearman,undirected,candidate,estimable,-0.5362257734,0.5362257734,-1,,744,,30d,2025-12-31T23:00:00+00:00,1.289389877e-56,
CGIE3_ID_02,2025-12,spearman::depth_mad_km--interevent_time_mad_hours,depth_mad_km,interevent_time_mad_hours,spearman,undirected,candidate,estimable,0.02876302959,0.02876302959,1,,744,,30d,2025-12-31T23:00:00+00:00,0.4333959061,
CGIE3_ID_02,2025-12,spearman::depth_mad_km--log10_cumulative_energy_joule,depth_mad_km,log10_cumulative_energy_joule,spearman,undirected,candidate,estimable,-0.5417854535,0.5417854535,-1,,744,,30d,2025-12-31T23:00:00+00:00,5.556552828e-58,
CGIE3_ID_02,2025-12,spearman::depth_mad_km--maximum_magnitude,depth_mad_km,maximum_magnitude,spearman,undirected,candidate,estimable,-0.3522339049,0.3522339049,-1,,744,,30d,2025-12-31T23:00:00+00:00,3.733491405e-23,
CGIE3_ID_02,2025-12,spearman::depth_mad_km--median_depth_km,depth_mad_km,median_depth_km,spearman,undirected,candidate,estimable,-0.9462838148,0.9462838148,-1,,744,,30d,2025-12-31T23:00:00+00:00,0,
CGIE3_ID_02,2025-12,spearman::depth_mad_km--median_interevent_time_hours,depth_mad_km,median_interevent_time_hours,spearman,undirected,candidate,estimable,0.09779416341,0.09779416341,1,,744,,30d,2025-12-31T23:00:00+00:00,0.007599030243,
CGIE3_ID_02,2025-12,spearman::depth_mad_km--spatial_dispersion_km,depth_mad_km,spatial_dispersion_km,spearman,undirected,candidate,estimable,-0.3360238181,0.3360238181,-1,,744,,30d,2025-12-31T23:00:00+00:00,4.27953636e-21,
CGIE3_ID_02,2025-12,spearman::depth_mad_km--temporal_burstiness,depth_mad_km,temporal_burstiness,spearman,undirected,candidate,estimable,-0.1809426945,0.1809426945,-1,,744,,30d,2025-12-31T23:00:00+00:00,6.756842915e-07,
CGIE3_ID_02,2025-12,spearman::event_count--interevent_time_mad_hours,event_count,interevent_time_mad_hours,spearman,undirected,candidate,estimable,-0.4953728324,0.4953728324,-1,,744,,30d,2025-12-31T23:00:00+00:00,2.535391613e-47,
CGIE3_ID_02,2025-12,spearman::event_count--log10_cumulative_energy_joule,event_count,log10_cumulative_energy_joule,spearman,undirected,candidate,estimable,0.9822764883,0.9822764883,1,,744,,30d,2025-12-31T23:00:00+00:00,0,
CGIE3_ID_02,2025-12,spearman::event_count--maximum_magnitude,event_count,maximum_magnitude,spearman,undirected,candidate,estimable,0.8961549487,0.8961549487,1,,744,,30d,2025-12-31T23:00:00+00:00,4.834905535e-264,
CGIE3_ID_02,2025-12,spearman::event_count--median_depth_km,event_count,median_depth_km,spearman,undirected,candidate,estimable,0.3656376324,0.3656376324,1,,744,,30d,2025-12-31T23:00:00+00:00,5.976932397e-25,
CGIE3_ID_02,2025-12,spearman::event_count--median_interevent_time_hours,event_count,median_interevent_time_hours,spearman,undirected,candidate,estimable,-0.536457225,0.536457225,-1,,744,,30d,2025-12-31T23:00:00+00:00,1.132508768e-56,
CGIE3_ID_02,2025-12,spearman::event_count--spatial_dispersion_km,event_count,spatial_dispersion_km,spearman,undirected,candidate,estimable,-0.191205432,0.191205432,-1,,744,,30d,2025-12-31T23:00:00+00:00,1.478803674e-07,
CGIE3_ID_02,2025-12,spearman::event_count--temporal_burstiness,event_count,temporal_burstiness,spearman,undirected,candidate,estimable,0.6195538339,0.6195538339,1,,744,,30d,2025-12-31T23:00:00+00:00,4.446839722e-80,
CGIE3_ID_02,2025-12,spearman::interevent_time_mad_hours--log10_cumulative_energy_joule,interevent_time_mad_hours,log10_cumulative_energy_joule,spearman,undirected,candidate,estimable,-0.4723470611,0.4723470611,-1,,744,,30d,2025-12-31T23:00:00+00:00,1.298210574e-42,
CGIE3_ID_02,2025-12,spearman::interevent_time_mad_hours--maximum_magnitude,interevent_time_mad_hours,maximum_magnitude,spearman,undirected,candidate,estimable,-0.5590719103,0.5590719103,-1,,744,,30d,2025-12-31T23:00:00+00:00,2.146009365e-62,
CGIE3_ID_02,2025-12,spearman::interevent_time_mad_hours--median_depth_km,interevent_time_mad_hours,median_depth_km,spearman,undirected,candidate,estimable,0.1417596251,0.1417596251,1,,744,,30d,2025-12-31T23:00:00+00:00,0.0001045444717,
CGIE3_ID_02,2025-12,spearman::interevent_time_mad_hours--median_interevent_time_hours,interevent_time_mad_hours,median_interevent_time_hours,spearman,undirected,candidate,estimable,0.9458650325,0.9458650325,1,,744,,30d,2025-12-31T23:00:00+00:00,0,
CGIE3_ID_02,2025-12,spearman::interevent_time_mad_hours--spatial_dispersion_km,interevent_time_mad_hours,spatial_dispersion_km,spearman,undirected,candidate,estimable,0.3262909579,0.3262909579,1,,744,,30d,2025-12-31T23:00:00+00:00,6.463503286e-20,
CGIE3_ID_02,2025-12,spearman::interevent_time_mad_hours--temporal_burstiness,interevent_time_mad_hours,temporal_burstiness,spearman,undirected,candidate,estimable,-0.603434538,0.603434538,-1,,744,,30d,2025-12-31T23:00:00+00:00,5.41725544e-75,
CGIE3_ID_02,2025-12,spearman::log10_cumulative_energy_joule--maximum_magnitude,log10_cumulative_energy_joule,maximum_magnitude,spearman,undirected,candidate,estimable,0.8964862023,0.8964862023,1,,744,,30d,2025-12-31T23:00:00+00:00,1.576113834e-264,
CGIE3_ID_02,2025-12,spearman::log10_cumulative_energy_joule--median_depth_km,log10_cumulative_energy_joule,median_depth_km,spearman,undirected,candidate,estimable,0.3742235507,0.3742235507,1,,744,,30d,2025-12-31T23:00:00+00:00,3.808608458e-26,
CGIE3_ID_02,2025-12,spearman::log10_cumulative_energy_joule--median_interevent_time_hours,log10_cumulative_energy_joule,median_interevent_time_hours,spearman,undirected,candidate,estimable,-0.5029056931,0.5029056931,-1,,744,,30d,2025-12-31T23:00:00+00:00,6.079392579e-49,
CGIE3_ID_02,2025-12,spearman::log10_cumulative_energy_joule--spatial_dispersion_km,log10_cumulative_energy_joule,spatial_dispersion_km,spearman,undirected,candidate,estimable,-0.1444945475,0.1444945475,-1,,744,,30d,2025-12-31T23:00:00+00:00,7.639570317e-05,
CGIE3_ID_02,2025-12,spearman::log10_cumulative_energy_joule--temporal_burstiness,log10_cumulative_energy_joule,temporal_burstiness,spearman,undirected,candidate,estimable,0.677633499,0.677633499,1,,744,,30d,2025-12-31T23:00:00+00:00,3.93864873e-101,
CGIE3_ID_02,2025-12,spearman::maximum_magnitude--median_depth_km,maximum_magnitude,median_depth_km,spearman,undirected,candidate,estimable,0.206249079,0.206249079,1,,744,,30d,2025-12-31T23:00:00+00:00,1.367440967e-08,
CGIE3_ID_02,2025-12,spearman::maximum_magnitude--median_interevent_time_hours,maximum_magnitude,median_interevent_time_hours,spearman,undirected,candidate,estimable,-0.512626184,0.512626184,-1,,744,,30d,2025-12-31T23:00:00+00:00,4.290134815e-51,
CGIE3_ID_02,2025-12,spearman::maximum_magnitude--spatial_dispersion_km,maximum_magnitude,spatial_dispersion_km,spearman,undirected,candidate,estimable,-0.1443042579,0.1443042579,-1,,744,,30d,2025-12-31T23:00:00+00:00,7.809565934e-05,
CGIE3_ID_02,2025-12,spearman::maximum_magnitude--temporal_burstiness,maximum_magnitude,temporal_burstiness,spearman,undirected,candidate,estimable,0.787047162,0.787047162,1,,744,,30d,2025-12-31T23:00:00+00:00,8.050961267e-158,
CGIE3_ID_02,2025-12,spearman::median_depth_km--median_interevent_time_hours,median_depth_km,median_interevent_time_hours,spearman,undirected,candidate,estimable,0.1127395741,0.1127395741,1,,744,,30d,2025-12-31T23:00:00+00:00,0.002071543543,
CGIE3_ID_02,2025-12,spearman::median_depth_km--spatial_dispersion_km,median_depth_km,spatial_dispersion_km,spearman,undirected,candidate,estimable,0.4698345133,0.4698345133,1,,744,,30d,2025-12-31T23:00:00+00:00,4.03506322e-42,
CGIE3_ID_02,2025-12,spearman::median_depth_km--temporal_burstiness,median_depth_km,temporal_burstiness,spearman,undirected,candidate,estimable,0.05447939246,0.05447939246,1,,744,,30d,2025-12-31T23:00:00+00:00,0.1376488105,
CGIE3_ID_02,2025-12,spearman::median_interevent_time_hours--spatial_dispersion_km,median_interevent_time_hours,spatial_dispersion_km,spearman,undirected,candidate,estimable,0.4418779409,0.4418779409,1,,744,,30d,2025-12-31T23:00:00+00:00,6.575326085e-37,
CGIE3_ID_02,2025-12,spearman::median_interevent_time_hours--temporal_burstiness,median_interevent_time_hours,temporal_burstiness,spearman,undirected,candidate,estimable,-0.4876306341,0.4876306341,-1,,744,,30d,2025-12-31T23:00:00+00:00,1.065827826e-45,
CGIE3_ID_02,2025-12,spearman::spatial_dispersion_km--temporal_burstiness,spatial_dispersion_km,temporal_burstiness,spearman,undirected,candidate,estimable,-0.04242818215,0.04242818215,-1,,744,,30d,2025-12-31T23:00:00+00:00,0.247737953,
CGIE3_ID_02,2025-01,spearman::depth_mad_km--event_count,depth_mad_km,event_count,spearman,undirected,candidate,estimable,0.352245358,0.352245358,1,,441,,3d,2025-01-31T23:00:00+00:00,2.501580797e-14,
CGIE3_ID_02,2025-01,spearman::depth_mad_km--interevent_time_mad_hours,depth_mad_km,interevent_time_mad_hours,spearman,undirected,candidate,estimable,-0.01093931539,0.01093931539,-1,,441,,3d,2025-01-31T23:00:00+00:00,0.8188063667,
CGIE3_ID_02,2025-01,spearman::depth_mad_km--log10_cumulative_energy_joule,depth_mad_km,log10_cumulative_energy_joule,spearman,undirected,candidate,estimable,-0.01388910394,0.01388910394,-1,,441,,3d,2025-01-31T23:00:00+00:00,0.7711603829,
CGIE3_ID_02,2025-01,spearman::depth_mad_km--maximum_magnitude,depth_mad_km,maximum_magnitude,spearman,undirected,candidate,estimable,-0.08670029163,0.08670029163,-1,,441,,3d,2025-01-31T23:00:00+00:00,0.06891675676,
CGIE3_ID_02,2025-01,spearman::depth_mad_km--median_depth_km,depth_mad_km,median_depth_km,spearman,undirected,candidate,estimable,-0.3842197881,0.3842197881,-1,,441,,3d,2025-01-31T23:00:00+00:00,5.805311754e-17,
CGIE3_ID_02,2025-01,spearman::depth_mad_km--median_interevent_time_hours,depth_mad_km,median_interevent_time_hours,spearman,undirected,candidate,estimable,-0.2217923135,0.2217923135,-1,,441,,3d,2025-01-31T23:00:00+00:00,2.562134951e-06,
CGIE3_ID_02,2025-01,spearman::depth_mad_km--spatial_dispersion_km,depth_mad_km,spatial_dispersion_km,spearman,undirected,candidate,estimable,0.1157252081,0.1157252081,1,,441,,3d,2025-01-31T23:00:00+00:00,0.01503618164,
CGIE3_ID_02,2025-01,spearman::depth_mad_km--temporal_burstiness,depth_mad_km,temporal_burstiness,spearman,undirected,candidate,estimable,0.4779266503,0.4779266503,1,,349,,3d,2025-01-31T23:00:00+00:00,2.565596689e-21,
CGIE3_ID_02,2025-01,spearman::event_count--interevent_time_mad_hours,event_count,interevent_time_mad_hours,spearman,undirected,candidate,estimable,0.4727272368,0.4727272368,1,,441,,3d,2025-01-31T23:00:00+00:00,6.195810197e-26,
CGIE3_ID_02,2025-01,spearman::event_count--log10_cumulative_energy_joule,event_count,log10_cumulative_energy_joule,spearman,undirected,candidate,estimable,0.7322404143,0.7322404143,1,,567,,3d,2025-01-31T23:00:00+00:00,2.542068257e-96,
CGIE3_ID_02,2025-01,spearman::event_count--maximum_magnitude,event_count,maximum_magnitude,spearman,undirected,candidate,estimable,0.6330918539,0.6330918539,1,,567,,3d,2025-01-31T23:00:00+00:00,7.692541491e-65,
CGIE3_ID_02,2025-01,spearman::event_count--median_depth_km,event_count,median_depth_km,spearman,undirected,candidate,estimable,-0.357408329,0.357408329,-1,,567,,3d,2025-01-31T23:00:00+00:00,1.584380868e-18,
CGIE3_ID_02,2025-01,spearman::event_count--median_interevent_time_hours,event_count,median_interevent_time_hours,spearman,undirected,candidate,estimable,-0.5343458803,0.5343458803,-1,,441,,3d,2025-01-31T23:00:00+00:00,6.313830068e-34,
CGIE3_ID_02,2025-01,spearman::event_count--spatial_dispersion_km,event_count,spatial_dispersion_km,spearman,undirected,candidate,estimable,-0.2225170673,0.2225170673,-1,,441,,3d,2025-01-31T23:00:00+00:00,2.371390355e-06,
CGIE3_ID_02,2025-01,spearman::event_count--temporal_burstiness,event_count,temporal_burstiness,spearman,undirected,candidate,estimable,0.4990068592,0.4990068592,1,,349,,3d,2025-01-31T23:00:00+00:00,2.25124171e-23,
CGIE3_ID_02,2025-01,spearman::interevent_time_mad_hours--log10_cumulative_energy_joule,interevent_time_mad_hours,log10_cumulative_energy_joule,spearman,undirected,candidate,estimable,-0.005358165361,0.005358165361,-1,,441,,3d,2025-01-31T23:00:00+00:00,0.9106625117,
CGIE3_ID_02,2025-01,spearman::interevent_time_mad_hours--maximum_magnitude,interevent_time_mad_hours,maximum_magnitude,spearman,undirected,candidate,estimable,-0.1533128374,0.1533128374,-1,,441,,3d,2025-01-31T23:00:00+00:00,0.001239874714,
CGIE3_ID_02,2025-01,spearman::interevent_time_mad_hours--median_depth_km,interevent_time_mad_hours,median_depth_km,spearman,undirected,candidate,estimable,0.4116735281,0.4116735281,1,,441,,3d,2025-01-31T23:00:00+00:00,1.816005536e-19,
CGIE3_ID_02,2025-01,spearman::interevent_time_mad_hours--median_interevent_time_hours,interevent_time_mad_hours,median_interevent_time_hours,spearman,undirected,candidate,estimable,0.1312643808,0.1312643808,1,,441,,3d,2025-01-31T23:00:00+00:00,0.00576806516,
CGIE3_ID_02,2025-01,spearman::interevent_time_mad_hours--spatial_dispersion_km,interevent_time_mad_hours,spatial_dispersion_km,spearman,undirected,candidate,estimable,-0.1258575434,0.1258575434,-1,,441,,3d,2025-01-31T23:00:00+00:00,0.00814410741,
CGIE3_ID_02,2025-01,spearman::interevent_time_mad_hours--temporal_burstiness,interevent_time_mad_hours,temporal_burstiness,spearman,undirected,candidate,estimable,-0.5860405386,0.5860405386,-1,,349,,3d,2025-01-31T23:00:00+00:00,1.438454675e-33,
CGIE3_ID_02,2025-01,spearman::log10_cumulative_energy_joule--maximum_magnitude,log10_cumulative_energy_joule,maximum_magnitude,spearman,undirected,candidate,estimable,0.9820317403,0.9820317403,1,,567,,3d,2025-01-31T23:00:00+00:00,0,
CGIE3_ID_02,2025-01,spearman::log10_cumulative_energy_joule--median_depth_km,log10_cumulative_energy_joule,median_depth_km,spearman,undirected,candidate,estimable,-0.4297044099,0.4297044099,-1,,567,,3d,2025-01-31T23:00:00+00:00,6.991270504e-27,
CGIE3_ID_02,2025-01,spearman::log10_cumulative_energy_joule--median_interevent_time_hours,log10_cumulative_energy_joule,median_interevent_time_hours,spearman,undirected,candidate,estimable,-0.6543949382,0.6543949382,-1,,441,,3d,2025-01-31T23:00:00+00:00,2.971317023e-55,
CGIE3_ID_02,2025-01,spearman::log10_cumulative_energy_joule--spatial_dispersion_km,log10_cumulative_energy_joule,spatial_dispersion_km,spearman,undirected,candidate,estimable,-0.4736748795,0.4736748795,-1,,441,,3d,2025-01-31T23:00:00+00:00,4.798253497e-26,
CGIE3_ID_02,2025-01,spearman::log10_cumulative_energy_joule--temporal_burstiness,log10_cumulative_energy_joule,temporal_burstiness,spearman,undirected,candidate,estimable,0.5919860532,0.5919860532,1,,349,,3d,2025-01-31T23:00:00+00:00,2.215386393e-34,
CGIE3_ID_02,2025-01,spearman::maximum_magnitude--median_depth_km,maximum_magnitude,median_depth_km,spearman,undirected,candidate,estimable,-0.4207033864,0.4207033864,-1,,567,,3d,2025-01-31T23:00:00+00:00,1.000001101e-25,
CGIE3_ID_02,2025-01,spearman::maximum_magnitude--median_interevent_time_hours,maximum_magnitude,median_interevent_time_hours,spearman,undirected,candidate,estimable,-0.6711677667,0.6711677667,-1,,441,,3d,2025-01-31T23:00:00+00:00,4.799700048e-59,
CGIE3_ID_02,2025-01,spearman::maximum_magnitude--spatial_dispersion_km,maximum_magnitude,spatial_dispersion_km,spearman,undirected,candidate,estimable,-0.477314979,0.477314979,-1,,441,,3d,2025-01-31T23:00:00+00:00,1.784090507e-26,
CGIE3_ID_02,2025-01,spearman::maximum_magnitude--temporal_burstiness,maximum_magnitude,temporal_burstiness,spearman,undirected,candidate,estimable,0.5383740208,0.5383740208,1,,349,,3d,2025-01-31T23:00:00+00:00,1.27933392e-27,
CGIE3_ID_02,2025-01,spearman::median_depth_km--median_interevent_time_hours,median_depth_km,median_interevent_time_hours,spearman,undirected,candidate,estimable,0.4869689619,0.4869689619,1,,441,,3d,2025-01-31T23:00:00+00:00,1.22079733e-27,
CGIE3_ID_02,2025-01,spearman::median_depth_km--spatial_dispersion_km,median_depth_km,spatial_dispersion_km,spearman,undirected,candidate,estimable,0.1824188492,0.1824188492,1,,441,,3d,2025-01-31T23:00:00+00:00,0.0001170163683,
CGIE3_ID_02,2025-01,spearman::median_depth_km--temporal_burstiness,median_depth_km,temporal_burstiness,spearman,undirected,candidate,estimable,-0.5071634846,0.5071634846,-1,,349,,3d,2025-01-31T23:00:00+00:00,3.29279233e-24,
CGIE3_ID_02,2025-01,spearman::median_interevent_time_hours--spatial_dispersion_km,median_interevent_time_hours,spatial_dispersion_km,spearman,undirected,candidate,estimable,0.5922786151,0.5922786151,1,,441,,3d,2025-01-31T23:00:00+00:00,4.208244202e-43,
CGIE3_ID_02,2025-01,spearman::median_interevent_time_hours--temporal_burstiness,median_interevent_time_hours,temporal_burstiness,spearman,undirected,candidate,estimable,-0.6186344694,0.6186344694,-1,,349,,3d,2025-01-31T23:00:00+00:00,3.076785177e-38,
CGIE3_ID_02,2025-01,spearman::spatial_dispersion_km--temporal_burstiness,spatial_dispersion_km,temporal_burstiness,spearman,undirected,candidate,estimable,-0.1741099743,0.1741099743,-1,,349,,3d,2025-01-31T23:00:00+00:00,0.001090962191,
CGIE3_ID_02,2025-02,spearman::depth_mad_km--event_count,depth_mad_km,event_count,spearman,undirected,candidate,estimable,0.2719300544,0.2719300544,1,,574,,3d,2025-02-28T23:00:00+00:00,3.448084019e-11,
CGIE3_ID_02,2025-02,spearman::depth_mad_km--interevent_time_mad_hours,depth_mad_km,interevent_time_mad_hours,spearman,undirected,candidate,estimable,0.06866019747,0.06866019747,1,,574,,3d,2025-02-28T23:00:00+00:00,0.1003135882,
CGIE3_ID_02,2025-02,spearman::depth_mad_km--log10_cumulative_energy_joule,depth_mad_km,log10_cumulative_energy_joule,spearman,undirected,candidate,estimable,0.1846934365,0.1846934365,1,,574,,3d,2025-02-28T23:00:00+00:00,8.441663203e-06,
CGIE3_ID_02,2025-02,spearman::depth_mad_km--maximum_magnitude,depth_mad_km,maximum_magnitude,spearman,undirected,candidate,estimable,0.1430604524,0.1430604524,1,,574,,3d,2025-02-28T23:00:00+00:00,0.000586652722,
CGIE3_ID_02,2025-02,spearman::depth_mad_km--median_depth_km,depth_mad_km,median_depth_km,spearman,undirected,candidate,estimable,-0.238500807,0.238500807,-1,,574,,3d,2025-02-28T23:00:00+00:00,7.237942336e-09,
CGIE3_ID_02,2025-02,spearman::depth_mad_km--median_interevent_time_hours,depth_mad_km,median_interevent_time_hours,spearman,undirected,candidate,estimable,0.1118375225,0.1118375225,1,,574,,3d,2025-02-28T23:00:00+00:00,0.00731803613,
CGIE3_ID_02,2025-02,spearman::depth_mad_km--spatial_dispersion_km,depth_mad_km,spatial_dispersion_km,spearman,undirected,candidate,estimable,0.5153585349,0.5153585349,1,,574,,3d,2025-02-28T23:00:00+00:00,2.927939268e-40,
CGIE3_ID_02,2025-02,spearman::depth_mad_km--temporal_burstiness,depth_mad_km,temporal_burstiness,spearman,undirected,candidate,estimable,-0.1592892845,0.1592892845,-1,,493,,3d,2025-02-28T23:00:00+00:00,0.000384481507,
CGIE3_ID_02,2025-02,spearman::event_count--interevent_time_mad_hours,event_count,interevent_time_mad_hours,spearman,undirected,candidate,estimable,0.3051904896,0.3051904896,1,,574,,3d,2025-02-28T23:00:00+00:00,7.722249844e-14,
CGIE3_ID_02,2025-02,spearman::event_count--log10_cumulative_energy_joule,event_count,log10_cumulative_energy_joule,spearman,undirected,candidate,estimable,0.9658274293,0.9658274293,1,,648,,3d,2025-02-28T23:00:00+00:00,0,
CGIE3_ID_02,2025-02,spearman::event_count--maximum_magnitude,event_count,maximum_magnitude,spearman,undirected,candidate,estimable,0.9245448133,0.9245448133,1,,648,,3d,2025-02-28T23:00:00+00:00,7.280241166e-273,
CGIE3_ID_02,2025-02,spearman::event_count--median_depth_km,event_count,median_depth_km,spearman,undirected,candidate,estimable,-0.3376214111,0.3376214111,-1,,648,,3d,2025-02-28T23:00:00+00:00,9.685481547e-19,
CGIE3_ID_02,2025-02,spearman::event_count--median_interevent_time_hours,event_count,median_interevent_time_hours,spearman,undirected,candidate,estimable,-0.4214680352,0.4214680352,-1,,574,,3d,2025-02-28T23:00:00+00:00,4.011320771e-26,
CGIE3_ID_02,2025-02,spearman::event_count--spatial_dispersion_km,event_count,spatial_dispersion_km,spearman,undirected,candidate,estimable,0.07226317643,0.07226317643,1,,574,,3d,2025-02-28T23:00:00+00:00,0.08366769192,
CGIE3_ID_02,2025-02,spearman::event_count--temporal_burstiness,event_count,temporal_burstiness,spearman,undirected,candidate,estimable,0.190949601,0.190949601,1,,493,,3d,2025-02-28T23:00:00+00:00,1.969301384e-05,
CGIE3_ID_02,2025-02,spearman::interevent_time_mad_hours--log10_cumulative_energy_joule,interevent_time_mad_hours,log10_cumulative_energy_joule,spearman,undirected,candidate,estimable,0.2734670494,0.2734670494,1,,574,,3d,2025-02-28T23:00:00+00:00,2.646967793e-11,
CGIE3_ID_02,2025-02,spearman::interevent_time_mad_hours--maximum_magnitude,interevent_time_mad_hours,maximum_magnitude,spearman,undirected,candidate,estimable,0.2427088323,0.2427088323,1,,574,,3d,2025-02-28T23:00:00+00:00,3.849921427e-09,
CGIE3_ID_02,2025-02,spearman::interevent_time_mad_hours--median_depth_km,interevent_time_mad_hours,median_depth_km,spearman,undirected,candidate,estimable,-0.2527134722,0.2527134722,-1,,574,,3d,2025-02-28T23:00:00+00:00,8.182553534e-10,
CGIE3_ID_02,2025-02,spearman::interevent_time_mad_hours--median_interevent_time_hours,interevent_time_mad_hours,median_interevent_time_hours,spearman,undirected,candidate,estimable,0.2861694394,0.2861694394,1,,574,,3d,2025-02-28T23:00:00+00:00,2.791352465e-12,
CGIE3_ID_02,2025-02,spearman::interevent_time_mad_hours--spatial_dispersion_km,interevent_time_mad_hours,spatial_dispersion_km,spearman,undirected,candidate,estimable,0.1246195099,0.1246195099,1,,574,,3d,2025-02-28T23:00:00+00:00,0.00278220814,
CGIE3_ID_02,2025-02,spearman::interevent_time_mad_hours--temporal_burstiness,interevent_time_mad_hours,temporal_burstiness,spearman,undirected,candidate,estimable,-0.8629168283,0.8629168283,-1,,493,,3d,2025-02-28T23:00:00+00:00,1.207844147e-147,
CGIE3_ID_02,2025-02,spearman::log10_cumulative_energy_joule--maximum_magnitude,log10_cumulative_energy_joule,maximum_magnitude,spearman,undirected,candidate,estimable,0.968344331,0.968344331,1,,648,,3d,2025-02-28T23:00:00+00:00,0,
CGIE3_ID_02,2025-02,spearman::log10_cumulative_energy_joule--median_depth_km,log10_cumulative_energy_joule,median_depth_km,spearman,undirected,candidate,estimable,-0.3509304694,0.3509304694,-1,,648,,3d,2025-02-28T23:00:00+00:00,3.245709959e-20,
CGIE3_ID_02,2025-02,spearman::log10_cumulative_energy_joule--median_interevent_time_hours,log10_cumulative_energy_joule,median_interevent_time_hours,spearman,undirected,candidate,estimable,-0.4421241501,0.4421241501,-1,,574,,3d,2025-02-28T23:00:00+00:00,7.226834142e-29,
CGIE3_ID_02,2025-02,spearman::log10_cumulative_energy_joule--spatial_dispersion_km,log10_cumulative_energy_joule,spatial_dispersion_km,spearman,undirected,candidate,estimable,-0.05464953355,0.05464953355,-1,,574,,3d,2025-02-28T23:00:00+00:00,0.1910657654,
CGIE3_ID_02,2025-02,spearman::log10_cumulative_energy_joule--temporal_burstiness,log10_cumulative_energy_joule,temporal_burstiness,spearman,undirected,candidate,estimable,0.2131002829,0.2131002829,1,,493,,3d,2025-02-28T23:00:00+00:00,1.80124381e-06,
CGIE3_ID_02,2025-02,spearman::maximum_magnitude--median_depth_km,maximum_magnitude,median_depth_km,spearman,undirected,candidate,estimable,-0.2742456024,0.2742456024,-1,,648,,3d,2025-02-28T23:00:00+00:00,1.20910311e-12,
CGIE3_ID_02,2025-02,spearman::maximum_magnitude--median_interevent_time_hours,maximum_magnitude,median_interevent_time_hours,spearman,undirected,candidate,estimable,-0.4747733694,0.4747733694,-1,,574,,3d,2025-02-28T23:00:00+00:00,1.31402203e-33,
CGIE3_ID_02,2025-02,spearman::maximum_magnitude--spatial_dispersion_km,maximum_magnitude,spatial_dispersion_km,spearman,undirected,candidate,estimable,-0.007018228002,0.007018228002,-1,,574,,3d,2025-02-28T23:00:00+00:00,0.8667561042,
CGIE3_ID_02,2025-02,spearman::maximum_magnitude--temporal_burstiness,maximum_magnitude,temporal_burstiness,spearman,undirected,candidate,estimable,0.2282483011,0.2282483011,1,,493,,3d,2025-02-28T23:00:00+00:00,3.009578167e-07,
CGIE3_ID_02,2025-02,spearman::median_depth_km--median_interevent_time_hours,median_depth_km,median_interevent_time_hours,spearman,undirected,candidate,estimable,0.3685098432,0.3685098432,1,,574,,3d,2025-02-28T23:00:00+00:00,6.662919456e-20,
CGIE3_ID_02,2025-02,spearman::median_depth_km--spatial_dispersion_km,median_depth_km,spatial_dispersion_km,spearman,undirected,candidate,estimable,0.2222182622,0.2222182622,1,,574,,3d,2025-02-28T23:00:00+00:00,7.457998721e-08,
CGIE3_ID_02,2025-02,spearman::median_depth_km--temporal_burstiness,median_depth_km,temporal_burstiness,spearman,undirected,candidate,estimable,0.1247087935,0.1247087935,1,,493,,3d,2025-02-28T23:00:00+00:00,0.005557838871,
CGIE3_ID_02,2025-02,spearman::median_interevent_time_hours--spatial_dispersion_km,median_interevent_time_hours,spatial_dispersion_km,spearman,undirected,candidate,estimable,0.1111447331,0.1111447331,1,,574,,3d,2025-02-28T23:00:00+00:00,0.007692055882,
CGIE3_ID_02,2025-02,spearman::median_interevent_time_hours--temporal_burstiness,median_interevent_time_hours,temporal_burstiness,spearman,undirected,candidate,estimable,-0.8659417907,0.8659417907,-1,,493,,3d,2025-02-28T23:00:00+00:00,7.488774058e-150,
CGIE3_ID_02,2025-02,spearman::spatial_dispersion_km--temporal_burstiness,spatial_dispersion_km,temporal_burstiness,spearman,undirected,candidate,estimable,-0.06188277973,0.06188277973,-1,,493,,3d,2025-02-28T23:00:00+00:00,0.1701108063,
CGIE3_ID_02,2025-03,spearman::depth_mad_km--event_count,depth_mad_km,event_count,spearman,undirected,candidate,estimable,0.3102387707,0.3102387707,1,,633,,3d,2025-03-31T23:00:00+00:00,1.37204406e-15,
CGIE3_ID_02,2025-03,spearman::depth_mad_km--interevent_time_mad_hours,depth_mad_km,interevent_time_mad_hours,spearman,undirected,candidate,estimable,-0.05787732024,0.05787732024,-1,,633,,3d,2025-03-31T23:00:00+00:00,0.1458062879,
CGIE3_ID_02,2025-03,spearman::depth_mad_km--log10_cumulative_energy_joule,depth_mad_km,log10_cumulative_energy_joule,spearman,undirected,candidate,estimable,0.01938801811,0.01938801811,1,,633,,3d,2025-03-31T23:00:00+00:00,0.6263474095,
CGIE3_ID_02,2025-03,spearman::depth_mad_km--maximum_magnitude,depth_mad_km,maximum_magnitude,spearman,undirected,candidate,estimable,-0.04008869251,0.04008869251,-1,,633,,3d,2025-03-31T23:00:00+00:00,0.3139240057,
CGIE3_ID_02,2025-03,spearman::depth_mad_km--median_depth_km,depth_mad_km,median_depth_km,spearman,undirected,candidate,estimable,-0.5041905243,0.5041905243,-1,,633,,3d,2025-03-31T23:00:00+00:00,4.055493765e-42,
CGIE3_ID_02,2025-03,spearman::depth_mad_km--median_interevent_time_hours,depth_mad_km,median_interevent_time_hours,spearman,undirected,candidate,estimable,-0.2389624183,0.2389624183,-1,,633,,3d,2025-03-31T23:00:00+00:00,1.138197564e-09,
CGIE3_ID_02,2025-03,spearman::depth_mad_km--spatial_dispersion_km,depth_mad_km,spatial_dispersion_km,spearman,undirected,candidate,estimable,-0.115472558,0.115472558,-1,,633,,3d,2025-03-31T23:00:00+00:00,0.003623252077,
CGIE3_ID_02,2025-03,spearman::depth_mad_km--temporal_burstiness,depth_mad_km,temporal_burstiness,spearman,undirected,candidate,estimable,0.3341353299,0.3341353299,1,,543,,3d,2025-03-31T23:00:00+00:00,1.251831428e-15,
CGIE3_ID_02,2025-03,spearman::event_count--interevent_time_mad_hours,event_count,interevent_time_mad_hours,spearman,undirected,candidate,estimable,0.01260311652,0.01260311652,1,,633,,3d,2025-03-31T23:00:00+00:00,0.7516428796,
CGIE3_ID_02,2025-03,spearman::event_count--log10_cumulative_energy_joule,event_count,log10_cumulative_energy_joule,spearman,undirected,candidate,estimable,0.776819001,0.776819001,1,,682,,3d,2025-03-31T23:00:00+00:00,1.039745456e-138,
CGIE3_ID_02,2025-03,spearman::event_count--maximum_magnitude,event_count,maximum_magnitude,spearman,undirected,candidate,estimable,0.7439027719,0.7439027719,1,,682,,3d,2025-03-31T23:00:00+00:00,3.879064082e-121,
CGIE3_ID_02,2025-03,spearman::event_count--median_depth_km,event_count,median_depth_km,spearman,undirected,candidate,estimable,0.1596499599,0.1596499599,1,,682,,3d,2025-03-31T23:00:00+00:00,2.807731667e-05,
CGIE3_ID_02,2025-03,spearman::event_count--median_interevent_time_hours,event_count,median_interevent_time_hours,spearman,undirected,candidate,estimable,-0.3816109504,0.3816109504,-1,,633,,3d,2025-03-31T23:00:00+00:00,2.243884802e-23,
CGIE3_ID_02,2025-03,spearman::event_count--spatial_dispersion_km,event_count,spatial_dispersion_km,spearman,undirected,candidate,estimable,0.1650571567,0.1650571567,1,,633,,3d,2025-03-31T23:00:00+00:00,3.003476026e-05,
CGIE3_ID_02,2025-03,spearman::event_count--temporal_burstiness,event_count,temporal_burstiness,spearman,undirected,candidate,estimable,0.7154641648,0.7154641648,1,,543,,3d,2025-03-31T23:00:00+00:00,2.655097118e-86,
CGIE3_ID_02,2025-03,spearman::interevent_time_mad_hours--log10_cumulative_energy_joule,interevent_time_mad_hours,log10_cumulative_energy_joule,spearman,undirected,candidate,estimable,-0.1939540573,0.1939540573,-1,,633,,3d,2025-03-31T23:00:00+00:00,8.792288596e-07,
CGIE3_ID_02,2025-03,spearman::interevent_time_mad_hours--maximum_magnitude,interevent_time_mad_hours,maximum_magnitude,spearman,undirected,candidate,estimable,-0.2233724871,0.2233724871,-1,,633,,3d,2025-03-31T23:00:00+00:00,1.340973902e-08,
CGIE3_ID_02,2025-03,spearman::interevent_time_mad_hours--median_depth_km,interevent_time_mad_hours,median_depth_km,spearman,undirected,candidate,estimable,0.3059851529,0.3059851529,1,,633,,3d,2025-03-31T23:00:00+00:00,3.467415102e-15,
CGIE3_ID_02,2025-03,spearman::interevent_time_mad_hours--median_interevent_time_hours,interevent_time_mad_hours,median_interevent_time_hours,spearman,undirected,candidate,estimable,0.6724976679,0.6724976679,1,,633,,3d,2025-03-31T23:00:00+00:00,1.567471097e-84,
CGIE3_ID_02,2025-03,spearman::interevent_time_mad_hours--spatial_dispersion_km,interevent_time_mad_hours,spatial_dispersion_km,spearman,undirected,candidate,estimable,0.4381434783,0.4381434783,1,,633,,3d,2025-03-31T23:00:00+00:00,4.474212838e-31,
CGIE3_ID_02,2025-03,spearman::interevent_time_mad_hours--temporal_burstiness,interevent_time_mad_hours,temporal_burstiness,spearman,undirected,candidate,estimable,-0.7388728233,0.7388728233,-1,,543,,3d,2025-03-31T23:00:00+00:00,8.25732608e-95,
CGIE3_ID_02,2025-03,spearman::log10_cumulative_energy_joule--maximum_magnitude,log10_cumulative_energy_joule,maximum_magnitude,spearman,undirected,candidate,estimable,0.9894043555,0.9894043555,1,,682,,3d,2025-03-31T23:00:00+00:00,0,
CGIE3_ID_02,2025-03,spearman::log10_cumulative_energy_joule--median_depth_km,log10_cumulative_energy_joule,median_depth_km,spearman,undirected,candidate,estimable,0.2498861872,0.2498861872,1,,682,,3d,2025-03-31T23:00:00+00:00,3.613202691e-11,
CGIE3_ID_02,2025-03,spearman::log10_cumulative_energy_joule--median_interevent_time_hours,log10_cumulative_energy_joule,median_interevent_time_hours,spearman,undirected,candidate,estimable,-0.5093565596,0.5093565596,-1,,633,,3d,2025-03-31T23:00:00+00:00,4.348046546e-43,
CGIE3_ID_02,2025-03,spearman::log10_cumulative_energy_joule--spatial_dispersion_km,log10_cumulative_energy_joule,spatial_dispersion_km,spearman,undirected,candidate,estimable,-0.181327688,0.181327688,-1,,633,,3d,2025-03-31T23:00:00+00:00,4.40687539e-06,
CGIE3_ID_02,2025-03,spearman::log10_cumulative_energy_joule--temporal_burstiness,log10_cumulative_energy_joule,temporal_burstiness,spearman,undirected,candidate,estimable,0.5400593515,0.5400593515,1,,543,,3d,2025-03-31T23:00:00+00:00,1.952070594e-42,
CGIE3_ID_02,2025-03,spearman::maximum_magnitude--median_depth_km,maximum_magnitude,median_depth_km,spearman,undirected,candidate,estimable,0.2731084838,0.2731084838,1,,682,,3d,2025-03-31T23:00:00+00:00,3.940251381e-13,
CGIE3_ID_02,2025-03,spearman::maximum_magnitude--median_interevent_time_hours,maximum_magnitude,median_interevent_time_hours,spearman,undirected,candidate,estimable,-0.5020751623,0.5020751623,-1,,633,,3d,2025-03-31T23:00:00+00:00,1.000848491e-41,
CGIE3_ID_02,2025-03,spearman::maximum_magnitude--spatial_dispersion_km,maximum_magnitude,spatial_dispersion_km,spearman,undirected,candidate,estimable,-0.1508532417,0.1508532417,-1,,633,,3d,2025-03-31T23:00:00+00:00,0.0001391288843,
CGIE3_ID_02,2025-03,spearman::maximum_magnitude--temporal_burstiness,maximum_magnitude,temporal_burstiness,spearman,undirected,candidate,estimable,0.5156928684,0.5156928684,1,,543,,3d,2025-03-31T23:00:00+00:00,3.170257361e-38,
CGIE3_ID_02,2025-03,spearman::median_depth_km--median_interevent_time_hours,median_depth_km,median_interevent_time_hours,spearman,undirected,candidate,estimable,0.2257083559,0.2257083559,1,,633,,3d,2025-03-31T23:00:00+00:00,9.370999753e-09,
CGIE3_ID_02,2025-03,spearman::median_depth_km--spatial_dispersion_km,median_depth_km,spatial_dispersion_km,spearman,undirected,candidate,estimable,0.4385138431,0.4385138431,1,,633,,3d,2025-03-31T23:00:00+00:00,3.93810305e-31,
CGIE3_ID_02,2025-03,spearman::median_depth_km--temporal_burstiness,median_depth_km,temporal_burstiness,spearman,undirected,candidate,estimable,-0.1481355587,0.1481355587,-1,,543,,3d,2025-03-31T23:00:00+00:00,0.0005340337068,
CGIE3_ID_02,2025-03,spearman::median_interevent_time_hours--spatial_dispersion_km,median_interevent_time_hours,spatial_dispersion_km,spearman,undirected,candidate,estimable,0.4495603969,0.4495603969,1,,633,,3d,2025-03-31T23:00:00+00:00,8.13311254e-33,
CGIE3_ID_02,2025-03,spearman::median_interevent_time_hours--temporal_burstiness,median_interevent_time_hours,temporal_burstiness,spearman,undirected,candidate,estimable,-0.9165100045,0.9165100045,-1,,543,,3d,2025-03-31T23:00:00+00:00,1.968868292e-217,
CGIE3_ID_02,2025-03,spearman::spatial_dispersion_km--temporal_burstiness,spatial_dispersion_km,temporal_burstiness,spearman,undirected,candidate,estimable,-0.2845004778,0.2845004778,-1,,543,,3d,2025-03-31T23:00:00+00:00,1.435010983e-11,
CGIE3_ID_02,2025-04,spearman::depth_mad_km--event_count,depth_mad_km,event_count,spearman,undirected,candidate,estimable,0.2726094673,0.2726094673,1,,674,,3d,2025-04-30T23:00:00+00:00,5.975378115e-13,
CGIE3_ID_02,2025-04,spearman::depth_mad_km--interevent_time_mad_hours,depth_mad_km,interevent_time_mad_hours,spearman,undirected,candidate,estimable,0.23919369,0.23919369,1,,674,,3d,2025-04-30T23:00:00+00:00,3.17815467e-10,
CGIE3_ID_02,2025-04,spearman::depth_mad_km--log10_cumulative_energy_joule,depth_mad_km,log10_cumulative_energy_joule,spearman,undirected,candidate,estimable,0.3618434859,0.3618434859,1,,674,,3d,2025-04-30T23:00:00+00:00,2.803342943e-22,
CGIE3_ID_02,2025-04,spearman::depth_mad_km--maximum_magnitude,depth_mad_km,maximum_magnitude,spearman,undirected,candidate,estimable,0.3612043461,0.3612043461,1,,674,,3d,2025-04-30T23:00:00+00:00,3.357387517e-22,
CGIE3_ID_02,2025-04,spearman::depth_mad_km--median_depth_km,depth_mad_km,median_depth_km,spearman,undirected,candidate,estimable,-0.03979646001,0.03979646001,-1,,674,,3d,2025-04-30T23:00:00+00:00,0.3022280734,
CGIE3_ID_02,2025-04,spearman::depth_mad_km--median_interevent_time_hours,depth_mad_km,median_interevent_time_hours,spearman,undirected,candidate,estimable,0.2781262919,0.2781262919,1,,674,,3d,2025-04-30T23:00:00+00:00,1.941943156e-13,
CGIE3_ID_02,2025-04,spearman::depth_mad_km--spatial_dispersion_km,depth_mad_km,spatial_dispersion_km,spearman,undirected,candidate,estimable,0.1144647693,0.1144647693,1,,674,,3d,2025-04-30T23:00:00+00:00,0.002920835712,
CGIE3_ID_02,2025-04,spearman::depth_mad_km--temporal_burstiness,depth_mad_km,temporal_burstiness,spearman,undirected,candidate,estimable,0.1519247661,0.1519247661,1,,638,,3d,2025-04-30T23:00:00+00:00,0.0001170258574,
CGIE3_ID_02,2025-04,spearman::event_count--interevent_time_mad_hours,event_count,interevent_time_mad_hours,spearman,undirected,candidate,estimable,-0.05362586163,0.05362586163,-1,,674,,3d,2025-04-30T23:00:00+00:00,0.1643392086,
CGIE3_ID_02,2025-04,spearman::event_count--log10_cumulative_energy_joule,event_count,log10_cumulative_energy_joule,spearman,undirected,candidate,estimable,0.8865322534,0.8865322534,1,,718,,3d,2025-04-30T23:00:00+00:00,7.221023915e-242,
CGIE3_ID_02,2025-04,spearman::event_count--maximum_magnitude,event_count,maximum_magnitude,spearman,undirected,candidate,estimable,0.814895027,0.814895027,1,,718,,3d,2025-04-30T23:00:00+00:00,9.277705887e-172,
CGIE3_ID_02,2025-04,spearman::event_count--median_depth_km,event_count,median_depth_km,spearman,undirected,candidate,estimable,0.006406164431,0.006406164431,1,,718,,3d,2025-04-30T23:00:00+00:00,0.8639413388,
CGIE3_ID_02,2025-04,spearman::event_count--median_interevent_time_hours,event_count,median_interevent_time_hours,spearman,undirected,candidate,estimable,-0.4930157075,0.4930157075,-1,,674,,3d,2025-04-30T23:00:00+00:00,1.435598766e-42,
CGIE3_ID_02,2025-04,spearman::event_count--spatial_dispersion_km,event_count,spatial_dispersion_km,spearman,undirected,candidate,estimable,-0.139532454,0.139532454,-1,,674,,3d,2025-04-30T23:00:00+00:00,0.0002795606757,
CGIE3_ID_02,2025-04,spearman::event_count--temporal_burstiness,event_count,temporal_burstiness,spearman,undirected,candidate,estimable,0.6206488445,0.6206488445,1,,638,,3d,2025-04-30T23:00:00+00:00,3.32936709e-69,
CGIE3_ID_02,2025-04,spearman::interevent_time_mad_hours--log10_cumulative_energy_joule,interevent_time_mad_hours,log10_cumulative_energy_joule,spearman,undirected,candidate,estimable,-0.05350158965,0.05350158965,-1,,674,,3d,2025-04-30T23:00:00+00:00,0.1653205476,
CGIE3_ID_02,2025-04,spearman::interevent_time_mad_hours--maximum_magnitude,interevent_time_mad_hours,maximum_magnitude,spearman,undirected,candidate,estimable,-0.07638111924,0.07638111924,-1,,674,,3d,2025-04-30T23:00:00+00:00,0.04745856337,
CGIE3_ID_02,2025-04,spearman::interevent_time_mad_hours--median_depth_km,interevent_time_mad_hours,median_depth_km,spearman,undirected,candidate,estimable,0.5198737981,0.5198737981,1,,674,,3d,2025-04-30T23:00:00+00:00,6.211828792e-48,
CGIE3_ID_02,2025-04,spearman::interevent_time_mad_hours--median_interevent_time_hours,interevent_time_mad_hours,median_interevent_time_hours,spearman,undirected,candidate,estimable,0.6113903357,0.6113903357,1,,674,,3d,2025-04-30T23:00:00+00:00,2.49301289e-70,
CGIE3_ID_02,2025-04,spearman::interevent_time_mad_hours--spatial_dispersion_km,interevent_time_mad_hours,spatial_dispersion_km,spearman,undirected,candidate,estimable,0.3468079886,0.3468079886,1,,674,,3d,2025-04-30T23:00:00+00:00,1.753287661e-20,
CGIE3_ID_02,2025-04,spearman::interevent_time_mad_hours--temporal_burstiness,interevent_time_mad_hours,temporal_burstiness,spearman,undirected,candidate,estimable,-0.4625560343,0.4625560343,-1,,638,,3d,2025-04-30T23:00:00+00:00,3.838351493e-35,
CGIE3_ID_02,2025-04,spearman::log10_cumulative_energy_joule--maximum_magnitude,log10_cumulative_energy_joule,maximum_magnitude,spearman,undirected,candidate,estimable,0.9753905011,0.9753905011,1,,718,,3d,2025-04-30T23:00:00+00:00,0,
CGIE3_ID_02,2025-04,spearman::log10_cumulative_energy_joule--median_depth_km,log10_cumulative_energy_joule,median_depth_km,spearman,undirected,candidate,estimable,-0.01356126126,0.01356126126,-1,,718,,3d,2025-04-30T23:00:00+00:00,0.7167807219,
CGIE3_ID_02,2025-04,spearman::log10_cumulative_energy_joule--median_interevent_time_hours,log10_cumulative_energy_joule,median_interevent_time_hours,spearman,undirected,candidate,estimable,-0.447649549,0.447649549,-1,,674,,3d,2025-04-30T23:00:00+00:00,1.591038189e-34,
CGIE3_ID_02,2025-04,spearman::log10_cumulative_energy_joule--spatial_dispersion_km,log10_cumulative_energy_joule,spatial_dispersion_km,spearman,undirected,candidate,estimable,-0.2636223985,0.2636223985,-1,,674,,3d,2025-04-30T23:00:00+00:00,3.532515394e-12,
CGIE3_ID_02,2025-04,spearman::log10_cumulative_energy_joule--temporal_burstiness,log10_cumulative_energy_joule,temporal_burstiness,spearman,undirected,candidate,estimable,0.5733062605,0.5733062605,1,,638,,3d,2025-04-30T23:00:00+00:00,5.056720468e-57,
CGIE3_ID_02,2025-04,spearman::maximum_magnitude--median_depth_km,maximum_magnitude,median_depth_km,spearman,undirected,candidate,estimable,-0.0777244564,0.0777244564,-1,,718,,3d,2025-04-30T23:00:00+00:00,0.03732518587,
CGIE3_ID_02,2025-04,spearman::maximum_magnitude--median_interevent_time_hours,maximum_magnitude,median_interevent_time_hours,spearman,undirected,candidate,estimable,-0.3976395037,0.3976395037,-1,,674,,3d,2025-04-30T23:00:00+00:00,5.885628873e-27,
CGIE3_ID_02,2025-04,spearman::maximum_magnitude--spatial_dispersion_km,maximum_magnitude,spatial_dispersion_km,spearman,undirected,candidate,estimable,-0.2539477631,0.2539477631,-1,,674,,3d,2025-04-30T23:00:00+00:00,2.222359941e-11,
CGIE3_ID_02,2025-04,spearman::maximum_magnitude--temporal_burstiness,maximum_magnitude,temporal_burstiness,spearman,undirected,candidate,estimable,0.5171656069,0.5171656069,1,,638,,3d,2025-04-30T23:00:00+00:00,6.322426264e-45,
CGIE3_ID_02,2025-04,spearman::median_depth_km--median_interevent_time_hours,median_depth_km,median_interevent_time_hours,spearman,undirected,candidate,estimable,0.3664226499,0.3664226499,1,,674,,3d,2025-04-30T23:00:00+00:00,7.608676826e-23,
CGIE3_ID_02,2025-04,spearman::median_depth_km--spatial_dispersion_km,median_depth_km,spatial_dispersion_km,spearman,undirected,candidate,estimable,0.505431764,0.505431764,1,,674,,3d,2025-04-30T23:00:00+00:00,5.453865181e-45,
CGIE3_ID_02,2025-04,spearman::median_depth_km--temporal_burstiness,median_depth_km,temporal_burstiness,spearman,undirected,candidate,estimable,-0.4509229527,0.4509229527,-1,,638,,3d,2025-04-30T23:00:00+00:00,2.815792816e-33,
CGIE3_ID_02,2025-04,spearman::median_interevent_time_hours--spatial_dispersion_km,median_interevent_time_hours,spatial_dispersion_km,spearman,undirected,candidate,estimable,0.5831019322,0.5831019322,1,,674,,3d,2025-04-30T23:00:00+00:00,1.219358036e-62,
CGIE3_ID_02,2025-04,spearman::median_interevent_time_hours--temporal_burstiness,median_interevent_time_hours,temporal_burstiness,spearman,undirected,candidate,estimable,-0.5888347962,0.5888347962,-1,,638,,3d,2025-04-30T23:00:00+00:00,8.492093251e-61,
CGIE3_ID_02,2025-04,spearman::spatial_dispersion_km--temporal_burstiness,spatial_dispersion_km,temporal_burstiness,spearman,undirected,candidate,estimable,-0.2369582275,0.2369582275,-1,,638,,3d,2025-04-30T23:00:00+00:00,1.361004625e-09,
CGIE3_ID_02,2025-05,spearman::depth_mad_km--event_count,depth_mad_km,event_count,spearman,undirected,candidate,estimable,-0.02213606059,0.02213606059,-1,,568,,3d,2025-05-31T23:00:00+00:00,0.5985647928,
CGIE3_ID_02,2025-05,spearman::depth_mad_km--interevent_time_mad_hours,depth_mad_km,interevent_time_mad_hours,spearman,undirected,candidate,estimable,0.02057549426,0.02057549426,1,,568,,3d,2025-05-31T23:00:00+00:00,0.6245994689,
CGIE3_ID_02,2025-05,spearman::depth_mad_km--log10_cumulative_energy_joule,depth_mad_km,log10_cumulative_energy_joule,spearman,undirected,candidate,estimable,-0.08977347834,0.08977347834,-1,,568,,3d,2025-05-31T23:00:00+00:00,0.03242299961,
CGIE3_ID_02,2025-05,spearman::depth_mad_km--maximum_magnitude,depth_mad_km,maximum_magnitude,spearman,undirected,candidate,estimable,-0.07451530994,0.07451530994,-1,,568,,3d,2025-05-31T23:00:00+00:00,0.07598706938,
CGIE3_ID_02,2025-05,spearman::depth_mad_km--median_depth_km,depth_mad_km,median_depth_km,spearman,undirected,candidate,estimable,0.5356011331,0.5356011331,1,,568,,3d,2025-05-31T23:00:00+00:00,1.744246617e-43,
CGIE3_ID_02,2025-05,spearman::depth_mad_km--median_interevent_time_hours,depth_mad_km,median_interevent_time_hours,spearman,undirected,candidate,estimable,-0.0465028909,0.0465028909,-1,,568,,3d,2025-05-31T23:00:00+00:00,0.2685322488,
CGIE3_ID_02,2025-05,spearman::depth_mad_km--spatial_dispersion_km,depth_mad_km,spatial_dispersion_km,spearman,undirected,candidate,estimable,0.1437005423,0.1437005423,1,,568,,3d,2025-05-31T23:00:00+00:00,0.0005923817547,
CGIE3_ID_02,2025-05,spearman::depth_mad_km--temporal_burstiness,depth_mad_km,temporal_burstiness,spearman,undirected,candidate,estimable,0.2059141379,0.2059141379,1,,346,,3d,2025-05-31T23:00:00+00:00,0.0001144194694,
CGIE3_ID_02,2025-05,spearman::event_count--interevent_time_mad_hours,event_count,interevent_time_mad_hours,spearman,undirected,candidate,estimable,0.6102728393,0.6102728393,1,,568,,3d,2025-05-31T23:00:00+00:00,2.994724815e-59,
CGIE3_ID_02,2025-05,spearman::event_count--log10_cumulative_energy_joule,event_count,log10_cumulative_energy_joule,spearman,undirected,candidate,estimable,0.5234876767,0.5234876767,1,,729,,3d,2025-05-31T23:00:00+00:00,1.557608477e-52,
CGIE3_ID_02,2025-05,spearman::event_count--maximum_magnitude,event_count,maximum_magnitude,spearman,undirected,candidate,estimable,0.4013760371,0.4013760371,1,,729,,3d,2025-05-31T23:00:00+00:00,1.356958316e-29,
CGIE3_ID_02,2025-05,spearman::event_count--median_depth_km,event_count,median_depth_km,spearman,undirected,candidate,estimable,0.0555435615,0.0555435615,1,,729,,3d,2025-05-31T23:00:00+00:00,0.1340658661,
CGIE3_ID_02,2025-05,spearman::event_count--median_interevent_time_hours,event_count,median_interevent_time_hours,spearman,undirected,candidate,estimable,-0.7688837136,0.7688837136,-1,,568,,3d,2025-05-31T23:00:00+00:00,5.033791415e-112,
CGIE3_ID_02,2025-05,spearman::event_count--spatial_dispersion_km,event_count,spatial_dispersion_km,spearman,undirected,candidate,estimable,-0.2416434409,0.2416434409,-1,,568,,3d,2025-05-31T23:00:00+00:00,5.443935241e-09,
CGIE3_ID_02,2025-05,spearman::event_count--temporal_burstiness,event_count,temporal_burstiness,spearman,undirected,candidate,estimable,0.648311167,0.648311167,1,,346,,3d,2025-05-31T23:00:00+00:00,1.229887629e-42,
CGIE3_ID_02,2025-05,spearman::interevent_time_mad_hours--log10_cumulative_energy_joule,interevent_time_mad_hours,log10_cumulative_energy_joule,spearman,undirected,candidate,estimable,-0.04278377054,0.04278377054,-1,,568,,3d,2025-05-31T23:00:00+00:00,0.3087374554,
CGIE3_ID_02,2025-05,spearman::interevent_time_mad_hours--maximum_magnitude,interevent_time_mad_hours,maximum_magnitude,spearman,undirected,candidate,estimable,-0.1328925002,0.1328925002,-1,,568,,3d,2025-05-31T23:00:00+00:00,0.001501949801,
CGIE3_ID_02,2025-05,spearman::interevent_time_mad_hours--median_depth_km,interevent_time_mad_hours,median_depth_km,spearman,undirected,candidate,estimable,0.1976888611,0.1976888611,1,,568,,3d,2025-05-31T23:00:00+00:00,2.054110639e-06,
CGIE3_ID_02,2025-05,spearman::interevent_time_mad_hours--median_interevent_time_hours,interevent_time_mad_hours,median_interevent_time_hours,spearman,undirected,candidate,estimable,-0.3332638053,0.3332638053,-1,,568,,3d,2025-05-31T23:00:00+00:00,3.364168119e-16,
CGIE3_ID_02,2025-05,spearman::interevent_time_mad_hours--spatial_dispersion_km,interevent_time_mad_hours,spatial_dispersion_km,spearman,undirected,candidate,estimable,-0.1539083686,0.1539083686,-1,,568,,3d,2025-05-31T23:00:00+00:00,0.0002314665055,
CGIE3_ID_02,2025-05,spearman::interevent_time_mad_hours--temporal_burstiness,interevent_time_mad_hours,temporal_burstiness,spearman,undirected,candidate,estimable,-0.4326730029,0.4326730029,-1,,346,,3d,2025-05-31T23:00:00+00:00,3.225126598e-17,
CGIE3_ID_02,2025-05,spearman::log10_cumulative_energy_joule--maximum_magnitude,log10_cumulative_energy_joule,maximum_magnitude,spearman,undirected,candidate,estimable,0.9772199047,0.9772199047,1,,729,,3d,2025-05-31T23:00:00+00:00,0,
CGIE3_ID_02,2025-05,spearman::log10_cumulative_energy_joule--median_depth_km,log10_cumulative_energy_joule,median_depth_km,spearman,undirected,candidate,estimable,-0.1490917496,0.1490917496,-1,,729,,3d,2025-05-31T23:00:00+00:00,5.318370791e-05,
CGIE3_ID_02,2025-05,spearman::log10_cumulative_energy_joule--median_interevent_time_hours,log10_cumulative_energy_joule,median_interevent_time_hours,spearman,undirected,candidate,estimable,-0.3916465169,0.3916465169,-1,,568,,3d,2025-05-31T23:00:00+00:00,2.905092443e-22,
CGIE3_ID_02,2025-05,spearman::log10_cumulative_energy_joule--spatial_dispersion_km,log10_cumulative_energy_joule,spatial_dispersion_km,spearman,undirected,candidate,estimable,-0.03872050337,0.03872050337,-1,,568,,3d,2025-05-31T23:00:00+00:00,0.3569832624,
CGIE3_ID_02,2025-05,spearman::log10_cumulative_energy_joule--temporal_burstiness,log10_cumulative_energy_joule,temporal_burstiness,spearman,undirected,candidate,estimable,0.5124701924,0.5124701924,1,,346,,3d,2025-05-31T23:00:00+00:00,1.453973282e-24,
CGIE3_ID_02,2025-05,spearman::maximum_magnitude--median_depth_km,maximum_magnitude,median_depth_km,spearman,undirected,candidate,estimable,-0.1700548218,0.1700548218,-1,,729,,3d,2025-05-31T23:00:00+00:00,3.888170563e-06,
CGIE3_ID_02,2025-05,spearman::maximum_magnitude--median_interevent_time_hours,maximum_magnitude,median_interevent_time_hours,spearman,undirected,candidate,estimable,-0.3355642537,0.3355642537,-1,,568,,3d,2025-05-31T23:00:00+00:00,2.046748616e-16,
CGIE3_ID_02,2025-05,spearman::maximum_magnitude--spatial_dispersion_km,maximum_magnitude,spatial_dispersion_km,spearman,undirected,candidate,estimable,-0.07198139529,0.07198139529,-1,,568,,3d,2025-05-31T23:00:00+00:00,0.08653619978,
CGIE3_ID_02,2025-05,spearman::maximum_magnitude--temporal_burstiness,maximum_magnitude,temporal_burstiness,spearman,undirected,candidate,estimable,0.4975018273,0.4975018273,1,,346,,3d,2025-05-31T23:00:00+00:00,4.910572759e-23,
CGIE3_ID_02,2025-05,spearman::median_depth_km--median_interevent_time_hours,median_depth_km,median_interevent_time_hours,spearman,undirected,candidate,estimable,-0.3508862497,0.3508862497,-1,,568,,3d,2025-05-31T23:00:00+00:00,6.711081116e-18,
CGIE3_ID_02,2025-05,spearman::median_depth_km--spatial_dispersion_km,median_depth_km,spatial_dispersion_km,spearman,undirected,candidate,estimable,0.2911167592,0.2911167592,1,,568,,3d,2025-05-31T23:00:00+00:00,1.476585099e-12,
CGIE3_ID_02,2025-05,spearman::median_depth_km--temporal_burstiness,median_depth_km,temporal_burstiness,spearman,undirected,candidate,estimable,0.12106258,0.12106258,1,,346,,3d,2025-05-31T23:00:00+00:00,0.02432010818,
CGIE3_ID_02,2025-05,spearman::median_interevent_time_hours--spatial_dispersion_km,median_interevent_time_hours,spatial_dispersion_km,spearman,undirected,candidate,estimable,0.05974839982,0.05974839982,1,,568,,3d,2025-05-31T23:00:00+00:00,0.1549965001,
CGIE3_ID_02,2025-05,spearman::median_interevent_time_hours--temporal_burstiness,median_interevent_time_hours,temporal_burstiness,spearman,undirected,candidate,estimable,-0.8141643043,0.8141643043,-1,,346,,3d,2025-05-31T23:00:00+00:00,3.195854356e-83,
CGIE3_ID_02,2025-05,spearman::spatial_dispersion_km--temporal_burstiness,spatial_dispersion_km,temporal_burstiness,spearman,undirected,candidate,estimable,-0.2009531854,0.2009531854,-1,,346,,3d,2025-05-31T23:00:00+00:00,0.0001679720947,
CGIE3_ID_02,2025-06,spearman::depth_mad_km--event_count,depth_mad_km,event_count,spearman,undirected,candidate,estimable,-0.06505066746,0.06505066746,-1,,617,,3d,2025-06-30T23:00:00+00:00,0.1064713643,
CGIE3_ID_02,2025-06,spearman::depth_mad_km--interevent_time_mad_hours,depth_mad_km,interevent_time_mad_hours,spearman,undirected,candidate,estimable,-0.2418259784,0.2418259784,-1,,617,,3d,2025-06-30T23:00:00+00:00,1.163486677e-09,
CGIE3_ID_02,2025-06,spearman::depth_mad_km--log10_cumulative_energy_joule,depth_mad_km,log10_cumulative_energy_joule,spearman,undirected,candidate,estimable,0.1105576903,0.1105576903,1,,617,,3d,2025-06-30T23:00:00+00:00,0.005976662991,
CGIE3_ID_02,2025-06,spearman::depth_mad_km--maximum_magnitude,depth_mad_km,maximum_magnitude,spearman,undirected,candidate,estimable,0.1994012304,0.1994012304,1,,617,,3d,2025-06-30T23:00:00+00:00,5.938438973e-07,
CGIE3_ID_02,2025-06,spearman::depth_mad_km--median_depth_km,depth_mad_km,median_depth_km,spearman,undirected,candidate,estimable,-0.2574342782,0.2574342782,-1,,617,,3d,2025-06-30T23:00:00+00:00,8.510617622e-11,
CGIE3_ID_02,2025-06,spearman::depth_mad_km--median_interevent_time_hours,depth_mad_km,median_interevent_time_hours,spearman,undirected,candidate,estimable,-0.1887335884,0.1887335884,-1,,617,,3d,2025-06-30T23:00:00+00:00,2.346523613e-06,
CGIE3_ID_02,2025-06,spearman::depth_mad_km--spatial_dispersion_km,depth_mad_km,spatial_dispersion_km,spearman,undirected,candidate,estimable,0.2384556037,0.2384556037,1,,617,,3d,2025-06-30T23:00:00+00:00,1.999660273e-09,
CGIE3_ID_02,2025-06,spearman::depth_mad_km--temporal_burstiness,depth_mad_km,temporal_burstiness,spearman,undirected,candidate,estimable,0.1506780742,0.1506780742,1,,549,,3d,2025-06-30T23:00:00+00:00,0.0003960539252,
CGIE3_ID_02,2025-06,spearman::event_count--interevent_time_mad_hours,event_count,interevent_time_mad_hours,spearman,undirected,candidate,estimable,-0.0799032126,0.0799032126,-1,,617,,3d,2025-06-30T23:00:00+00:00,0.04726667553,
CGIE3_ID_02,2025-06,spearman::event_count--log10_cumulative_energy_joule,event_count,log10_cumulative_energy_joule,spearman,undirected,candidate,estimable,0.860148891,0.860148891,1,,704,,3d,2025-06-30T23:00:00+00:00,1.922241432e-207,
CGIE3_ID_02,2025-06,spearman::event_count--maximum_magnitude,event_count,maximum_magnitude,spearman,undirected,candidate,estimable,0.7808472516,0.7808472516,1,,704,,3d,2025-06-30T23:00:00+00:00,1.438094834e-145,
CGIE3_ID_02,2025-06,spearman::event_count--median_depth_km,event_count,median_depth_km,spearman,undirected,candidate,estimable,-0.4205645212,0.4205645212,-1,,704,,3d,2025-06-30T23:00:00+00:00,1.515450678e-31,
CGIE3_ID_02,2025-06,spearman::event_count--median_interevent_time_hours,event_count,median_interevent_time_hours,spearman,undirected,candidate,estimable,-0.7068906757,0.7068906757,-1,,617,,3d,2025-06-30T23:00:00+00:00,1.486411016e-94,
CGIE3_ID_02,2025-06,spearman::event_count--spatial_dispersion_km,event_count,spatial_dispersion_km,spearman,undirected,candidate,estimable,-0.1630732415,0.1630732415,-1,,617,,3d,2025-06-30T23:00:00+00:00,4.707084051e-05,
CGIE3_ID_02,2025-06,spearman::event_count--temporal_burstiness,event_count,temporal_burstiness,spearman,undirected,candidate,estimable,0.7921791582,0.7921791582,1,,549,,3d,2025-06-30T23:00:00+00:00,2.095289652e-119,
CGIE3_ID_02,2025-06,spearman::interevent_time_mad_hours--log10_cumulative_energy_joule,interevent_time_mad_hours,log10_cumulative_energy_joule,spearman,undirected,candidate,estimable,-0.1656566121,0.1656566121,-1,,617,,3d,2025-06-30T23:00:00+00:00,3.548249178e-05,
CGIE3_ID_02,2025-06,spearman::interevent_time_mad_hours--maximum_magnitude,interevent_time_mad_hours,maximum_magnitude,spearman,undirected,candidate,estimable,-0.1981521544,0.1981521544,-1,,617,,3d,2025-06-30T23:00:00+00:00,7.00253616e-07,
CGIE3_ID_02,2025-06,spearman::interevent_time_mad_hours--median_depth_km,interevent_time_mad_hours,median_depth_km,spearman,undirected,candidate,estimable,0.5741332648,0.5741332648,1,,617,,3d,2025-06-30T23:00:00+00:00,2.18183501e-55,
CGIE3_ID_02,2025-06,spearman::interevent_time_mad_hours--median_interevent_time_hours,interevent_time_mad_hours,median_interevent_time_hours,spearman,undirected,candidate,estimable,0.4113638325,0.4113638325,1,,617,,3d,2025-06-30T23:00:00+00:00,1.354043637e-26,
CGIE3_ID_02,2025-06,spearman::interevent_time_mad_hours--spatial_dispersion_km,interevent_time_mad_hours,spatial_dispersion_km,spearman,undirected,candidate,estimable,0.4386592576,0.4386592576,1,,617,,3d,2025-06-30T23:00:00+00:00,2.096667786e-30,
CGIE3_ID_02,2025-06,spearman::interevent_time_mad_hours--temporal_burstiness,interevent_time_mad_hours,temporal_burstiness,spearman,undirected,candidate,estimable,-0.6679965782,0.6679965782,-1,,549,,3d,2025-06-30T23:00:00+00:00,3.2349121e-72,
CGIE3_ID_02,2025-06,spearman::log10_cumulative_energy_joule--maximum_magnitude,log10_cumulative_energy_joule,maximum_magnitude,spearman,undirected,candidate,estimable,0.9703410328,0.9703410328,1,,704,,3d,2025-06-30T23:00:00+00:00,0,
CGIE3_ID_02,2025-06,spearman::log10_cumulative_energy_joule--median_depth_km,log10_cumulative_energy_joule,median_depth_km,spearman,undirected,candidate,estimable,-0.2286453934,0.2286453934,-1,,704,,3d,2025-06-30T23:00:00+00:00,8.391008313e-10,
CGIE3_ID_02,2025-06,spearman::log10_cumulative_energy_joule--median_interevent_time_hours,log10_cumulative_energy_joule,median_interevent_time_hours,spearman,undirected,candidate,estimable,-0.7870507505,0.7870507505,-1,,617,,3d,2025-06-30T23:00:00+00:00,3.871590213e-131,
CGIE3_ID_02,2025-06,spearman::log10_cumulative_energy_joule--spatial_dispersion_km,log10_cumulative_energy_joule,spatial_dispersion_km,spearman,undirected,candidate,estimable,-0.1173082404,0.1173082404,-1,,617,,3d,2025-06-30T23:00:00+00:00,0.003522297251,
CGIE3_ID_02,2025-06,spearman::log10_cumulative_energy_joule--temporal_burstiness,log10_cumulative_energy_joule,temporal_burstiness,spearman,undirected,candidate,estimable,0.8280717955,0.8280717955,1,,549,,3d,2025-06-30T23:00:00+00:00,1.370600493e-139,
CGIE3_ID_02,2025-06,spearman::maximum_magnitude--median_depth_km,maximum_magnitude,median_depth_km,spearman,undirected,candidate,estimable,-0.2006266669,0.2006266669,-1,,704,,3d,2025-06-30T23:00:00+00:00,7.941899405e-08,
CGIE3_ID_02,2025-06,spearman::maximum_magnitude--median_interevent_time_hours,maximum_magnitude,median_interevent_time_hours,spearman,undirected,candidate,estimable,-0.7878823809,0.7878823809,-1,,617,,3d,2025-06-30T23:00:00+00:00,1.339706807e-131,
CGIE3_ID_02,2025-06,spearman::maximum_magnitude--spatial_dispersion_km,maximum_magnitude,spatial_dispersion_km,spearman,undirected,candidate,estimable,-0.1024092169,0.1024092169,-1,,617,,3d,2025-06-30T23:00:00+00:00,0.01091748588,
CGIE3_ID_02,2025-06,spearman::maximum_magnitude--temporal_burstiness,maximum_magnitude,temporal_burstiness,spearman,undirected,candidate,estimable,0.8116247323,0.8116247323,1,,549,,3d,2025-06-30T23:00:00+00:00,8.388408268e-130,
CGIE3_ID_02,2025-06,spearman::median_depth_km--median_interevent_time_hours,median_depth_km,median_interevent_time_hours,spearman,undirected,candidate,estimable,0.3511772014,0.3511772014,1,,617,,3d,2025-06-30T23:00:00+00:00,2.397415684e-19,
CGIE3_ID_02,2025-06,spearman::median_depth_km--spatial_dispersion_km,median_depth_km,spatial_dispersion_km,spearman,undirected,candidate,estimable,0.6138600997,0.6138600997,1,,617,,3d,2025-06-30T23:00:00+00:00,3.637883457e-65,
CGIE3_ID_02,2025-06,spearman::median_depth_km--temporal_burstiness,median_depth_km,temporal_burstiness,spearman,undirected,candidate,estimable,-0.4481526606,0.4481526606,-1,,549,,3d,2025-06-30T23:00:00+00:00,1.771889052e-28,
CGIE3_ID_02,2025-06,spearman::median_interevent_time_hours--spatial_dispersion_km,median_interevent_time_hours,spatial_dispersion_km,spearman,undirected,candidate,estimable,0.2336631337,0.2336631337,1,,617,,3d,2025-06-30T23:00:00+00:00,4.25907207e-09,
CGIE3_ID_02,2025-06,spearman::median_interevent_time_hours--temporal_burstiness,median_interevent_time_hours,temporal_burstiness,spearman,undirected,candidate,estimable,-0.9157954839,0.9157954839,-1,,549,,3d,2025-06-30T23:00:00+00:00,7.45617698e-219,
CGIE3_ID_02,2025-06,spearman::spatial_dispersion_km--temporal_burstiness,spatial_dispersion_km,temporal_burstiness,spearman,undirected,candidate,estimable,-0.3690430065,0.3690430065,-1,,549,,3d,2025-06-30T23:00:00+00:00,3.722190841e-19,
CGIE3_ID_02,2025-07,spearman::depth_mad_km--event_count,depth_mad_km,event_count,spearman,undirected,candidate,estimable,0.009998374746,0.009998374746,1,,644,,3d,2025-07-31T23:00:00+00:00,0.8000798936,
CGIE3_ID_02,2025-07,spearman::depth_mad_km--interevent_time_mad_hours,depth_mad_km,interevent_time_mad_hours,spearman,undirected,candidate,estimable,0.1829028665,0.1829028665,1,,644,,3d,2025-07-31T23:00:00+00:00,2.98274926e-06,
CGIE3_ID_02,2025-07,spearman::depth_mad_km--log10_cumulative_energy_joule,depth_mad_km,log10_cumulative_energy_joule,spearman,undirected,candidate,estimable,-0.3764603242,0.3764603242,-1,,644,,3d,2025-07-31T23:00:00+00:00,4.100269871e-23,
CGIE3_ID_02,2025-07,spearman::depth_mad_km--maximum_magnitude,depth_mad_km,maximum_magnitude,spearman,undirected,candidate,estimable,-0.3899509167,0.3899509167,-1,,644,,3d,2025-07-31T23:00:00+00:00,8.095299358e-25,
CGIE3_ID_02,2025-07,spearman::depth_mad_km--median_depth_km,depth_mad_km,median_depth_km,spearman,undirected,candidate,estimable,-0.4511501804,0.4511501804,-1,,644,,3d,2025-07-31T23:00:00+00:00,1.304162126e-33,
CGIE3_ID_02,2025-07,spearman::depth_mad_km--median_interevent_time_hours,depth_mad_km,median_interevent_time_hours,spearman,undirected,candidate,estimable,0.1374903574,0.1374903574,1,,644,,3d,2025-07-31T23:00:00+00:00,0.0004670665866,
CGIE3_ID_02,2025-07,spearman::depth_mad_km--spatial_dispersion_km,depth_mad_km,spatial_dispersion_km,spearman,undirected,candidate,estimable,-0.06904049665,0.06904049665,-1,,644,,3d,2025-07-31T23:00:00+00:00,0.07999121107,
CGIE3_ID_02,2025-07,spearman::depth_mad_km--temporal_burstiness,depth_mad_km,temporal_burstiness,spearman,undirected,candidate,estimable,0.08346933397,0.08346933397,1,,582,,3d,2025-07-31T23:00:00+00:00,0.04412987647,
CGIE3_ID_02,2025-07,spearman::event_count--interevent_time_mad_hours,event_count,interevent_time_mad_hours,spearman,undirected,candidate,estimable,-0.1101981148,0.1101981148,-1,,644,,3d,2025-07-31T23:00:00+00:00,0.005116397729,
CGIE3_ID_02,2025-07,spearman::event_count--log10_cumulative_energy_joule,event_count,log10_cumulative_energy_joule,spearman,undirected,candidate,estimable,0.4758359959,0.4758359959,1,,707,,3d,2025-07-31T23:00:00+00:00,3.135274699e-41,
CGIE3_ID_02,2025-07,spearman::event_count--maximum_magnitude,event_count,maximum_magnitude,spearman,undirected,candidate,estimable,0.366582224,0.366582224,1,,707,,3d,2025-07-31T23:00:00+00:00,6.562500938e-24,
CGIE3_ID_02,2025-07,spearman::event_count--median_depth_km,event_count,median_depth_km,spearman,undirected,candidate,estimable,0.06707242328,0.06707242328,1,,707,,3d,2025-07-31T23:00:00+00:00,0.07470489733,
CGIE3_ID_02,2025-07,spearman::event_count--median_interevent_time_hours,event_count,median_interevent_time_hours,spearman,undirected,candidate,estimable,-0.7390036831,0.7390036831,-1,,644,,3d,2025-07-31T23:00:00+00:00,3.198120658e-112,
CGIE3_ID_02,2025-07,spearman::event_count--spatial_dispersion_km,event_count,spatial_dispersion_km,spearman,undirected,candidate,estimable,-0.4138597301,0.4138597301,-1,,644,,3d,2025-07-31T23:00:00+00:00,4.862698942e-28,
CGIE3_ID_02,2025-07,spearman::event_count--temporal_burstiness,event_count,temporal_burstiness,spearman,undirected,candidate,estimable,0.6663946497,0.6663946497,1,,582,,3d,2025-07-31T23:00:00+00:00,5.604416607e-76,
CGIE3_ID_02,2025-07,spearman::interevent_time_mad_hours--log10_cumulative_energy_joule,interevent_time_mad_hours,log10_cumulative_energy_joule,spearman,undirected,candidate,estimable,-0.1932965367,0.1932965367,-1,,644,,3d,2025-07-31T23:00:00+00:00,7.713776464e-07,
CGIE3_ID_02,2025-07,spearman::interevent_time_mad_hours--maximum_magnitude,interevent_time_mad_hours,maximum_magnitude,spearman,undirected,candidate,estimable,-0.1901510642,0.1901510642,-1,,644,,3d,2025-07-31T23:00:00+00:00,1.170702404e-06,
CGIE3_ID_02,2025-07,spearman::interevent_time_mad_hours--median_depth_km,interevent_time_mad_hours,median_depth_km,spearman,undirected,candidate,estimable,-0.3731006291,0.3731006291,-1,,644,,3d,2025-07-31T23:00:00+00:00,1.059416981e-22,
CGIE3_ID_02,2025-07,spearman::interevent_time_mad_hours--median_interevent_time_hours,interevent_time_mad_hours,median_interevent_time_hours,spearman,undirected,candidate,estimable,0.3253259468,0.3253259468,1,,644,,3d,2025-07-31T23:00:00+00:00,2.4261968e-17,
CGIE3_ID_02,2025-07,spearman::interevent_time_mad_hours--spatial_dispersion_km,interevent_time_mad_hours,spatial_dispersion_km,spearman,undirected,candidate,estimable,0.08304030272,0.08304030272,1,,644,,3d,2025-07-31T23:00:00+00:00,0.03512862729,
CGIE3_ID_02,2025-07,spearman::interevent_time_mad_hours--temporal_burstiness,interevent_time_mad_hours,temporal_burstiness,spearman,undirected,candidate,estimable,-0.1616189376,0.1616189376,-1,,582,,3d,2025-07-31T23:00:00+00:00,8.988175932e-05,
CGIE3_ID_02,2025-07,spearman::log10_cumulative_energy_joule--maximum_magnitude,log10_cumulative_energy_joule,maximum_magnitude,spearman,undirected,candidate,estimable,0.9714948054,0.9714948054,1,,707,,3d,2025-07-31T23:00:00+00:00,0,
CGIE3_ID_02,2025-07,spearman::log10_cumulative_energy_joule--median_depth_km,log10_cumulative_energy_joule,median_depth_km,spearman,undirected,candidate,estimable,0.2872592214,0.2872592214,1,,707,,3d,2025-07-31T23:00:00+00:00,6.737475917e-15,
CGIE3_ID_02,2025-07,spearman::log10_cumulative_energy_joule--median_interevent_time_hours,log10_cumulative_energy_joule,median_interevent_time_hours,spearman,undirected,candidate,estimable,-0.5298877161,0.5298877161,-1,,644,,3d,2025-07-31T23:00:00+00:00,6.6763692e-48,
CGIE3_ID_02,2025-07,spearman::log10_cumulative_energy_joule--spatial_dispersion_km,log10_cumulative_energy_joule,spatial_dispersion_km,spearman,undirected,candidate,estimable,-0.2018401268,0.2018401268,-1,,644,,3d,2025-07-31T23:00:00+00:00,2.398835408e-07,
CGIE3_ID_02,2025-07,spearman::log10_cumulative_energy_joule--temporal_burstiness,log10_cumulative_energy_joule,temporal_burstiness,spearman,undirected,candidate,estimable,0.6062446156,0.6062446156,1,,582,,3d,2025-07-31T23:00:00+00:00,1.089410134e-59,
CGIE3_ID_02,2025-07,spearman::maximum_magnitude--median_depth_km,maximum_magnitude,median_depth_km,spearman,undirected,candidate,estimable,0.2592425741,0.2592425741,1,,707,,3d,2025-07-31T23:00:00+00:00,2.542136162e-12,
CGIE3_ID_02,2025-07,spearman::maximum_magnitude--median_interevent_time_hours,maximum_magnitude,median_interevent_time_hours,spearman,undirected,candidate,estimable,-0.4948357588,0.4948357588,-1,,644,,3d,2025-07-31T23:00:00+00:00,4.444861927e-41,
CGIE3_ID_02,2025-07,spearman::maximum_magnitude--spatial_dispersion_km,maximum_magnitude,spatial_dispersion_km,spearman,undirected,candidate,estimable,-0.1598628591,0.1598628591,-1,,644,,3d,2025-07-31T23:00:00+00:00,4.597085097e-05,
CGIE3_ID_02,2025-07,spearman::maximum_magnitude--temporal_burstiness,maximum_magnitude,temporal_burstiness,spearman,undirected,candidate,estimable,0.6072455391,0.6072455391,1,,582,,3d,2025-07-31T23:00:00+00:00,6.228442058e-60,
CGIE3_ID_02,2025-07,spearman::median_depth_km--median_interevent_time_hours,median_depth_km,median_interevent_time_hours,spearman,undirected,candidate,estimable,-0.193524464,0.193524464,-1,,644,,3d,2025-07-31T23:00:00+00:00,7.482077726e-07,
CGIE3_ID_02,2025-07,spearman::median_depth_km--spatial_dispersion_km,median_depth_km,spatial_dispersion_km,spearman,undirected,candidate,estimable,0.4498865506,0.4498865506,1,,644,,3d,2025-07-31T23:00:00+00:00,2.068613941e-33,
CGIE3_ID_02,2025-07,spearman::median_depth_km--temporal_burstiness,median_depth_km,temporal_burstiness,spearman,undirected,candidate,estimable,-0.1140409154,0.1140409154,-1,,582,,3d,2025-07-31T23:00:00+00:00,0.00588221513,
CGIE3_ID_02,2025-07,spearman::median_interevent_time_hours--spatial_dispersion_km,median_interevent_time_hours,spatial_dispersion_km,spearman,undirected,candidate,estimable,0.3070842324,0.3070842324,1,,644,,3d,2025-07-31T23:00:00+00:00,1.571679497e-15,
CGIE3_ID_02,2025-07,spearman::median_interevent_time_hours--temporal_burstiness,median_interevent_time_hours,temporal_burstiness,spearman,undirected,candidate,estimable,-0.693634332,0.693634332,-1,,582,,3d,2025-07-31T23:00:00+00:00,1.110281501e-84,
CGIE3_ID_02,2025-07,spearman::spatial_dispersion_km--temporal_burstiness,spatial_dispersion_km,temporal_burstiness,spearman,undirected,candidate,estimable,-0.4838168521,0.4838168521,-1,,582,,3d,2025-07-31T23:00:00+00:00,1.763374618e-35,
CGIE3_ID_02,2025-08,spearman::depth_mad_km--event_count,depth_mad_km,event_count,spearman,undirected,candidate,estimable,0.4427517623,0.4427517623,1,,684,,3d,2025-08-31T23:00:00+00:00,3.335110907e-34,
CGIE3_ID_02,2025-08,spearman::depth_mad_km--interevent_time_mad_hours,depth_mad_km,interevent_time_mad_hours,spearman,undirected,candidate,estimable,0.122251127,0.122251127,1,,684,,3d,2025-08-31T23:00:00+00:00,0.001357882232,
CGIE3_ID_02,2025-08,spearman::depth_mad_km--log10_cumulative_energy_joule,depth_mad_km,log10_cumulative_energy_joule,spearman,undirected,candidate,estimable,0.2537105905,0.2537105905,1,,684,,3d,2025-08-31T23:00:00+00:00,1.653577885e-11,
CGIE3_ID_02,2025-08,spearman::depth_mad_km--maximum_magnitude,depth_mad_km,maximum_magnitude,spearman,undirected,candidate,estimable,0.1795449748,0.1795449748,1,,684,,3d,2025-08-31T23:00:00+00:00,2.29465342e-06,
CGIE3_ID_02,2025-08,spearman::depth_mad_km--median_depth_km,depth_mad_km,median_depth_km,spearman,undirected,candidate,estimable,-0.4516840637,0.4516840637,-1,,684,,3d,2025-08-31T23:00:00+00:00,1.085241397e-35,
CGIE3_ID_02,2025-08,spearman::depth_mad_km--median_interevent_time_hours,depth_mad_km,median_interevent_time_hours,spearman,undirected,candidate,estimable,-0.005093661271,0.005093661271,-1,,684,,3d,2025-08-31T23:00:00+00:00,0.8942141526,
CGIE3_ID_02,2025-08,spearman::depth_mad_km--spatial_dispersion_km,depth_mad_km,spatial_dispersion_km,spearman,undirected,candidate,estimable,0.5845256866,0.5845256866,1,,684,,3d,2025-08-31T23:00:00+00:00,6.398688019e-64,
CGIE3_ID_02,2025-08,spearman::depth_mad_km--temporal_burstiness,depth_mad_km,temporal_burstiness,spearman,undirected,candidate,estimable,-0.04702764682,0.04702764682,-1,,643,,3d,2025-08-31T23:00:00+00:00,0.2337165735,
CGIE3_ID_02,2025-08,spearman::event_count--interevent_time_mad_hours,event_count,interevent_time_mad_hours,spearman,undirected,candidate,estimable,0.04732111641,0.04732111641,1,,684,,3d,2025-08-31T23:00:00+00:00,0.2164449336,
CGIE3_ID_02,2025-08,spearman::event_count--log10_cumulative_energy_joule,event_count,log10_cumulative_energy_joule,spearman,undirected,candidate,estimable,0.424228415,0.424228415,1,,744,,3d,2025-08-31T23:00:00+00:00,7.366396182e-34,
CGIE3_ID_02,2025-08,spearman::event_count--maximum_magnitude,event_count,maximum_magnitude,spearman,undirected,candidate,estimable,0.3296895357,0.3296895357,1,,744,,3d,2025-08-31T23:00:00+00:00,2.532583238e-20,
CGIE3_ID_02,2025-08,spearman::event_count--median_depth_km,event_count,median_depth_km,spearman,undirected,candidate,estimable,-0.3818376644,0.3818376644,-1,,744,,3d,2025-08-31T23:00:00+00:00,3.089988033e-27,
CGIE3_ID_02,2025-08,spearman::event_count--median_interevent_time_hours,event_count,median_interevent_time_hours,spearman,undirected,candidate,estimable,-0.4271103039,0.4271103039,-1,,684,,3d,2025-08-31T23:00:00+00:00,1.056293465e-31,
CGIE3_ID_02,2025-08,spearman::event_count--spatial_dispersion_km,event_count,spatial_dispersion_km,spearman,undirected,candidate,estimable,0.3520350767,0.3520350767,1,,684,,3d,2025-08-31T23:00:00+00:00,2.187150784e-21,
CGIE3_ID_02,2025-08,spearman::event_count--temporal_burstiness,event_count,temporal_burstiness,spearman,undirected,candidate,estimable,0.4334573251,0.4334573251,1,,643,,3d,2025-08-31T23:00:00+00:00,7.778555715e-31,
CGIE3_ID_02,2025-08,spearman::interevent_time_mad_hours--log10_cumulative_energy_joule,interevent_time_mad_hours,log10_cumulative_energy_joule,spearman,undirected,candidate,estimable,-0.0426399755,0.0426399755,-1,,684,,3d,2025-08-31T23:00:00+00:00,0.2654306962,
CGIE3_ID_02,2025-08,spearman::interevent_time_mad_hours--maximum_magnitude,interevent_time_mad_hours,maximum_magnitude,spearman,undirected,candidate,estimable,-0.09037828327,0.09037828327,-1,,684,,3d,2025-08-31T23:00:00+00:00,0.01806829562,
CGIE3_ID_02,2025-08,spearman::interevent_time_mad_hours--median_depth_km,interevent_time_mad_hours,median_depth_km,spearman,undirected,candidate,estimable,0.09063036454,0.09063036454,1,,684,,3d,2025-08-31T23:00:00+00:00,0.01774785493,
CGIE3_ID_02,2025-08,spearman::interevent_time_mad_hours--median_interevent_time_hours,interevent_time_mad_hours,median_interevent_time_hours,spearman,undirected,candidate,estimable,0.5130307219,0.5130307219,1,,684,,3d,2025-08-31T23:00:00+00:00,3.460192501e-47,
CGIE3_ID_02,2025-08,spearman::interevent_time_mad_hours--spatial_dispersion_km,interevent_time_mad_hours,spatial_dispersion_km,spearman,undirected,candidate,estimable,0.1673748142,0.1673748142,1,,684,,3d,2025-08-31T23:00:00+00:00,1.080058739e-05,
CGIE3_ID_02,2025-08,spearman::interevent_time_mad_hours--temporal_burstiness,interevent_time_mad_hours,temporal_burstiness,spearman,undirected,candidate,estimable,-0.5341119003,0.5341119003,-1,,643,,3d,2025-08-31T23:00:00+00:00,1.04826872e-48,
CGIE3_ID_02,2025-08,spearman::log10_cumulative_energy_joule--maximum_magnitude,log10_cumulative_energy_joule,maximum_magnitude,spearman,undirected,candidate,estimable,0.9836067391,0.9836067391,1,,744,,3d,2025-08-31T23:00:00+00:00,0,
CGIE3_ID_02,2025-08,spearman::log10_cumulative_energy_joule--median_depth_km,log10_cumulative_energy_joule,median_depth_km,spearman,undirected,candidate,estimable,-0.3061507547,0.3061507547,-1,,744,,3d,2025-08-31T23:00:00+00:00,1.312382461e-17,
CGIE3_ID_02,2025-08,spearman::log10_cumulative_energy_joule--median_interevent_time_hours,log10_cumulative_energy_joule,median_interevent_time_hours,spearman,undirected,candidate,estimable,0.02001859497,0.02001859497,1,,684,,3d,2025-08-31T23:00:00+00:00,0.6012185515,
CGIE3_ID_02,2025-08,spearman::log10_cumulative_energy_joule--spatial_dispersion_km,log10_cumulative_energy_joule,spatial_dispersion_km,spearman,undirected,candidate,estimable,0.08196160616,0.08196160616,1,,684,,3d,2025-08-31T23:00:00+00:00,0.03209218916,
CGIE3_ID_02,2025-08,spearman::log10_cumulative_energy_joule--temporal_burstiness,log10_cumulative_energy_joule,temporal_burstiness,spearman,undirected,candidate,estimable,-0.2059510859,0.2059510859,-1,,643,,3d,2025-08-31T23:00:00+00:00,1.373059111e-07,
CGIE3_ID_02,2025-08,spearman::maximum_magnitude--median_depth_km,maximum_magnitude,median_depth_km,spearman,undirected,candidate,estimable,-0.3019050652,0.3019050652,-1,,744,,3d,2025-08-31T23:00:00+00:00,3.821946889e-17,
CGIE3_ID_02,2025-08,spearman::maximum_magnitude--median_interevent_time_hours,maximum_magnitude,median_interevent_time_hours,spearman,undirected,candidate,estimable,0.04062269983,0.04062269983,1,,684,,3d,2025-08-31T23:00:00+00:00,0.2887279808,
CGIE3_ID_02,2025-08,spearman::maximum_magnitude--spatial_dispersion_km,maximum_magnitude,spatial_dispersion_km,spearman,undirected,candidate,estimable,0.0533038058,0.0533038058,1,,684,,3d,2025-08-31T23:00:00+00:00,0.1637662912,
CGIE3_ID_02,2025-08,spearman::maximum_magnitude--temporal_burstiness,maximum_magnitude,temporal_burstiness,spearman,undirected,candidate,estimable,-0.2421326558,0.2421326558,-1,,643,,3d,2025-08-31T23:00:00+00:00,4.948840757e-10,
CGIE3_ID_02,2025-08,spearman::median_depth_km--median_interevent_time_hours,median_depth_km,median_interevent_time_hours,spearman,undirected,candidate,estimable,0.183971556,0.183971556,1,,684,,3d,2025-08-31T23:00:00+00:00,1.271964445e-06,
CGIE3_ID_02,2025-08,spearman::median_depth_km--spatial_dispersion_km,median_depth_km,spatial_dispersion_km,spearman,undirected,candidate,estimable,-0.1651395461,0.1651395461,-1,,684,,3d,2025-08-31T23:00:00+00:00,1.419016807e-05,
CGIE3_ID_02,2025-08,spearman::median_depth_km--temporal_burstiness,median_depth_km,temporal_burstiness,spearman,undirected,candidate,estimable,-0.1218884794,0.1218884794,-1,,643,,3d,2025-08-31T23:00:00+00:00,0.00195939736,
CGIE3_ID_02,2025-08,spearman::median_interevent_time_hours--spatial_dispersion_km,median_interevent_time_hours,spatial_dispersion_km,spearman,undirected,candidate,estimable,0.1021225089,0.1021225089,1,,684,,3d,2025-08-31T23:00:00+00:00,0.007518602853,
CGIE3_ID_02,2025-08,spearman::median_interevent_time_hours--temporal_burstiness,median_interevent_time_hours,temporal_burstiness,spearman,undirected,candidate,estimable,-0.7956432449,0.7956432449,-1,,643,,3d,2025-08-31T23:00:00+00:00,1.13353393e-141,
CGIE3_ID_02,2025-08,spearman::spatial_dispersion_km--temporal_burstiness,spatial_dispersion_km,temporal_burstiness,spearman,undirected,candidate,estimable,-0.176028733,0.176028733,-1,,643,,3d,2025-08-31T23:00:00+00:00,7.12030026e-06,
CGIE3_ID_02,2025-09,spearman::depth_mad_km--event_count,depth_mad_km,event_count,spearman,undirected,candidate,estimable,0.5377394059,0.5377394059,1,,547,,3d,2025-09-30T23:00:00+00:00,2.56012358e-42,
CGIE3_ID_02,2025-09,spearman::depth_mad_km--interevent_time_mad_hours,depth_mad_km,interevent_time_mad_hours,spearman,undirected,candidate,estimable,0.3117031635,0.3117031635,1,,547,,3d,2025-09-30T23:00:00+00:00,8.645743299e-14,
CGIE3_ID_02,2025-09,spearman::depth_mad_km--log10_cumulative_energy_joule,depth_mad_km,log10_cumulative_energy_joule,spearman,undirected,candidate,estimable,0.2693898019,0.2693898019,1,,547,,3d,2025-09-30T23:00:00+00:00,1.505036554e-10,
CGIE3_ID_02,2025-09,spearman::depth_mad_km--maximum_magnitude,depth_mad_km,maximum_magnitude,spearman,undirected,candidate,estimable,0.2505748288,0.2505748288,1,,547,,3d,2025-09-30T23:00:00+00:00,2.813921772e-09,
CGIE3_ID_02,2025-09,spearman::depth_mad_km--median_depth_km,depth_mad_km,median_depth_km,spearman,undirected,candidate,estimable,-0.4293650102,0.4293650102,-1,,547,,3d,2025-09-30T23:00:00+00:00,6.045638558e-26,
CGIE3_ID_02,2025-09,spearman::depth_mad_km--median_interevent_time_hours,depth_mad_km,median_interevent_time_hours,spearman,undirected,candidate,estimable,-0.3149970937,0.3149970937,-1,,547,,3d,2025-09-30T23:00:00+00:00,4.586625133e-14,
CGIE3_ID_02,2025-09,spearman::depth_mad_km--spatial_dispersion_km,depth_mad_km,spatial_dispersion_km,spearman,undirected,candidate,estimable,0.3668258207,0.3668258207,1,,547,,3d,2025-09-30T23:00:00+00:00,7.261540813e-19,
CGIE3_ID_02,2025-09,spearman::depth_mad_km--temporal_burstiness,depth_mad_km,temporal_burstiness,spearman,undirected,candidate,estimable,0.3561273844,0.3561273844,1,,399,,3d,2025-09-30T23:00:00+00:00,2.248571603e-13,
CGIE3_ID_02,2025-09,spearman::event_count--interevent_time_mad_hours,event_count,interevent_time_mad_hours,spearman,undirected,candidate,estimable,0.3440076674,0.3440076674,1,,547,,3d,2025-09-30T23:00:00+00:00,1.217969888e-16,
CGIE3_ID_02,2025-09,spearman::event_count--log10_cumulative_energy_joule,event_count,log10_cumulative_energy_joule,spearman,undirected,candidate,estimable,0.7130762729,0.7130762729,1,,697,,3d,2025-09-30T23:00:00+00:00,2.743497235e-109,
CGIE3_ID_02,2025-09,spearman::event_count--maximum_magnitude,event_count,maximum_magnitude,spearman,undirected,candidate,estimable,0.5045940859,0.5045940859,1,,697,,3d,2025-09-30T23:00:00+00:00,2.680899833e-46,
CGIE3_ID_02,2025-09,spearman::event_count--median_depth_km,event_count,median_depth_km,spearman,undirected,candidate,estimable,-0.4984470666,0.4984470666,-1,,697,,3d,2025-09-30T23:00:00+00:00,4.750893539e-45,
CGIE3_ID_02,2025-09,spearman::event_count--median_interevent_time_hours,event_count,median_interevent_time_hours,spearman,undirected,candidate,estimable,-0.8346048562,0.8346048562,-1,,547,,3d,2025-09-30T23:00:00+00:00,2.982007879e-143,
CGIE3_ID_02,2025-09,spearman::event_count--spatial_dispersion_km,event_count,spatial_dispersion_km,spearman,undirected,candidate,estimable,0.02246443233,0.02246443233,1,,547,,3d,2025-09-30T23:00:00+00:00,0.6000955561,
CGIE3_ID_02,2025-09,spearman::event_count--temporal_burstiness,event_count,temporal_burstiness,spearman,undirected,candidate,estimable,0.8512213547,0.8512213547,1,,399,,3d,2025-09-30T23:00:00+00:00,3.247939293e-113,
CGIE3_ID_02,2025-09,spearman::interevent_time_mad_hours--log10_cumulative_energy_joule,interevent_time_mad_hours,log10_cumulative_energy_joule,spearman,undirected,candidate,estimable,0.1726503285,0.1726503285,1,,547,,3d,2025-09-30T23:00:00+00:00,4.923363129e-05,
CGIE3_ID_02,2025-09,spearman::interevent_time_mad_hours--maximum_magnitude,interevent_time_mad_hours,maximum_magnitude,spearman,undirected,candidate,estimable,0.07704266214,0.07704266214,1,,547,,3d,2025-09-30T23:00:00+00:00,0.07179262429,
CGIE3_ID_02,2025-09,spearman::interevent_time_mad_hours--median_depth_km,interevent_time_mad_hours,median_depth_km,spearman,undirected,candidate,estimable,-0.02542413213,0.02542413213,-1,,547,,3d,2025-09-30T23:00:00+00:00,0.55294289,
CGIE3_ID_02,2025-09,spearman::interevent_time_mad_hours--median_interevent_time_hours,interevent_time_mad_hours,median_interevent_time_hours,spearman,undirected,candidate,estimable,-0.1421115599,0.1421115599,-1,,547,,3d,2025-09-30T23:00:00+00:00,0.0008590341702,
CGIE3_ID_02,2025-09,spearman::interevent_time_mad_hours--spatial_dispersion_km,interevent_time_mad_hours,spatial_dispersion_km,spearman,undirected,candidate,estimable,0.1160901778,0.1160901778,1,,547,,3d,2025-09-30T23:00:00+00:00,0.0065656963,
CGIE3_ID_02,2025-09,spearman::interevent_time_mad_hours--temporal_burstiness,interevent_time_mad_hours,temporal_burstiness,spearman,undirected,candidate,estimable,-0.5628269828,0.5628269828,-1,,399,,3d,2025-09-30T23:00:00+00:00,1.024667897e-34,
CGIE3_ID_02,2025-09,spearman::log10_cumulative_energy_joule--maximum_magnitude,log10_cumulative_energy_joule,maximum_magnitude,spearman,undirected,candidate,estimable,0.9358706657,0.9358706657,1,,697,,3d,2025-09-30T23:00:00+00:00,0,
CGIE3_ID_02,2025-09,spearman::log10_cumulative_energy_joule--median_depth_km,log10_cumulative_energy_joule,median_depth_km,spearman,undirected,candidate,estimable,-0.2975310534,0.2975310534,-1,,697,,3d,2025-09-30T23:00:00+00:00,1.028996388e-15,
CGIE3_ID_02,2025-09,spearman::log10_cumulative_energy_joule--median_interevent_time_hours,log10_cumulative_energy_joule,median_interevent_time_hours,spearman,undirected,candidate,estimable,-0.7986378004,0.7986378004,-1,,547,,3d,2025-09-30T23:00:00+00:00,2.734615278e-122,
CGIE3_ID_02,2025-09,spearman::log10_cumulative_energy_joule--spatial_dispersion_km,log10_cumulative_energy_joule,spatial_dispersion_km,spearman,undirected,candidate,estimable,-0.4895698191,0.4895698191,-1,,547,,3d,2025-09-30T23:00:00+00:00,2.588119837e-34,
CGIE3_ID_02,2025-09,spearman::log10_cumulative_energy_joule--temporal_burstiness,log10_cumulative_energy_joule,temporal_burstiness,spearman,undirected,candidate,estimable,0.6103330559,0.6103330559,1,,399,,3d,2025-09-30T23:00:00+00:00,4.368482123e-42,
CGIE3_ID_02,2025-09,spearman::maximum_magnitude--median_depth_km,maximum_magnitude,median_depth_km,spearman,undirected,candidate,estimable,-0.1904457129,0.1904457129,-1,,697,,3d,2025-09-30T23:00:00+00:00,4.077214934e-07,
CGIE3_ID_02,2025-09,spearman::maximum_magnitude--median_interevent_time_hours,maximum_magnitude,median_interevent_time_hours,spearman,undirected,candidate,estimable,-0.6375809011,0.6375809011,-1,,547,,3d,2025-09-30T23:00:00+00:00,9.618943115e-64,
CGIE3_ID_02,2025-09,spearman::maximum_magnitude--spatial_dispersion_km,maximum_magnitude,spatial_dispersion_km,spearman,undirected,candidate,estimable,-0.5724394052,0.5724394052,-1,,547,,3d,2025-09-30T23:00:00+00:00,6.129960226e-49,
CGIE3_ID_02,2025-09,spearman::maximum_magnitude--temporal_burstiness,maximum_magnitude,temporal_burstiness,spearman,undirected,candidate,estimable,0.5187372806,0.5187372806,1,,399,,3d,2025-09-30T23:00:00+00:00,7.270986828e-29,
CGIE3_ID_02,2025-09,spearman::median_depth_km--median_interevent_time_hours,median_depth_km,median_interevent_time_hours,spearman,undirected,candidate,estimable,0.4325828532,0.4325828532,1,,547,,3d,2025-09-30T23:00:00+00:00,2.372142308e-26,
CGIE3_ID_02,2025-09,spearman::median_depth_km--spatial_dispersion_km,median_depth_km,spatial_dispersion_km,spearman,undirected,candidate,estimable,-0.1085703601,0.1085703601,-1,,547,,3d,2025-09-30T23:00:00+00:00,0.01105507395,
CGIE3_ID_02,2025-09,spearman::median_depth_km--temporal_burstiness,median_depth_km,temporal_burstiness,spearman,undirected,candidate,estimable,-0.8254208291,0.8254208291,-1,,399,,3d,2025-09-30T23:00:00+00:00,1.262236714e-100,
CGIE3_ID_02,2025-09,spearman::median_interevent_time_hours--spatial_dispersion_km,median_interevent_time_hours,spatial_dispersion_km,spearman,undirected,candidate,estimable,0.2529634651,0.2529634651,1,,547,,3d,2025-09-30T23:00:00+00:00,1.965290459e-09,
CGIE3_ID_02,2025-09,spearman::median_interevent_time_hours--temporal_burstiness,median_interevent_time_hours,temporal_burstiness,spearman,undirected,candidate,estimable,-0.7663430202,0.7663430202,-1,,399,,3d,2025-09-30T23:00:00+00:00,2.656848898e-78,
CGIE3_ID_02,2025-09,spearman::spatial_dispersion_km--temporal_burstiness,spatial_dispersion_km,temporal_burstiness,spearman,undirected,candidate,estimable,-0.1753119118,0.1753119118,-1,,399,,3d,2025-09-30T23:00:00+00:00,0.0004345663425,
CGIE3_ID_02,2025-10,spearman::depth_mad_km--event_count,depth_mad_km,event_count,spearman,undirected,candidate,estimable,-0.2408071262,0.2408071262,-1,,735,,3d,2025-10-31T23:00:00+00:00,3.716396598e-11,
CGIE3_ID_02,2025-10,spearman::depth_mad_km--interevent_time_mad_hours,depth_mad_km,interevent_time_mad_hours,spearman,undirected,candidate,estimable,0.2872130005,0.2872130005,1,,735,,3d,2025-10-31T23:00:00+00:00,2.00137599e-15,
CGIE3_ID_02,2025-10,spearman::depth_mad_km--log10_cumulative_energy_joule,depth_mad_km,log10_cumulative_energy_joule,spearman,undirected,candidate,estimable,-0.2253841704,0.2253841704,-1,,735,,3d,2025-10-31T23:00:00+00:00,6.424507166e-10,
CGIE3_ID_02,2025-10,spearman::depth_mad_km--maximum_magnitude,depth_mad_km,maximum_magnitude,spearman,undirected,candidate,estimable,-0.1314426942,0.1314426942,-1,,735,,3d,2025-10-31T23:00:00+00:00,0.0003529479462,
CGIE3_ID_02,2025-10,spearman::depth_mad_km--median_depth_km,depth_mad_km,median_depth_km,spearman,undirected,candidate,estimable,-0.4340766495,0.4340766495,-1,,735,,3d,2025-10-31T23:00:00+00:00,3.968273595e-35,
CGIE3_ID_02,2025-10,spearman::depth_mad_km--median_interevent_time_hours,depth_mad_km,median_interevent_time_hours,spearman,undirected,candidate,estimable,0.2359957526,0.2359957526,1,,735,,3d,2025-10-31T23:00:00+00:00,9.239751003e-11,
CGIE3_ID_02,2025-10,spearman::depth_mad_km--spatial_dispersion_km,depth_mad_km,spatial_dispersion_km,spearman,undirected,candidate,estimable,0.09373780674,0.09373780674,1,,735,,3d,2025-10-31T23:00:00+00:00,0.01100343503,
CGIE3_ID_02,2025-10,spearman::depth_mad_km--temporal_burstiness,depth_mad_km,temporal_burstiness,spearman,undirected,candidate,estimable,-0.3010130436,0.3010130436,-1,,703,,3d,2025-10-31T23:00:00+00:00,3.439341136e-16,
CGIE3_ID_02,2025-10,spearman::event_count--interevent_time_mad_hours,event_count,interevent_time_mad_hours,spearman,undirected,candidate,estimable,-0.3509938565,0.3509938565,-1,,735,,3d,2025-10-31T23:00:00+00:00,9.851032664e-23,
CGIE3_ID_02,2025-10,spearman::event_count--log10_cumulative_energy_joule,event_count,log10_cumulative_energy_joule,spearman,undirected,candidate,estimable,0.6678158777,0.6678158777,1,,744,,3d,2025-10-31T23:00:00+00:00,3.088306047e-97,
CGIE3_ID_02,2025-10,spearman::event_count--maximum_magnitude,event_count,maximum_magnitude,spearman,undirected,candidate,estimable,0.5026127722,0.5026127722,1,,744,,3d,2025-10-31T23:00:00+00:00,7.040777958e-49,
CGIE3_ID_02,2025-10,spearman::event_count--median_depth_km,event_count,median_depth_km,spearman,undirected,candidate,estimable,0.4874769778,0.4874769778,1,,744,,3d,2025-10-31T23:00:00+00:00,1.146810943e-45,
CGIE3_ID_02,2025-10,spearman::event_count--median_interevent_time_hours,event_count,median_interevent_time_hours,spearman,undirected,candidate,estimable,-0.7299584626,0.7299584626,-1,,735,,3d,2025-10-31T23:00:00+00:00,2.916117146e-123,
CGIE3_ID_02,2025-10,spearman::event_count--spatial_dispersion_km,event_count,spatial_dispersion_km,spearman,undirected,candidate,estimable,-0.2490814392,0.2490814392,-1,,735,,3d,2025-10-31T23:00:00+00:00,7.407475017e-12,
CGIE3_ID_02,2025-10,spearman::event_count--temporal_burstiness,event_count,temporal_burstiness,spearman,undirected,candidate,estimable,0.5688923861,0.5688923861,1,,703,,3d,2025-10-31T23:00:00+00:00,1.585991247e-61,
CGIE3_ID_02,2025-10,spearman::interevent_time_mad_hours--log10_cumulative_energy_joule,interevent_time_mad_hours,log10_cumulative_energy_joule,spearman,undirected,candidate,estimable,-0.1324655764,0.1324655764,-1,,735,,3d,2025-10-31T23:00:00+00:00,0.0003169629313,
CGIE3_ID_02,2025-10,spearman::interevent_time_mad_hours--maximum_magnitude,interevent_time_mad_hours,maximum_magnitude,spearman,undirected,candidate,estimable,-0.01302996028,0.01302996028,-1,,735,,3d,2025-10-31T23:00:00+00:00,0.7243377545,
CGIE3_ID_02,2025-10,spearman::interevent_time_mad_hours--median_depth_km,interevent_time_mad_hours,median_depth_km,spearman,undirected,candidate,estimable,-0.21945922,0.21945922,-1,,735,,3d,2025-10-31T23:00:00+00:00,1.820535456e-09,
CGIE3_ID_02,2025-10,spearman::interevent_time_mad_hours--median_interevent_time_hours,interevent_time_mad_hours,median_interevent_time_hours,spearman,undirected,candidate,estimable,0.6823896392,0.6823896392,1,,735,,3d,2025-10-31T23:00:00+00:00,7.603592853e-102,
CGIE3_ID_02,2025-10,spearman::interevent_time_mad_hours--spatial_dispersion_km,interevent_time_mad_hours,spatial_dispersion_km,spearman,undirected,candidate,estimable,0.130254293,0.130254293,1,,735,,3d,2025-10-31T23:00:00+00:00,0.0003995330244,
CGIE3_ID_02,2025-10,spearman::interevent_time_mad_hours--temporal_burstiness,interevent_time_mad_hours,temporal_burstiness,spearman,undirected,candidate,estimable,-0.8122763722,0.8122763722,-1,,703,,3d,2025-10-31T23:00:00+00:00,2.785828821e-166,
CGIE3_ID_02,2025-10,spearman::log10_cumulative_energy_joule--maximum_magnitude,log10_cumulative_energy_joule,maximum_magnitude,spearman,undirected,candidate,estimable,0.9516282886,0.9516282886,1,,744,,3d,2025-10-31T23:00:00+00:00,0,
CGIE3_ID_02,2025-10,spearman::log10_cumulative_energy_joule--median_depth_km,log10_cumulative_energy_joule,median_depth_km,spearman,undirected,candidate,estimable,0.3597830374,0.3597830374,1,,744,,3d,2025-10-31T23:00:00+00:00,3.726673398e-24,
CGIE3_ID_02,2025-10,spearman::log10_cumulative_energy_joule--median_interevent_time_hours,log10_cumulative_energy_joule,median_interevent_time_hours,spearman,undirected,candidate,estimable,-0.5108361764,0.5108361764,-1,,735,,3d,2025-10-31T23:00:00+00:00,4.241124576e-50,
CGIE3_ID_02,2025-10,spearman::log10_cumulative_energy_joule--spatial_dispersion_km,log10_cumulative_energy_joule,spatial_dispersion_km,spearman,undirected,candidate,estimable,-0.4614871215,0.4614871215,-1,,735,,3d,2025-10-31T23:00:00+00:00,4.826771556e-40,
CGIE3_ID_02,2025-10,spearman::log10_cumulative_energy_joule--temporal_burstiness,log10_cumulative_energy_joule,temporal_burstiness,spearman,undirected,candidate,estimable,0.4970046257,0.4970046257,1,,703,,3d,2025-10-31T23:00:00+00:00,3.931812043e-45,
CGIE3_ID_02,2025-10,spearman::maximum_magnitude--median_depth_km,maximum_magnitude,median_depth_km,spearman,undirected,candidate,estimable,0.2306263353,0.2306263353,1,,744,,3d,2025-10-31T23:00:00+00:00,1.939167427e-10,
CGIE3_ID_02,2025-10,spearman::maximum_magnitude--median_interevent_time_hours,maximum_magnitude,median_interevent_time_hours,spearman,undirected,candidate,estimable,-0.3681116242,0.3681116242,-1,,735,,3d,2025-10-31T23:00:00+00:00,5.282081042e-25,
CGIE3_ID_02,2025-10,spearman::maximum_magnitude--spatial_dispersion_km,maximum_magnitude,spatial_dispersion_km,spearman,undirected,candidate,estimable,-0.3830649129,0.3830649129,-1,,735,,3d,2025-10-31T23:00:00+00:00,4.208841954e-27,
CGIE3_ID_02,2025-10,spearman::maximum_magnitude--temporal_burstiness,maximum_magnitude,temporal_burstiness,spearman,undirected,candidate,estimable,0.3490444313,0.3490444313,1,,703,,3d,2025-10-31T23:00:00+00:00,1.431033526e-21,
CGIE3_ID_02,2025-10,spearman::median_depth_km--median_interevent_time_hours,median_depth_km,median_interevent_time_hours,spearman,undirected,candidate,estimable,-0.2826749956,0.2826749956,-1,,735,,3d,2025-10-31T23:00:00+00:00,5.70220998e-15,
CGIE3_ID_02,2025-10,spearman::median_depth_km--spatial_dispersion_km,median_depth_km,spatial_dispersion_km,spearman,undirected,candidate,estimable,0.04893746583,0.04893746583,1,,735,,3d,2025-10-31T23:00:00+00:00,0.1850803163,
CGIE3_ID_02,2025-10,spearman::median_depth_km--temporal_burstiness,median_depth_km,temporal_burstiness,spearman,undirected,candidate,estimable,0.2621860256,0.2621860256,1,,703,,3d,2025-10-31T23:00:00+00:00,1.627182917e-12,
CGIE3_ID_02,2025-10,spearman::median_interevent_time_hours--spatial_dispersion_km,median_interevent_time_hours,spatial_dispersion_km,spearman,undirected,candidate,estimable,0.2503781363,0.2503781363,1,,735,,3d,2025-10-31T23:00:00+00:00,5.722197021e-12,
CGIE3_ID_02,2025-10,spearman::median_interevent_time_hours--temporal_burstiness,median_interevent_time_hours,temporal_burstiness,spearman,undirected,candidate,estimable,-0.8553249977,0.8553249977,-1,,703,,3d,2025-10-31T23:00:00+00:00,2.216656059e-202,
CGIE3_ID_02,2025-10,spearman::spatial_dispersion_km--temporal_burstiness,spatial_dispersion_km,temporal_burstiness,spearman,undirected,candidate,estimable,-0.310998319,0.310998319,-1,,703,,3d,2025-10-31T23:00:00+00:00,3.135704663e-17,
CGIE3_ID_02,2025-11,spearman::depth_mad_km--event_count,depth_mad_km,event_count,spearman,undirected,candidate,estimable,-0.07343886115,0.07343886115,-1,,720,,3d,2025-11-30T23:00:00+00:00,0.04886038106,
CGIE3_ID_02,2025-11,spearman::depth_mad_km--interevent_time_mad_hours,depth_mad_km,interevent_time_mad_hours,spearman,undirected,candidate,estimable,-0.07475341745,0.07475341745,-1,,720,,3d,2025-11-30T23:00:00+00:00,0.04494533778,
CGIE3_ID_02,2025-11,spearman::depth_mad_km--log10_cumulative_energy_joule,depth_mad_km,log10_cumulative_energy_joule,spearman,undirected,candidate,estimable,-0.1060691262,0.1060691262,-1,,720,,3d,2025-11-30T23:00:00+00:00,0.004382525752,
CGIE3_ID_02,2025-11,spearman::depth_mad_km--maximum_magnitude,depth_mad_km,maximum_magnitude,spearman,undirected,candidate,estimable,-0.03159191022,0.03159191022,-1,,720,,3d,2025-11-30T23:00:00+00:00,0.3973082745,
CGIE3_ID_02,2025-11,spearman::depth_mad_km--median_depth_km,depth_mad_km,median_depth_km,spearman,undirected,candidate,estimable,-0.452915317,0.452915317,-1,,720,,3d,2025-11-30T23:00:00+00:00,1.050163464e-37,
CGIE3_ID_02,2025-11,spearman::depth_mad_km--median_interevent_time_hours,depth_mad_km,median_interevent_time_hours,spearman,undirected,candidate,estimable,-0.1337571414,0.1337571414,-1,,720,,3d,2025-11-30T23:00:00+00:00,0.0003194076634,
CGIE3_ID_02,2025-11,spearman::depth_mad_km--spatial_dispersion_km,depth_mad_km,spatial_dispersion_km,spearman,undirected,candidate,estimable,0.003857400818,0.003857400818,1,,720,,3d,2025-11-30T23:00:00+00:00,0.9177046617,
CGIE3_ID_02,2025-11,spearman::depth_mad_km--temporal_burstiness,depth_mad_km,temporal_burstiness,spearman,undirected,candidate,estimable,0.1655615046,0.1655615046,1,,720,,3d,2025-11-30T23:00:00+00:00,7.983879642e-06,
CGIE3_ID_02,2025-11,spearman::event_count--interevent_time_mad_hours,event_count,interevent_time_mad_hours,spearman,undirected,candidate,estimable,-0.5018288776,0.5018288776,-1,,720,,3d,2025-11-30T23:00:00+00:00,3.443800634e-47,
CGIE3_ID_02,2025-11,spearman::event_count--log10_cumulative_energy_joule,event_count,log10_cumulative_energy_joule,spearman,undirected,candidate,estimable,0.5999733343,0.5999733343,1,,720,,3d,2025-11-30T23:00:00+00:00,1.321095809e-71,
CGIE3_ID_02,2025-11,spearman::event_count--maximum_magnitude,event_count,maximum_magnitude,spearman,undirected,candidate,estimable,0.4940366866,0.4940366866,1,,720,,3d,2025-11-30T23:00:00+00:00,1.420832635e-45,
CGIE3_ID_02,2025-11,spearman::event_count--median_depth_km,event_count,median_depth_km,spearman,undirected,candidate,estimable,0.1082496976,0.1082496976,1,,720,,3d,2025-11-30T23:00:00+00:00,0.003635772964,
CGIE3_ID_02,2025-11,spearman::event_count--median_interevent_time_hours,event_count,median_interevent_time_hours,spearman,undirected,candidate,estimable,-0.5308994954,0.5308994954,-1,,720,,3d,2025-11-30T23:00:00+00:00,1.341241461e-53,
CGIE3_ID_02,2025-11,spearman::event_count--spatial_dispersion_km,event_count,spatial_dispersion_km,spearman,undirected,candidate,estimable,-0.1129708188,0.1129708188,-1,,720,,3d,2025-11-30T23:00:00+00:00,0.002399130431,
CGIE3_ID_02,2025-11,spearman::event_count--temporal_burstiness,event_count,temporal_burstiness,spearman,undirected,candidate,estimable,0.5923976444,0.5923976444,1,,720,,3d,2025-11-30T23:00:00+00:00,2.04867334e-69,
CGIE3_ID_02,2025-11,spearman::interevent_time_mad_hours--log10_cumulative_energy_joule,interevent_time_mad_hours,log10_cumulative_energy_joule,spearman,undirected,candidate,estimable,-0.2047813435,0.2047813435,-1,,720,,3d,2025-11-30T23:00:00+00:00,2.953498091e-08,
CGIE3_ID_02,2025-11,spearman::interevent_time_mad_hours--maximum_magnitude,interevent_time_mad_hours,maximum_magnitude,spearman,undirected,candidate,estimable,-0.1444973174,0.1444973174,-1,,720,,3d,2025-11-30T23:00:00+00:00,9.984388541e-05,
CGIE3_ID_02,2025-11,spearman::interevent_time_mad_hours--median_depth_km,interevent_time_mad_hours,median_depth_km,spearman,undirected,candidate,estimable,0.2934346091,0.2934346091,1,,720,,3d,2025-11-30T23:00:00+00:00,9.162159133e-16,
CGIE3_ID_02,2025-11,spearman::interevent_time_mad_hours--median_interevent_time_hours,interevent_time_mad_hours,median_interevent_time_hours,spearman,undirected,candidate,estimable,0.9671978728,0.9671978728,1,,720,,3d,2025-11-30T23:00:00+00:00,0,
CGIE3_ID_02,2025-11,spearman::interevent_time_mad_hours--spatial_dispersion_km,interevent_time_mad_hours,spatial_dispersion_km,spearman,undirected,candidate,estimable,0.3399501461,0.3399501461,1,,720,,3d,2025-11-30T23:00:00+00:00,6.175651715e-21,
CGIE3_ID_02,2025-11,spearman::interevent_time_mad_hours--temporal_burstiness,interevent_time_mad_hours,temporal_burstiness,spearman,undirected,candidate,estimable,-0.669228243,0.669228243,-1,,720,,3d,2025-11-30T23:00:00+00:00,1.099663381e-94,
CGIE3_ID_02,2025-11,spearman::log10_cumulative_energy_joule--maximum_magnitude,log10_cumulative_energy_joule,maximum_magnitude,spearman,undirected,candidate,estimable,0.9713857631,0.9713857631,1,,720,,3d,2025-11-30T23:00:00+00:00,0,
CGIE3_ID_02,2025-11,spearman::log10_cumulative_energy_joule--median_depth_km,log10_cumulative_energy_joule,median_depth_km,spearman,undirected,candidate,estimable,-0.02834459612,0.02834459612,-1,,720,,3d,2025-11-30T23:00:00+00:00,0.4476154521,
CGIE3_ID_02,2025-11,spearman::log10_cumulative_energy_joule--median_interevent_time_hours,log10_cumulative_energy_joule,median_interevent_time_hours,spearman,undirected,candidate,estimable,-0.1562927889,0.1562927889,-1,,720,,3d,2025-11-30T23:00:00+00:00,2.526691365e-05,
CGIE3_ID_02,2025-11,spearman::log10_cumulative_energy_joule--spatial_dispersion_km,log10_cumulative_energy_joule,spatial_dispersion_km,spearman,undirected,candidate,estimable,-0.1325026654,0.1325026654,-1,,720,,3d,2025-11-30T23:00:00+00:00,0.0003638946244,
CGIE3_ID_02,2025-11,spearman::log10_cumulative_energy_joule--temporal_burstiness,log10_cumulative_energy_joule,temporal_burstiness,spearman,undirected,candidate,estimable,0.3760012155,0.3760012155,1,,720,,3d,2025-11-30T23:00:00+00:00,1.349172616e-25,
CGIE3_ID_02,2025-11,spearman::maximum_magnitude--median_depth_km,maximum_magnitude,median_depth_km,spearman,undirected,candidate,estimable,-0.09649761559,0.09649761559,-1,,720,,3d,2025-11-30T23:00:00+00:00,0.009573855551,
CGIE3_ID_02,2025-11,spearman::maximum_magnitude--median_interevent_time_hours,maximum_magnitude,median_interevent_time_hours,spearman,undirected,candidate,estimable,-0.09443800005,0.09443800005,-1,,720,,3d,2025-11-30T23:00:00+00:00,0.01123501668,
CGIE3_ID_02,2025-11,spearman::maximum_magnitude--spatial_dispersion_km,maximum_magnitude,spatial_dispersion_km,spearman,undirected,candidate,estimable,-0.1226021394,0.1226021394,-1,,720,,3d,2025-11-30T23:00:00+00:00,0.0009790163464,
CGIE3_ID_02,2025-11,spearman::maximum_magnitude--temporal_burstiness,maximum_magnitude,temporal_burstiness,spearman,undirected,candidate,estimable,0.3256403268,0.3256403268,1,,720,,3d,2025-11-30T23:00:00+00:00,3.012687695e-19,
CGIE3_ID_02,2025-11,spearman::median_depth_km--median_interevent_time_hours,median_depth_km,median_interevent_time_hours,spearman,undirected,candidate,estimable,0.308969609,0.308969609,1,,720,,3d,2025-11-30T23:00:00+00:00,2.165015967e-17,
CGIE3_ID_02,2025-11,spearman::median_depth_km--spatial_dispersion_km,median_depth_km,spatial_dispersion_km,spearman,undirected,candidate,estimable,0.3851567777,0.3851567777,1,,720,,3d,2025-11-30T23:00:00+00:00,7.066832687e-27,
CGIE3_ID_02,2025-11,spearman::median_depth_km--temporal_burstiness,median_depth_km,temporal_burstiness,spearman,undirected,candidate,estimable,-0.1206545182,0.1206545182,-1,,720,,3d,2025-11-30T23:00:00+00:00,0.00117974541,
CGIE3_ID_02,2025-11,spearman::median_interevent_time_hours--spatial_dispersion_km,median_interevent_time_hours,spatial_dispersion_km,spearman,undirected,candidate,estimable,0.3784953383,0.3784953383,1,,720,,3d,2025-11-30T23:00:00+00:00,6.097757001e-26,
CGIE3_ID_02,2025-11,spearman::median_interevent_time_hours--temporal_burstiness,median_interevent_time_hours,temporal_burstiness,spearman,undirected,candidate,estimable,-0.6697834958,0.6697834958,-1,,720,,3d,2025-11-30T23:00:00+00:00,6.773501697e-95,
CGIE3_ID_02,2025-11,spearman::spatial_dispersion_km--temporal_burstiness,spatial_dispersion_km,temporal_burstiness,spearman,undirected,candidate,estimable,-0.3625075394,0.3625075394,-1,,720,,3d,2025-11-30T23:00:00+00:00,8.804895359e-24,
CGIE3_ID_02,2025-12,spearman::depth_mad_km--event_count,depth_mad_km,event_count,spearman,undirected,candidate,estimable,0.3542625398,0.3542625398,1,,592,,3d,2025-12-31T23:00:00+00:00,6.038021831e-19,
CGIE3_ID_02,2025-12,spearman::depth_mad_km--interevent_time_mad_hours,depth_mad_km,interevent_time_mad_hours,spearman,undirected,candidate,estimable,0.00843081347,0.00843081347,1,,592,,3d,2025-12-31T23:00:00+00:00,0.8378060271,
CGIE3_ID_02,2025-12,spearman::depth_mad_km--log10_cumulative_energy_joule,depth_mad_km,log10_cumulative_energy_joule,spearman,undirected,candidate,estimable,-0.3119094571,0.3119094571,-1,,592,,3d,2025-12-31T23:00:00+00:00,7.995212269e-15,
CGIE3_ID_02,2025-12,spearman::depth_mad_km--maximum_magnitude,depth_mad_km,maximum_magnitude,spearman,undirected,candidate,estimable,-0.4168970093,0.4168970093,-1,,592,,3d,2025-12-31T23:00:00+00:00,2.707254491e-26,
CGIE3_ID_02,2025-12,spearman::depth_mad_km--median_depth_km,depth_mad_km,median_depth_km,spearman,undirected,candidate,estimable,-0.1840541359,0.1840541359,-1,,592,,3d,2025-12-31T23:00:00+00:00,6.564924496e-06,
CGIE3_ID_02,2025-12,spearman::depth_mad_km--median_interevent_time_hours,depth_mad_km,median_interevent_time_hours,spearman,undirected,candidate,estimable,-0.1486437845,0.1486437845,-1,,592,,3d,2025-12-31T23:00:00+00:00,0.0002843055975,
CGIE3_ID_02,2025-12,spearman::depth_mad_km--spatial_dispersion_km,depth_mad_km,spatial_dispersion_km,spearman,undirected,candidate,estimable,0.2671453234,0.2671453234,1,,592,,3d,2025-12-31T23:00:00+00:00,3.931654515e-11,
CGIE3_ID_02,2025-12,spearman::depth_mad_km--temporal_burstiness,depth_mad_km,temporal_burstiness,spearman,undirected,candidate,estimable,0.1899396991,0.1899396991,1,,446,,3d,2025-12-31T23:00:00+00:00,5.417788303e-05,
CGIE3_ID_02,2025-12,spearman::event_count--interevent_time_mad_hours,event_count,interevent_time_mad_hours,spearman,undirected,candidate,estimable,0.3862735424,0.3862735424,1,,592,,3d,2025-12-31T23:00:00+00:00,1.672488585e-22,
CGIE3_ID_02,2025-12,spearman::event_count--log10_cumulative_energy_joule,event_count,log10_cumulative_energy_joule,spearman,undirected,candidate,estimable,0.3506005197,0.3506005197,1,,706,,3d,2025-12-31T23:00:00+00:00,7.560978545e-22,
CGIE3_ID_02,2025-12,spearman::event_count--maximum_magnitude,event_count,maximum_magnitude,spearman,undirected,candidate,estimable,0.1899710649,0.1899710649,1,,706,,3d,2025-12-31T23:00:00+00:00,3.67453264e-07,
CGIE3_ID_02,2025-12,spearman::event_count--median_depth_km,event_count,median_depth_km,spearman,undirected,candidate,estimable,-0.1918553375,0.1918553375,-1,,706,,3d,2025-12-31T23:00:00+00:00,2.799324162e-07,
CGIE3_ID_02,2025-12,spearman::event_count--median_interevent_time_hours,event_count,median_interevent_time_hours,spearman,undirected,candidate,estimable,-0.3298470937,0.3298470937,-1,,592,,3d,2025-12-31T23:00:00+00:00,1.71794215e-16,
CGIE3_ID_02,2025-12,spearman::event_count--spatial_dispersion_km,event_count,spatial_dispersion_km,spearman,undirected,candidate,estimable,0.2798070543,0.2798070543,1,,592,,3d,2025-12-31T23:00:00+00:00,4.133023407e-12,
CGIE3_ID_02,2025-12,spearman::event_count--temporal_burstiness,event_count,temporal_burstiness,spearman,undirected,candidate,estimable,0.1995419797,0.1995419797,1,,446,,3d,2025-12-31T23:00:00+00:00,2.185846435e-05,
CGIE3_ID_02,2025-12,spearman::interevent_time_mad_hours--log10_cumulative_energy_joule,interevent_time_mad_hours,log10_cumulative_energy_joule,spearman,undirected,candidate,estimable,0.2313056475,0.2313056475,1,,592,,3d,2025-12-31T23:00:00+00:00,1.245330191e-08,
CGIE3_ID_02,2025-12,spearman::interevent_time_mad_hours--maximum_magnitude,interevent_time_mad_hours,maximum_magnitude,spearman,undirected,candidate,estimable,0.2200655854,0.2200655854,1,,592,,3d,2025-12-31T23:00:00+00:00,6.317836035e-08,
CGIE3_ID_02,2025-12,spearman::interevent_time_mad_hours--median_depth_km,interevent_time_mad_hours,median_depth_km,spearman,undirected,candidate,estimable,0.2704485649,0.2704485649,1,,592,,3d,2025-12-31T23:00:00+00:00,2.209200803e-11,
CGIE3_ID_02,2025-12,spearman::interevent_time_mad_hours--median_interevent_time_hours,interevent_time_mad_hours,median_interevent_time_hours,spearman,undirected,candidate,estimable,0.1786633687,0.1786633687,1,,592,,3d,2025-12-31T23:00:00+00:00,1.224870971e-05,
CGIE3_ID_02,2025-12,spearman::interevent_time_mad_hours--spatial_dispersion_km,interevent_time_mad_hours,spatial_dispersion_km,spearman,undirected,candidate,estimable,0.3821554948,0.3821554948,1,,592,,3d,2025-12-31T23:00:00+00:00,5.052991269e-22,
CGIE3_ID_02,2025-12,spearman::interevent_time_mad_hours--temporal_burstiness,interevent_time_mad_hours,temporal_burstiness,spearman,undirected,candidate,estimable,-0.1128199107,0.1128199107,-1,,446,,3d,2025-12-31T23:00:00+00:00,0.01714705534,
CGIE3_ID_02,2025-12,spearman::log10_cumulative_energy_joule--maximum_magnitude,log10_cumulative_energy_joule,maximum_magnitude,spearman,undirected,candidate,estimable,0.9626676902,0.9626676902,1,,706,,3d,2025-12-31T23:00:00+00:00,0,
CGIE3_ID_02,2025-12,spearman::log10_cumulative_energy_joule--median_depth_km,log10_cumulative_energy_joule,median_depth_km,spearman,undirected,candidate,estimable,0.1222137701,0.1222137701,1,,706,,3d,2025-12-31T23:00:00+00:00,0.001138920973,
CGIE3_ID_02,2025-12,spearman::log10_cumulative_energy_joule--median_interevent_time_hours,log10_cumulative_energy_joule,median_interevent_time_hours,spearman,undirected,candidate,estimable,-0.3420210403,0.3420210403,-1,,592,,3d,2025-12-31T23:00:00+00:00,1.092566628e-17,
CGIE3_ID_02,2025-12,spearman::log10_cumulative_energy_joule--spatial_dispersion_km,log10_cumulative_energy_joule,spatial_dispersion_km,spearman,undirected,candidate,estimable,-0.1118227709,0.1118227709,-1,,592,,3d,2025-12-31T23:00:00+00:00,0.006458218197,
CGIE3_ID_02,2025-12,spearman::log10_cumulative_energy_joule--temporal_burstiness,log10_cumulative_energy_joule,temporal_burstiness,spearman,undirected,candidate,estimable,0.2743969883,0.2743969883,1,,446,,3d,2025-12-31T23:00:00+00:00,3.812748776e-09,
CGIE3_ID_02,2025-12,spearman::maximum_magnitude--median_depth_km,maximum_magnitude,median_depth_km,spearman,undirected,candidate,estimable,0.2078738346,0.2078738346,1,,706,,3d,2025-12-31T23:00:00+00:00,2.481513355e-08,
CGIE3_ID_02,2025-12,spearman::maximum_magnitude--median_interevent_time_hours,maximum_magnitude,median_interevent_time_hours,spearman,undirected,candidate,estimable,-0.299000447,0.299000447,-1,,592,,3d,2025-12-31T23:00:00+00:00,1.083825287e-13,
CGIE3_ID_02,2025-12,spearman::maximum_magnitude--spatial_dispersion_km,maximum_magnitude,spatial_dispersion_km,spearman,undirected,candidate,estimable,-0.1127965552,0.1127965552,-1,,592,,3d,2025-12-31T23:00:00+00:00,0.006006415715,
CGIE3_ID_02,2025-12,spearman::maximum_magnitude--temporal_burstiness,maximum_magnitude,temporal_burstiness,spearman,undirected,candidate,estimable,0.2098768718,0.2098768718,1,,446,,3d,2025-12-31T23:00:00+00:00,7.830402849e-06,
CGIE3_ID_02,2025-12,spearman::median_depth_km--median_interevent_time_hours,median_depth_km,median_interevent_time_hours,spearman,undirected,candidate,estimable,0.1135196544,0.1135196544,1,,592,,3d,2025-12-31T23:00:00+00:00,0.005689520956,
CGIE3_ID_02,2025-12,spearman::median_depth_km--spatial_dispersion_km,median_depth_km,spatial_dispersion_km,spearman,undirected,candidate,estimable,0.1953032263,0.1953032263,1,,592,,3d,2025-12-31T23:00:00+00:00,1.68390748e-06,
CGIE3_ID_02,2025-12,spearman::median_depth_km--temporal_burstiness,median_depth_km,temporal_burstiness,spearman,undirected,candidate,estimable,-0.5368409306,0.5368409306,-1,,446,,3d,2025-12-31T23:00:00+00:00,1.173556269e-34,
CGIE3_ID_02,2025-12,spearman::median_interevent_time_hours--spatial_dispersion_km,median_interevent_time_hours,spatial_dispersion_km,spearman,undirected,candidate,estimable,0.1903994221,0.1903994221,1,,592,,3d,2025-12-31T23:00:00+00:00,3.077586794e-06,
CGIE3_ID_02,2025-12,spearman::median_interevent_time_hours--temporal_burstiness,median_interevent_time_hours,temporal_burstiness,spearman,undirected,candidate,estimable,-0.7287700575,0.7287700575,-1,,446,,3d,2025-12-31T23:00:00+00:00,4.933757289e-75,
CGIE3_ID_02,2025-12,spearman::spatial_dispersion_km--temporal_burstiness,spatial_dispersion_km,temporal_burstiness,spearman,undirected,candidate,estimable,-0.3554981469,0.3554981469,-1,,446,,3d,2025-12-31T23:00:00+00:00,9.871996172e-15,
CGIE3_ID_02,2025-01,spearman::depth_mad_km--event_count,depth_mad_km,event_count,spearman,undirected,candidate,estimable,0.7118286381,0.7118286381,1,,660,,7d,2025-01-31T23:00:00+00:00,4.711969238e-103,
CGIE3_ID_02,2025-01,spearman::depth_mad_km--interevent_time_mad_hours,depth_mad_km,interevent_time_mad_hours,spearman,undirected,candidate,estimable,-0.1622925113,0.1622925113,-1,,660,,7d,2025-01-31T23:00:00+00:00,2.798528864e-05,
CGIE3_ID_02,2025-01,spearman::depth_mad_km--log10_cumulative_energy_joule,depth_mad_km,log10_cumulative_energy_joule,spearman,undirected,candidate,estimable,0.4786489326,0.4786489326,1,,660,,7d,2025-01-31T23:00:00+00:00,4.284750846e-39,
CGIE3_ID_02,2025-01,spearman::depth_mad_km--maximum_magnitude,depth_mad_km,maximum_magnitude,spearman,undirected,candidate,estimable,0.430812288,0.430812288,1,,660,,7d,2025-01-31T23:00:00+00:00,3.321186064e-31,
CGIE3_ID_02,2025-01,spearman::depth_mad_km--median_depth_km,depth_mad_km,median_depth_km,spearman,undirected,candidate,estimable,-0.6245979319,0.6245979319,-1,,660,,7d,2025-01-31T23:00:00+00:00,1.098601269e-72,
CGIE3_ID_02,2025-01,spearman::depth_mad_km--median_interevent_time_hours,depth_mad_km,median_interevent_time_hours,spearman,undirected,candidate,estimable,-0.6055014326,0.6055014326,-1,,660,,7d,2025-01-31T23:00:00+00:00,2.846318984e-67,
CGIE3_ID_02,2025-01,spearman::depth_mad_km--spatial_dispersion_km,depth_mad_km,spatial_dispersion_km,spearman,undirected,candidate,estimable,-0.511245938,0.511245938,-1,,660,,7d,2025-01-31T23:00:00+00:00,3.12025645e-45,
CGIE3_ID_02,2025-01,spearman::depth_mad_km--temporal_burstiness,depth_mad_km,temporal_burstiness,spearman,undirected,candidate,estimable,0.6333232475,0.6333232475,1,,587,,7d,2025-01-31T23:00:00+00:00,3.907894733e-67,
CGIE3_ID_02,2025-01,spearman::event_count--interevent_time_mad_hours,event_count,interevent_time_mad_hours,spearman,undirected,candidate,estimable,-0.09521524486,0.09521524486,-1,,660,,7d,2025-01-31T23:00:00+00:00,0.01440313681,
CGIE3_ID_02,2025-01,spearman::event_count--log10_cumulative_energy_joule,event_count,log10_cumulative_energy_joule,spearman,undirected,candidate,estimable,0.8117113349,0.8117113349,1,,703,,7d,2025-01-31T23:00:00+00:00,7.165956872e-166,
CGIE3_ID_02,2025-01,spearman::event_count--maximum_magnitude,event_count,maximum_magnitude,spearman,undirected,candidate,estimable,0.7051750564,0.7051750564,1,,703,,7d,2025-01-31T23:00:00+00:00,8.857105459e-107,
CGIE3_ID_02,2025-01,spearman::event_count--median_depth_km,event_count,median_depth_km,spearman,undirected,candidate,estimable,-0.5116801538,0.5116801538,-1,,703,,7d,2025-01-31T23:00:00+00:00,3.62898624e-48,
CGIE3_ID_02,2025-01,spearman::event_count--median_interevent_time_hours,event_count,median_interevent_time_hours,spearman,undirected,candidate,estimable,-0.6734310515,0.6734310515,-1,,660,,7d,2025-01-31T23:00:00+00:00,2.12956838e-88,
CGIE3_ID_02,2025-01,spearman::event_count--spatial_dispersion_km,event_count,spatial_dispersion_km,spearman,undirected,candidate,estimable,-0.3158312405,0.3158312405,-1,,660,,7d,2025-01-31T23:00:00+00:00,9.3978298e-17,
CGIE3_ID_02,2025-01,spearman::event_count--temporal_burstiness,event_count,temporal_burstiness,spearman,undirected,candidate,estimable,0.6058913765,0.6058913765,1,,587,,7d,2025-01-31T23:00:00+00:00,4.208775797e-60,
CGIE3_ID_02,2025-01,spearman::interevent_time_mad_hours--log10_cumulative_energy_joule,interevent_time_mad_hours,log10_cumulative_energy_joule,spearman,undirected,candidate,estimable,-0.1375136945,0.1375136945,-1,,660,,7d,2025-01-31T23:00:00+00:00,0.0003956945729,
CGIE3_ID_02,2025-01,spearman::interevent_time_mad_hours--maximum_magnitude,interevent_time_mad_hours,maximum_magnitude,spearman,undirected,candidate,estimable,-0.2602044036,0.2602044036,-1,,660,,7d,2025-01-31T23:00:00+00:00,1.126069483e-11,
CGIE3_ID_02,2025-01,spearman::interevent_time_mad_hours--median_depth_km,interevent_time_mad_hours,median_depth_km,spearman,undirected,candidate,estimable,0.2648437719,0.2648437719,1,,660,,7d,2025-01-31T23:00:00+00:00,4.681503242e-12,
CGIE3_ID_02,2025-01,spearman::interevent_time_mad_hours--median_interevent_time_hours,interevent_time_mad_hours,median_interevent_time_hours,spearman,undirected,candidate,estimable,0.5127368335,0.5127368335,1,,660,,7d,2025-01-31T23:00:00+00:00,1.57511841e-45,
CGIE3_ID_02,2025-01,spearman::interevent_time_mad_hours--spatial_dispersion_km,interevent_time_mad_hours,spatial_dispersion_km,spearman,undirected,candidate,estimable,0.290000863,0.290000863,1,,660,,7d,2025-01-31T23:00:00+00:00,2.960077601e-14,
CGIE3_ID_02,2025-01,spearman::interevent_time_mad_hours--temporal_burstiness,interevent_time_mad_hours,temporal_burstiness,spearman,undirected,candidate,estimable,-0.7695542232,0.7695542232,-1,,587,,7d,2025-01-31T23:00:00+00:00,4.819180348e-116,
CGIE3_ID_02,2025-01,spearman::log10_cumulative_energy_joule--maximum_magnitude,log10_cumulative_energy_joule,maximum_magnitude,spearman,undirected,candidate,estimable,0.9719275567,0.9719275567,1,,703,,7d,2025-01-31T23:00:00+00:00,0,
CGIE3_ID_02,2025-01,spearman::log10_cumulative_energy_joule--median_depth_km,log10_cumulative_energy_joule,median_depth_km,spearman,undirected,candidate,estimable,-0.4798611584,0.4798611584,-1,,703,,7d,2025-01-31T23:00:00+00:00,9.078825996e-42,
CGIE3_ID_02,2025-01,spearman::log10_cumulative_energy_joule--median_interevent_time_hours,log10_cumulative_energy_joule,median_interevent_time_hours,spearman,undirected,candidate,estimable,-0.5514848974,0.5514848974,-1,,660,,7d,2025-01-31T23:00:00+00:00,8.71438865e-54,
CGIE3_ID_02,2025-01,spearman::log10_cumulative_energy_joule--spatial_dispersion_km,log10_cumulative_energy_joule,spatial_dispersion_km,spearman,undirected,candidate,estimable,-0.2692503426,0.2692503426,-1,,660,,7d,2025-01-31T23:00:00+00:00,2.001676483e-12,
CGIE3_ID_02,2025-01,spearman::log10_cumulative_energy_joule--temporal_burstiness,log10_cumulative_energy_joule,temporal_burstiness,spearman,undirected,candidate,estimable,0.5415816517,0.5415816517,1,,587,,7d,2025-01-31T23:00:00+00:00,4.809404795e-46,
CGIE3_ID_02,2025-01,spearman::maximum_magnitude--median_depth_km,maximum_magnitude,median_depth_km,spearman,undirected,candidate,estimable,-0.4892289044,0.4892289044,-1,,703,,7d,2025-01-31T23:00:00+00:00,1.392469161e-43,
CGIE3_ID_02,2025-01,spearman::maximum_magnitude--median_interevent_time_hours,maximum_magnitude,median_interevent_time_hours,spearman,undirected,candidate,estimable,-0.5550677171,0.5550677171,-1,,660,,7d,2025-01-31T23:00:00+00:00,1.321512514e-54,
CGIE3_ID_02,2025-01,spearman::maximum_magnitude--spatial_dispersion_km,maximum_magnitude,spatial_dispersion_km,spearman,undirected,candidate,estimable,-0.3277748365,0.3277748365,-1,,660,,7d,2025-01-31T23:00:00+00:00,5.396075214e-18,
CGIE3_ID_02,2025-01,spearman::maximum_magnitude--temporal_burstiness,maximum_magnitude,temporal_burstiness,spearman,undirected,candidate,estimable,0.5698734591,0.5698734591,1,,587,,7d,2025-01-31T23:00:00+00:00,7.554105298e-52,
CGIE3_ID_02,2025-01,spearman::median_depth_km--median_interevent_time_hours,median_depth_km,median_interevent_time_hours,spearman,undirected,candidate,estimable,0.5650720023,0.5650720023,1,,660,,7d,2025-01-31T23:00:00+00:00,6.029370498e-57,
CGIE3_ID_02,2025-01,spearman::median_depth_km--spatial_dispersion_km,median_depth_km,spatial_dispersion_km,spearman,undirected,candidate,estimable,0.345489527,0.345489527,1,,660,,7d,2025-01-31T23:00:00+00:00,6.133213345e-20,
CGIE3_ID_02,2025-01,spearman::median_depth_km--temporal_burstiness,median_depth_km,temporal_burstiness,spearman,undirected,candidate,estimable,-0.3559820638,0.3559820638,-1,,587,,7d,2025-01-31T23:00:00+00:00,5.60691609e-19,
CGIE3_ID_02,2025-01,spearman::median_interevent_time_hours--spatial_dispersion_km,median_interevent_time_hours,spatial_dispersion_km,spearman,undirected,candidate,estimable,0.6029585383,0.6029585383,1,,660,,7d,2025-01-31T23:00:00+00:00,1.404952597e-66,
CGIE3_ID_02,2025-01,spearman::median_interevent_time_hours--temporal_burstiness,median_interevent_time_hours,temporal_burstiness,spearman,undirected,candidate,estimable,-0.7819128546,0.7819128546,-1,,587,,7d,2025-01-31T23:00:00+00:00,3.615212512e-122,
CGIE3_ID_02,2025-01,spearman::spatial_dispersion_km--temporal_burstiness,spatial_dispersion_km,temporal_burstiness,spearman,undirected,candidate,estimable,-0.6030225566,0.6030225566,-1,,587,,7d,2025-01-31T23:00:00+00:00,2.091249751e-59,
CGIE3_ID_02,2025-02,spearman::depth_mad_km--event_count,depth_mad_km,event_count,spearman,undirected,candidate,estimable,0.6280943046,0.6280943046,1,,672,,7d,2025-02-28T23:00:00+00:00,4.981714207e-75,
CGIE3_ID_02,2025-02,spearman::depth_mad_km--interevent_time_mad_hours,depth_mad_km,interevent_time_mad_hours,spearman,undirected,candidate,estimable,0.2946127561,0.2946127561,1,,672,,7d,2025-02-28T23:00:00+00:00,6.353943564e-15,
CGIE3_ID_02,2025-02,spearman::depth_mad_km--log10_cumulative_energy_joule,depth_mad_km,log10_cumulative_energy_joule,spearman,undirected,candidate,estimable,0.4900372534,0.4900372534,1,,672,,7d,2025-02-28T23:00:00+00:00,6.964799924e-42,
CGIE3_ID_02,2025-02,spearman::depth_mad_km--maximum_magnitude,depth_mad_km,maximum_magnitude,spearman,undirected,candidate,estimable,0.4465231712,0.4465231712,1,,672,,7d,2025-02-28T23:00:00+00:00,3.045510073e-34,
CGIE3_ID_02,2025-02,spearman::depth_mad_km--median_depth_km,depth_mad_km,median_depth_km,spearman,undirected,candidate,estimable,-0.3431980489,0.3431980489,-1,,672,,7d,2025-02-28T23:00:00+00:00,5.199190829e-20,
CGIE3_ID_02,2025-02,spearman::depth_mad_km--median_interevent_time_hours,depth_mad_km,median_interevent_time_hours,spearman,undirected,candidate,estimable,0.3002644587,0.3002644587,1,,672,,7d,2025-02-28T23:00:00+00:00,1.813121574e-15,
CGIE3_ID_02,2025-02,spearman::depth_mad_km--spatial_dispersion_km,depth_mad_km,spatial_dispersion_km,spearman,undirected,candidate,estimable,0.3549133571,0.3549133571,1,,672,,7d,2025-02-28T23:00:00+00:00,2.221523962e-21,
CGIE3_ID_02,2025-02,spearman::depth_mad_km--temporal_burstiness,depth_mad_km,temporal_burstiness,spearman,undirected,candidate,estimable,-0.1515268642,0.1515268642,-1,,672,,7d,2025-02-28T23:00:00+00:00,8.029937457e-05,
CGIE3_ID_02,2025-02,spearman::event_count--interevent_time_mad_hours,event_count,interevent_time_mad_hours,spearman,undirected,candidate,estimable,-0.06154458712,0.06154458712,-1,,672,,7d,2025-02-28T23:00:00+00:00,0.1109452038,
CGIE3_ID_02,2025-02,spearman::event_count--log10_cumulative_energy_joule,event_count,log10_cumulative_energy_joule,spearman,undirected,candidate,estimable,0.924172431,0.924172431,1,,672,,7d,2025-02-28T23:00:00+00:00,3.066922702e-282,
CGIE3_ID_02,2025-02,spearman::event_count--maximum_magnitude,event_count,maximum_magnitude,spearman,undirected,candidate,estimable,0.8784234072,0.8784234072,1,,672,,7d,2025-02-28T23:00:00+00:00,4.90235238e-217,
CGIE3_ID_02,2025-02,spearman::event_count--median_depth_km,event_count,median_depth_km,spearman,undirected,candidate,estimable,-0.2641912303,0.2641912303,-1,,672,,7d,2025-02-28T23:00:00+00:00,3.405170187e-12,
CGIE3_ID_02,2025-02,spearman::event_count--median_interevent_time_hours,event_count,median_interevent_time_hours,spearman,undirected,candidate,estimable,-0.05895796072,0.05895796072,-1,,672,,7d,2025-02-28T23:00:00+00:00,0.1267988115,
CGIE3_ID_02,2025-02,spearman::event_count--spatial_dispersion_km,event_count,spatial_dispersion_km,spearman,undirected,candidate,estimable,0.06735133819,0.06735133819,1,,672,,7d,2025-02-28T23:00:00+00:00,0.08104107317,
CGIE3_ID_02,2025-02,spearman::event_count--temporal_burstiness,event_count,temporal_burstiness,spearman,undirected,candidate,estimable,0.3677099533,0.3677099533,1,,672,,7d,2025-02-28T23:00:00+00:00,6.083642048e-23,
CGIE3_ID_02,2025-02,spearman::interevent_time_mad_hours--log10_cumulative_energy_joule,interevent_time_mad_hours,log10_cumulative_energy_joule,spearman,undirected,candidate,estimable,-0.1585223219,0.1585223219,-1,,672,,7d,2025-02-28T23:00:00+00:00,3.661768774e-05,
CGIE3_ID_02,2025-02,spearman::interevent_time_mad_hours--maximum_magnitude,interevent_time_mad_hours,maximum_magnitude,spearman,undirected,candidate,estimable,-0.3016651198,0.3016651198,-1,,672,,7d,2025-02-28T23:00:00+00:00,1.323088645e-15,
CGIE3_ID_02,2025-02,spearman::interevent_time_mad_hours--median_depth_km,interevent_time_mad_hours,median_depth_km,spearman,undirected,candidate,estimable,-0.06267580558,0.06267580558,-1,,672,,7d,2025-02-28T23:00:00+00:00,0.1045222985,
CGIE3_ID_02,2025-02,spearman::interevent_time_mad_hours--median_interevent_time_hours,interevent_time_mad_hours,median_interevent_time_hours,spearman,undirected,candidate,estimable,0.9955136219,0.9955136219,1,,672,,7d,2025-02-28T23:00:00+00:00,0,
CGIE3_ID_02,2025-02,spearman::interevent_time_mad_hours--spatial_dispersion_km,interevent_time_mad_hours,spatial_dispersion_km,spearman,undirected,candidate,estimable,0.4595908434,0.4595908434,1,,672,,7d,2025-02-28T23:00:00+00:00,2.011505285e-36,
CGIE3_ID_02,2025-02,spearman::interevent_time_mad_hours--temporal_burstiness,interevent_time_mad_hours,temporal_burstiness,spearman,undirected,candidate,estimable,-0.8233269922,0.8233269922,-1,,672,,7d,2025-02-28T23:00:00+00:00,5.814436327e-167,
CGIE3_ID_02,2025-02,spearman::log10_cumulative_energy_joule--maximum_magnitude,log10_cumulative_energy_joule,maximum_magnitude,spearman,undirected,candidate,estimable,0.9563549858,0.9563549858,1,,672,,7d,2025-02-28T23:00:00+00:00,0,
CGIE3_ID_02,2025-02,spearman::log10_cumulative_energy_joule--median_depth_km,log10_cumulative_energy_joule,median_depth_km,spearman,undirected,candidate,estimable,-0.3836671647,0.3836671647,-1,,672,,7d,2025-02-28T23:00:00+00:00,5.43055354e-25,
CGIE3_ID_02,2025-02,spearman::log10_cumulative_energy_joule--median_interevent_time_hours,log10_cumulative_energy_joule,median_interevent_time_hours,spearman,undirected,candidate,estimable,-0.158415895,0.158415895,-1,,672,,7d,2025-02-28T23:00:00+00:00,3.706713525e-05,
CGIE3_ID_02,2025-02,spearman::log10_cumulative_energy_joule--spatial_dispersion_km,log10_cumulative_energy_joule,spatial_dispersion_km,spearman,undirected,candidate,estimable,-0.1181494903,0.1181494903,-1,,672,,7d,2025-02-28T23:00:00+00:00,0.002156161558,
CGIE3_ID_02,2025-02,spearman::log10_cumulative_energy_joule--temporal_burstiness,log10_cumulative_energy_joule,temporal_burstiness,spearman,undirected,candidate,estimable,0.5122243877,0.5122243877,1,,672,,7d,2025-02-28T23:00:00+00:00,3.181627638e-46,
CGIE3_ID_02,2025-02,spearman::maximum_magnitude--median_depth_km,maximum_magnitude,median_depth_km,spearman,undirected,candidate,estimable,-0.2543373735,0.2543373735,-1,,672,,7d,2025-02-28T23:00:00+00:00,2.212831317e-11,
CGIE3_ID_02,2025-02,spearman::maximum_magnitude--median_interevent_time_hours,maximum_magnitude,median_interevent_time_hours,spearman,undirected,candidate,estimable,-0.3000223151,0.3000223151,-1,,672,,7d,2025-02-28T23:00:00+00:00,1.914290362e-15,
CGIE3_ID_02,2025-02,spearman::maximum_magnitude--spatial_dispersion_km,maximum_magnitude,spatial_dispersion_km,spearman,undirected,candidate,estimable,-0.1275441165,0.1275441165,-1,,672,,7d,2025-02-28T23:00:00+00:00,0.0009206740521,
CGIE3_ID_02,2025-02,spearman::maximum_magnitude--temporal_burstiness,maximum_magnitude,temporal_burstiness,spearman,undirected,candidate,estimable,0.5829020947,0.5829020947,1,,672,,7d,2025-02-28T23:00:00+00:00,2.083238956e-62,
CGIE3_ID_02,2025-02,spearman::median_depth_km--median_interevent_time_hours,median_depth_km,median_interevent_time_hours,spearman,undirected,candidate,estimable,-0.05498534699,0.05498534699,-1,,672,,7d,2025-02-28T23:00:00+00:00,0.1545024314,
CGIE3_ID_02,2025-02,spearman::median_depth_km--spatial_dispersion_km,median_depth_km,spatial_dispersion_km,spearman,undirected,candidate,estimable,0.2357733358,0.2357733358,1,,672,,7d,2025-02-28T23:00:00+00:00,6.092869616e-10,
CGIE3_ID_02,2025-02,spearman::median_depth_km--temporal_burstiness,median_depth_km,temporal_burstiness,spearman,undirected,candidate,estimable,-0.1924885499,0.1924885499,-1,,672,,7d,2025-02-28T23:00:00+00:00,4.964640917e-07,
CGIE3_ID_02,2025-02,spearman::median_interevent_time_hours--spatial_dispersion_km,median_interevent_time_hours,spatial_dispersion_km,spearman,undirected,candidate,estimable,0.4599921979,0.4599921979,1,,672,,7d,2025-02-28T23:00:00+00:00,1.718127124e-36,
CGIE3_ID_02,2025-02,spearman::median_interevent_time_hours--temporal_burstiness,median_interevent_time_hours,temporal_burstiness,spearman,undirected,candidate,estimable,-0.8185678556,0.8185678556,-1,,672,,7d,2025-02-28T23:00:00+00:00,1.794826637e-163,
CGIE3_ID_02,2025-02,spearman::spatial_dispersion_km--temporal_burstiness,spatial_dispersion_km,temporal_burstiness,spearman,undirected,candidate,estimable,-0.5866831145,0.5866831145,-1,,672,,7d,2025-02-28T23:00:00+00:00,2.17864201e-63,
CGIE3_ID_02,2025-03,spearman::depth_mad_km--event_count,depth_mad_km,event_count,spearman,undirected,candidate,estimable,0.1270448182,0.1270448182,1,,744,,7d,2025-03-31T23:00:00+00:00,0.0005135673455,
CGIE3_ID_02,2025-03,spearman::depth_mad_km--interevent_time_mad_hours,depth_mad_km,interevent_time_mad_hours,spearman,undirected,candidate,estimable,-0.4698153076,0.4698153076,-1,,744,,7d,2025-03-31T23:00:00+00:00,4.070045645e-42,
CGIE3_ID_02,2025-03,spearman::depth_mad_km--log10_cumulative_energy_joule,depth_mad_km,log10_cumulative_energy_joule,spearman,undirected,candidate,estimable,-0.04323236753,0.04323236753,-1,,744,,7d,2025-03-31T23:00:00+00:00,0.2388804519,
CGIE3_ID_02,2025-03,spearman::depth_mad_km--maximum_magnitude,depth_mad_km,maximum_magnitude,spearman,undirected,candidate,estimable,-0.04898885043,0.04898885043,-1,,744,,7d,2025-03-31T23:00:00+00:00,0.1819442944,
CGIE3_ID_02,2025-03,spearman::depth_mad_km--median_depth_km,depth_mad_km,median_depth_km,spearman,undirected,candidate,estimable,-0.5305725112,0.5305725112,-1,,744,,7d,2025-03-31T23:00:00+00:00,2.972282065e-55,
CGIE3_ID_02,2025-03,spearman::depth_mad_km--median_interevent_time_hours,depth_mad_km,median_interevent_time_hours,spearman,undirected,candidate,estimable,-0.2561326211,0.2561326211,-1,,744,,7d,2025-03-31T23:00:00+00:00,1.309726215e-12,
CGIE3_ID_02,2025-03,spearman::depth_mad_km--spatial_dispersion_km,depth_mad_km,spatial_dispersion_km,spearman,undirected,candidate,estimable,0.1209268582,0.1209268582,1,,744,,7d,2025-03-31T23:00:00+00:00,0.0009496459612,
CGIE3_ID_02,2025-03,spearman::depth_mad_km--temporal_burstiness,depth_mad_km,temporal_burstiness,spearman,undirected,candidate,estimable,-0.01134681514,0.01134681514,-1,,735,,7d,2025-03-31T23:00:00+00:00,0.7587607939,
CGIE3_ID_02,2025-03,spearman::event_count--interevent_time_mad_hours,event_count,interevent_time_mad_hours,spearman,undirected,candidate,estimable,-0.6685682877,0.6685682877,-1,,744,,7d,2025-03-31T23:00:00+00:00,1.572323032e-97,
CGIE3_ID_02,2025-03,spearman::event_count--log10_cumulative_energy_joule,event_count,log10_cumulative_energy_joule,spearman,undirected,candidate,estimable,0.8777859382,0.8777859382,1,,744,,7d,2025-03-31T23:00:00+00:00,2.33175673e-239,
CGIE3_ID_02,2025-03,spearman::event_count--maximum_magnitude,event_count,maximum_magnitude,spearman,undirected,candidate,estimable,0.8447415525,0.8447415525,1,,744,,7d,2025-03-31T23:00:00+00:00,1.211182129e-203,
CGIE3_ID_02,2025-03,spearman::event_count--median_depth_km,event_count,median_depth_km,spearman,undirected,candidate,estimable,0.02263598472,0.02263598472,1,,744,,7d,2025-03-31T23:00:00+00:00,0.5375855626,
CGIE3_ID_02,2025-03,spearman::event_count--median_interevent_time_hours,event_count,median_interevent_time_hours,spearman,undirected,candidate,estimable,-0.7767500912,0.7767500912,-1,,744,,7d,2025-03-31T23:00:00+00:00,3.880348327e-151,
CGIE3_ID_02,2025-03,spearman::event_count--spatial_dispersion_km,event_count,spatial_dispersion_km,spearman,undirected,candidate,estimable,0.2110772443,0.2110772443,1,,744,,7d,2025-03-31T23:00:00+00:00,6.123115889e-09,
CGIE3_ID_02,2025-03,spearman::event_count--temporal_burstiness,event_count,temporal_burstiness,spearman,undirected,candidate,estimable,0.4747798084,0.4747798084,1,,735,,7d,2025-03-31T23:00:00+00:00,1.362640048e-42,
CGIE3_ID_02,2025-03,spearman::interevent_time_mad_hours--log10_cumulative_energy_joule,interevent_time_mad_hours,log10_cumulative_energy_joule,spearman,undirected,candidate,estimable,-0.5678376768,0.5678376768,-1,,744,,7d,2025-03-31T23:00:00+00:00,9.836868147e-65,
CGIE3_ID_02,2025-03,spearman::interevent_time_mad_hours--maximum_magnitude,interevent_time_mad_hours,maximum_magnitude,spearman,undirected,candidate,estimable,-0.558472264,0.558472264,-1,,744,,7d,2025-03-31T23:00:00+00:00,3.083783825e-62,
CGIE3_ID_02,2025-03,spearman::interevent_time_mad_hours--median_depth_km,interevent_time_mad_hours,median_depth_km,spearman,undirected,candidate,estimable,0.1806137007,0.1806137007,1,,744,,7d,2025-03-31T23:00:00+00:00,7.084225447e-07,
CGIE3_ID_02,2025-03,spearman::interevent_time_mad_hours--median_interevent_time_hours,interevent_time_mad_hours,median_interevent_time_hours,spearman,undirected,candidate,estimable,0.8590387468,0.8590387468,1,,744,,7d,2025-03-31T23:00:00+00:00,5.680569458e-218,
CGIE3_ID_02,2025-03,spearman::interevent_time_mad_hours--spatial_dispersion_km,interevent_time_mad_hours,spatial_dispersion_km,spearman,undirected,candidate,estimable,0.03784238186,0.03784238186,1,,744,,7d,2025-03-31T23:00:00+00:00,0.3026176146,
CGIE3_ID_02,2025-03,spearman::interevent_time_mad_hours--temporal_burstiness,interevent_time_mad_hours,temporal_burstiness,spearman,undirected,candidate,estimable,-0.6549956578,0.6549956578,-1,,735,,7d,2025-03-31T23:00:00+00:00,2.844258142e-91,
CGIE3_ID_02,2025-03,spearman::log10_cumulative_energy_joule--maximum_magnitude,log10_cumulative_energy_joule,maximum_magnitude,spearman,undirected,candidate,estimable,0.9841732524,0.9841732524,1,,744,,7d,2025-03-31T23:00:00+00:00,0,
CGIE3_ID_02,2025-03,spearman::log10_cumulative_energy_joule--median_depth_km,log10_cumulative_energy_joule,median_depth_km,spearman,undirected,candidate,estimable,0.03715378494,0.03715378494,1,,744,,7d,2025-03-31T23:00:00+00:00,0.3115066832,
CGIE3_ID_02,2025-03,spearman::log10_cumulative_energy_joule--median_interevent_time_hours,log10_cumulative_energy_joule,median_interevent_time_hours,spearman,undirected,candidate,estimable,-0.6990206882,0.6990206882,-1,,744,,7d,2025-03-31T23:00:00+00:00,3.650007263e-110,
CGIE3_ID_02,2025-03,spearman::log10_cumulative_energy_joule--spatial_dispersion_km,log10_cumulative_energy_joule,spatial_dispersion_km,spearman,undirected,candidate,estimable,0.04416097726,0.04416097726,1,,744,,7d,2025-03-31T23:00:00+00:00,0.2289327899,
CGIE3_ID_02,2025-03,spearman::log10_cumulative_energy_joule--temporal_burstiness,log10_cumulative_energy_joule,temporal_burstiness,spearman,undirected,candidate,estimable,0.5413005643,0.5413005643,1,,735,,7d,2025-03-31T23:00:00+00:00,3.509003731e-57,
CGIE3_ID_02,2025-03,spearman::maximum_magnitude--median_depth_km,maximum_magnitude,median_depth_km,spearman,undirected,candidate,estimable,0.01915888917,0.01915888917,1,,744,,7d,2025-03-31T23:00:00+00:00,0.6018415972,
CGIE3_ID_02,2025-03,spearman::maximum_magnitude--median_interevent_time_hours,maximum_magnitude,median_interevent_time_hours,spearman,undirected,candidate,estimable,-0.6762098889,0.6762098889,-1,,744,,7d,2025-03-31T23:00:00+00:00,1.47721748e-100,
CGIE3_ID_02,2025-03,spearman::maximum_magnitude--spatial_dispersion_km,maximum_magnitude,spatial_dispersion_km,spearman,undirected,candidate,estimable,0.00375995262,0.00375995262,1,,744,,7d,2025-03-31T23:00:00+00:00,0.9184504906,
CGIE3_ID_02,2025-03,spearman::maximum_magnitude--temporal_burstiness,maximum_magnitude,temporal_burstiness,spearman,undirected,candidate,estimable,0.5542717996,0.5542717996,1,,735,,7d,2025-03-31T23:00:00+00:00,2.00920531e-60,
CGIE3_ID_02,2025-03,spearman::median_depth_km--median_interevent_time_hours,median_depth_km,median_interevent_time_hours,spearman,undirected,candidate,estimable,-0.03065468512,0.03065468512,-1,,744,,7d,2025-03-31T23:00:00+00:00,0.4037522515,
CGIE3_ID_02,2025-03,spearman::median_depth_km--spatial_dispersion_km,median_depth_km,spatial_dispersion_km,spearman,undirected,candidate,estimable,0.2284919987,0.2284919987,1,,744,,7d,2025-03-31T23:00:00+00:00,2.87169613e-10,
CGIE3_ID_02,2025-03,spearman::median_depth_km--temporal_burstiness,median_depth_km,temporal_burstiness,spearman,undirected,candidate,estimable,0.09822699504,0.09822699504,1,,735,,7d,2025-03-31T23:00:00+00:00,0.007700315463,
CGIE3_ID_02,2025-03,spearman::median_interevent_time_hours--spatial_dispersion_km,median_interevent_time_hours,spatial_dispersion_km,spearman,undirected,candidate,estimable,0.0820933357,0.0820933357,1,,744,,7d,2025-03-31T23:00:00+00:00,0.02514139632,
CGIE3_ID_02,2025-03,spearman::median_interevent_time_hours--temporal_burstiness,median_interevent_time_hours,temporal_burstiness,spearman,undirected,candidate,estimable,-0.745323645,0.745323645,-1,,735,,7d,2025-03-31T23:00:00+00:00,3.457790202e-131,
CGIE3_ID_02,2025-03,spearman::spatial_dispersion_km--temporal_burstiness,spatial_dispersion_km,temporal_burstiness,spearman,undirected,candidate,estimable,-0.3741439385,0.3741439385,-1,,735,,7d,2025-03-31T23:00:00+00:00,7.750779326e-26,
CGIE3_ID_02,2025-04,spearman::depth_mad_km--event_count,depth_mad_km,event_count,spearman,undirected,candidate,estimable,-0.4939159227,0.4939159227,-1,,720,,7d,2025-04-30T23:00:00+00:00,1.504020361e-45,
CGIE3_ID_02,2025-04,spearman::depth_mad_km--interevent_time_mad_hours,depth_mad_km,interevent_time_mad_hours,spearman,undirected,candidate,estimable,0.4042808108,0.4042808108,1,,720,,7d,2025-04-30T23:00:00+00:00,1.096255759e-29,
CGIE3_ID_02,2025-04,spearman::depth_mad_km--log10_cumulative_energy_joule,depth_mad_km,log10_cumulative_energy_joule,spearman,undirected,candidate,estimable,-0.515770467,0.515770467,-1,,720,,7d,2025-04-30T23:00:00+00:00,3.470835081e-50,
CGIE3_ID_02,2025-04,spearman::depth_mad_km--maximum_magnitude,depth_mad_km,maximum_magnitude,spearman,undirected,candidate,estimable,-0.5343331033,0.5343331033,-1,,720,,7d,2025-04-30T23:00:00+00:00,2.131230718e-54,
CGIE3_ID_02,2025-04,spearman::depth_mad_km--median_depth_km,depth_mad_km,median_depth_km,spearman,undirected,candidate,estimable,-0.4202730614,0.4202730614,-1,,720,,7d,2025-04-30T23:00:00+00:00,3.516828476e-32,
CGIE3_ID_02,2025-04,spearman::depth_mad_km--median_interevent_time_hours,depth_mad_km,median_interevent_time_hours,spearman,undirected,candidate,estimable,0.3785276715,0.3785276715,1,,720,,7d,2025-04-30T23:00:00+00:00,6.035027692e-26,
CGIE3_ID_02,2025-04,spearman::depth_mad_km--spatial_dispersion_km,depth_mad_km,spatial_dispersion_km,spearman,undirected,candidate,estimable,0.2540375764,0.2540375764,1,,720,,7d,2025-04-30T23:00:00+00:00,4.564137634e-12,
CGIE3_ID_02,2025-04,spearman::depth_mad_km--temporal_burstiness,depth_mad_km,temporal_burstiness,spearman,undirected,candidate,estimable,-0.1459525438,0.1459525438,-1,,720,,7d,2025-04-30T23:00:00+00:00,8.474134502e-05,
CGIE3_ID_02,2025-04,spearman::event_count--interevent_time_mad_hours,event_count,interevent_time_mad_hours,spearman,undirected,candidate,estimable,-0.5988738774,0.5988738774,-1,,720,,7d,2025-04-30T23:00:00+00:00,2.769994854e-71,
CGIE3_ID_02,2025-04,spearman::event_count--log10_cumulative_energy_joule,event_count,log10_cumulative_energy_joule,spearman,undirected,candidate,estimable,0.9366776991,0.9366776991,1,,720,,7d,2025-04-30T23:00:00+00:00,0,
CGIE3_ID_02,2025-04,spearman::event_count--maximum_magnitude,event_count,maximum_magnitude,spearman,undirected,candidate,estimable,0.8852205561,0.8852205561,1,,720,,7d,2025-04-30T23:00:00+00:00,7.460094554e-241,
CGIE3_ID_02,2025-04,spearman::event_count--median_depth_km,event_count,median_depth_km,spearman,undirected,candidate,estimable,-0.2360713554,0.2360713554,-1,,720,,7d,2025-04-30T23:00:00+00:00,1.414450591e-10,
CGIE3_ID_02,2025-04,spearman::event_count--median_interevent_time_hours,event_count,median_interevent_time_hours,spearman,undirected,candidate,estimable,-0.6594339828,0.6594339828,-1,,720,,7d,2025-04-30T23:00:00+00:00,4.782753382e-91,
CGIE3_ID_02,2025-04,spearman::event_count--spatial_dispersion_km,event_count,spatial_dispersion_km,spearman,undirected,candidate,estimable,-0.5610691971,0.5610691971,-1,,720,,7d,2025-04-30T23:00:00+00:00,6.055440899e-61,
CGIE3_ID_02,2025-04,spearman::event_count--temporal_burstiness,event_count,temporal_burstiness,spearman,undirected,candidate,estimable,0.4432535123,0.4432535123,1,,720,,7d,2025-04-30T23:00:00+00:00,5.244217113e-36,
CGIE3_ID_02,2025-04,spearman::interevent_time_mad_hours--log10_cumulative_energy_joule,interevent_time_mad_hours,log10_cumulative_energy_joule,spearman,undirected,candidate,estimable,-0.5245281627,0.5245281627,-1,,720,,7d,2025-04-30T23:00:00+00:00,3.853120141e-52,
CGIE3_ID_02,2025-04,spearman::interevent_time_mad_hours--maximum_magnitude,interevent_time_mad_hours,maximum_magnitude,spearman,undirected,candidate,estimable,-0.4888265154,0.4888265154,-1,,720,,7d,2025-04-30T23:00:00+00:00,1.620793643e-44,
CGIE3_ID_02,2025-04,spearman::interevent_time_mad_hours--median_depth_km,interevent_time_mad_hours,median_depth_km,spearman,undirected,candidate,estimable,0.1800151573,0.1800151573,1,,720,,7d,2025-04-30T23:00:00+00:00,1.16387392e-06,
CGIE3_ID_02,2025-04,spearman::interevent_time_mad_hours--median_interevent_time_hours,interevent_time_mad_hours,median_interevent_time_hours,spearman,undirected,candidate,estimable,0.9662806079,0.9662806079,1,,720,,7d,2025-04-30T23:00:00+00:00,0,
CGIE3_ID_02,2025-04,spearman::interevent_time_mad_hours--spatial_dispersion_km,interevent_time_mad_hours,spatial_dispersion_km,spearman,undirected,candidate,estimable,0.1370095555,0.1370095555,1,,720,,7d,2025-04-30T23:00:00+00:00,0.0002265867358,
CGIE3_ID_02,2025-04,spearman::interevent_time_mad_hours--temporal_burstiness,interevent_time_mad_hours,temporal_burstiness,spearman,undirected,candidate,estimable,-0.7831981604,0.7831981604,-1,,720,,7d,2025-04-30T23:00:00+00:00,2.551163992e-150,
CGIE3_ID_02,2025-04,spearman::log10_cumulative_energy_joule--maximum_magnitude,log10_cumulative_energy_joule,maximum_magnitude,spearman,undirected,candidate,estimable,0.9815704663,0.9815704663,1,,720,,7d,2025-04-30T23:00:00+00:00,0,
CGIE3_ID_02,2025-04,spearman::log10_cumulative_energy_joule--median_depth_km,log10_cumulative_energy_joule,median_depth_km,spearman,undirected,candidate,estimable,-0.2401281468,0.2401281468,-1,,720,,7d,2025-04-30T23:00:00+00:00,6.67136808e-11,
CGIE3_ID_02,2025-04,spearman::log10_cumulative_energy_joule--median_interevent_time_hours,log10_cumulative_energy_joule,median_interevent_time_hours,spearman,undirected,candidate,estimable,-0.5914765927,0.5914765927,-1,,720,,7d,2025-04-30T23:00:00+00:00,3.748438215e-69,
CGIE3_ID_02,2025-04,spearman::log10_cumulative_energy_joule--spatial_dispersion_km,log10_cumulative_energy_joule,spatial_dispersion_km,spearman,undirected,candidate,estimable,-0.6033444623,0.6033444623,-1,,720,,7d,2025-04-30T23:00:00+00:00,1.340300821e-72,
CGIE3_ID_02,2025-04,spearman::log10_cumulative_energy_joule--temporal_burstiness,log10_cumulative_energy_joule,temporal_burstiness,spearman,undirected,candidate,estimable,0.4032559363,0.4032559363,1,,720,,7d,2025-04-30T23:00:00+00:00,1.567352431e-29,
CGIE3_ID_02,2025-04,spearman::maximum_magnitude--median_depth_km,maximum_magnitude,median_depth_km,spearman,undirected,candidate,estimable,-0.2200211964,0.2200211964,-1,,720,,7d,2025-04-30T23:00:00+00:00,2.419547099e-09,
CGIE3_ID_02,2025-04,spearman::maximum_magnitude--median_interevent_time_hours,maximum_magnitude,median_interevent_time_hours,spearman,undirected,candidate,estimable,-0.558498011,0.558498011,-1,,720,,7d,2025-04-30T23:00:00+00:00,2.740031367e-60,
CGIE3_ID_02,2025-04,spearman::maximum_magnitude--spatial_dispersion_km,maximum_magnitude,spatial_dispersion_km,spearman,undirected,candidate,estimable,-0.6188805248,0.6188805248,-1,,720,,7d,2025-04-30T23:00:00+00:00,2.455930525e-77,
CGIE3_ID_02,2025-04,spearman::maximum_magnitude--temporal_burstiness,maximum_magnitude,temporal_burstiness,spearman,undirected,candidate,estimable,0.3863147806,0.3863147806,1,,720,,7d,2025-04-30T23:00:00+00:00,4.834045074e-27,
CGIE3_ID_02,2025-04,spearman::median_depth_km--median_interevent_time_hours,median_depth_km,median_interevent_time_hours,spearman,undirected,candidate,estimable,0.2970253314,0.2970253314,1,,720,,7d,2025-04-30T23:00:00+00:00,3.933218172e-16,
CGIE3_ID_02,2025-04,spearman::median_depth_km--spatial_dispersion_km,median_depth_km,spatial_dispersion_km,spearman,undirected,candidate,estimable,0.4711740083,0.4711740083,1,,720,,7d,2025-04-30T23:00:00+00:00,4.561846258e-41,
CGIE3_ID_02,2025-04,spearman::median_depth_km--temporal_burstiness,median_depth_km,temporal_burstiness,spearman,undirected,candidate,estimable,-0.4347776371,0.4347776371,-1,,720,,7d,2025-04-30T23:00:00+00:00,1.463260976e-34,
CGIE3_ID_02,2025-04,spearman::median_interevent_time_hours--spatial_dispersion_km,median_interevent_time_hours,spatial_dispersion_km,spearman,undirected,candidate,estimable,0.2535422519,0.2535422519,1,,720,,7d,2025-04-30T23:00:00+00:00,5.035822409e-12,
CGIE3_ID_02,2025-04,spearman::median_interevent_time_hours--temporal_burstiness,median_interevent_time_hours,temporal_burstiness,spearman,undirected,candidate,estimable,-0.8764207621,0.8764207621,-1,,720,,7d,2025-04-30T23:00:00+00:00,4.62193172e-230,
CGIE3_ID_02,2025-04,spearman::spatial_dispersion_km--temporal_burstiness,spatial_dispersion_km,temporal_burstiness,spearman,undirected,candidate,estimable,-0.2212970834,0.2212970834,-1,,720,,7d,2025-04-30T23:00:00+00:00,1.945660243e-09,
CGIE3_ID_02,2025-05,spearman::depth_mad_km--event_count,depth_mad_km,event_count,spearman,undirected,candidate,estimable,0.09315986703,0.09315986703,1,,744,,7d,2025-05-31T23:00:00+00:00,0.01101191397,
CGIE3_ID_02,2025-05,spearman::depth_mad_km--interevent_time_mad_hours,depth_mad_km,interevent_time_mad_hours,spearman,undirected,candidate,estimable,0.2477444339,0.2477444339,1,,744,,7d,2025-05-31T23:00:00+00:00,7.215357819e-12,
CGIE3_ID_02,2025-05,spearman::depth_mad_km--log10_cumulative_energy_joule,depth_mad_km,log10_cumulative_energy_joule,spearman,undirected,candidate,estimable,-0.1723636863,0.1723636863,-1,,744,,7d,2025-05-31T23:00:00+00:00,2.256434957e-06,
CGIE3_ID_02,2025-05,spearman::depth_mad_km--maximum_magnitude,depth_mad_km,maximum_magnitude,spearman,undirected,candidate,estimable,-0.1300512578,0.1300512578,-1,,744,,7d,2025-05-31T23:00:00+00:00,0.0003758636756,
CGIE3_ID_02,2025-05,spearman::depth_mad_km--median_depth_km,depth_mad_km,median_depth_km,spearman,undirected,candidate,estimable,0.5265356048,0.5265356048,1,,744,,7d,2025-05-31T23:00:00+00:00,2.694803543e-54,
CGIE3_ID_02,2025-05,spearman::depth_mad_km--median_interevent_time_hours,depth_mad_km,median_interevent_time_hours,spearman,undirected,candidate,estimable,-0.09428379125,0.09428379125,-1,,744,,7d,2025-05-31T23:00:00+00:00,0.01007836934,
CGIE3_ID_02,2025-05,spearman::depth_mad_km--spatial_dispersion_km,depth_mad_km,spatial_dispersion_km,spearman,undirected,candidate,estimable,0.2831831829,0.2831831829,1,,744,,7d,2025-05-31T23:00:00+00:00,3.464161016e-15,
CGIE3_ID_02,2025-05,spearman::depth_mad_km--temporal_burstiness,depth_mad_km,temporal_burstiness,spearman,undirected,candidate,estimable,0.1682703006,0.1682703006,1,,744,,7d,2025-05-31T23:00:00+00:00,3.930371606e-06,
CGIE3_ID_02,2025-05,spearman::event_count--interevent_time_mad_hours,event_count,interevent_time_mad_hours,spearman,undirected,candidate,estimable,-0.6892324989,0.6892324989,-1,,744,,7d,2025-05-31T23:00:00+00:00,6.222532367e-106,
CGIE3_ID_02,2025-05,spearman::event_count--log10_cumulative_energy_joule,event_count,log10_cumulative_energy_joule,spearman,undirected,candidate,estimable,0.6059134853,0.6059134853,1,,744,,7d,2025-05-31T23:00:00+00:00,9.344808316e-76,
CGIE3_ID_02,2025-05,spearman::event_count--maximum_magnitude,event_count,maximum_magnitude,spearman,undirected,candidate,estimable,0.5771235774,0.5771235774,1,,744,,7d,2025-05-31T23:00:00+00:00,2.738694849e-67,
CGIE3_ID_02,2025-05,spearman::event_count--median_depth_km,event_count,median_depth_km,spearman,undirected,candidate,estimable,-0.009139924131,0.009139924131,-1,,744,,7d,2025-05-31T23:00:00+00:00,0.8034459411,
CGIE3_ID_02,2025-05,spearman::event_count--median_interevent_time_hours,event_count,median_interevent_time_hours,spearman,undirected,candidate,estimable,-0.9220381624,0.9220381624,-1,,744,,7d,2025-05-31T23:00:00+00:00,4.631177195e-308,
CGIE3_ID_02,2025-05,spearman::event_count--spatial_dispersion_km,event_count,spatial_dispersion_km,spearman,undirected,candidate,estimable,-0.5505895678,0.5505895678,-1,,744,,7d,2025-05-31T23:00:00+00:00,3.383567659e-60,
CGIE3_ID_02,2025-05,spearman::event_count--temporal_burstiness,event_count,temporal_burstiness,spearman,undirected,candidate,estimable,0.9488374937,0.9488374937,1,,744,,7d,2025-05-31T23:00:00+00:00,0,
CGIE3_ID_02,2025-05,spearman::interevent_time_mad_hours--log10_cumulative_energy_joule,interevent_time_mad_hours,log10_cumulative_energy_joule,spearman,undirected,candidate,estimable,-0.5476407794,0.5476407794,-1,,744,,7d,2025-05-31T23:00:00+00:00,1.899913533e-59,
CGIE3_ID_02,2025-05,spearman::interevent_time_mad_hours--maximum_magnitude,interevent_time_mad_hours,maximum_magnitude,spearman,undirected,candidate,estimable,-0.5518727692,0.5518727692,-1,,744,,7d,2025-05-31T23:00:00+00:00,1.58833838e-60,
CGIE3_ID_02,2025-05,spearman::interevent_time_mad_hours--median_depth_km,interevent_time_mad_hours,median_depth_km,spearman,undirected,candidate,estimable,0.175768796,0.175768796,1,,744,,7d,2025-05-31T23:00:00+00:00,1.407949972e-06,
CGIE3_ID_02,2025-05,spearman::interevent_time_mad_hours--median_interevent_time_hours,interevent_time_mad_hours,median_interevent_time_hours,spearman,undirected,candidate,estimable,0.7659015374,0.7659015374,1,,744,,7d,2025-05-31T23:00:00+00:00,1.792423425e-144,
CGIE3_ID_02,2025-05,spearman::interevent_time_mad_hours--spatial_dispersion_km,interevent_time_mad_hours,spatial_dispersion_km,spearman,undirected,candidate,estimable,0.6719480715,0.6719480715,1,,744,,7d,2025-05-31T23:00:00+00:00,7.394448427e-99,
CGIE3_ID_02,2025-05,spearman::interevent_time_mad_hours--temporal_burstiness,interevent_time_mad_hours,temporal_burstiness,spearman,undirected,candidate,estimable,-0.6372493381,0.6372493381,-1,,744,,7d,2025-05-31T23:00:00+00:00,5.160355024e-86,
CGIE3_ID_02,2025-05,spearman::log10_cumulative_energy_joule--maximum_magnitude,log10_cumulative_energy_joule,maximum_magnitude,spearman,undirected,candidate,estimable,0.9779720466,0.9779720466,1,,744,,7d,2025-05-31T23:00:00+00:00,0,
CGIE3_ID_02,2025-05,spearman::log10_cumulative_energy_joule--median_depth_km,log10_cumulative_energy_joule,median_depth_km,spearman,undirected,candidate,estimable,-0.4540024269,0.4540024269,-1,,744,,7d,2025-05-31T23:00:00+00:00,4.137439322e-39,
CGIE3_ID_02,2025-05,spearman::log10_cumulative_energy_joule--median_interevent_time_hours,log10_cumulative_energy_joule,median_interevent_time_hours,spearman,undirected,candidate,estimable,-0.4562842856,0.4562842856,-1,,744,,7d,2025-05-31T23:00:00+00:00,1.55761364e-39,
CGIE3_ID_02,2025-05,spearman::log10_cumulative_energy_joule--spatial_dispersion_km,log10_cumulative_energy_joule,spatial_dispersion_km,spearman,undirected,candidate,estimable,-0.7088804647,0.7088804647,-1,,744,,7d,2025-05-31T23:00:00+00:00,1.324184719e-114,
CGIE3_ID_02,2025-05,spearman::log10_cumulative_energy_joule--temporal_burstiness,log10_cumulative_energy_joule,temporal_burstiness,spearman,undirected,candidate,estimable,0.5215197239,0.5215197239,1,,744,,7d,2025-05-31T23:00:00+00:00,4.002356987e-53,
CGIE3_ID_02,2025-05,spearman::maximum_magnitude--median_depth_km,maximum_magnitude,median_depth_km,spearman,undirected,candidate,estimable,-0.3858466614,0.3858466614,-1,,744,,7d,2025-05-31T23:00:00+00:00,8.01553291e-28,
CGIE3_ID_02,2025-05,spearman::maximum_magnitude--median_interevent_time_hours,maximum_magnitude,median_interevent_time_hours,spearman,undirected,candidate,estimable,-0.455631371,0.455631371,-1,,744,,7d,2025-05-31T23:00:00+00:00,2.061512727e-39,
CGIE3_ID_02,2025-05,spearman::maximum_magnitude--spatial_dispersion_km,maximum_magnitude,spatial_dispersion_km,spearman,undirected,candidate,estimable,-0.6632420166,0.6632420166,-1,,744,,7d,2025-05-31T23:00:00+00:00,1.793046813e-95,
CGIE3_ID_02,2025-05,spearman::maximum_magnitude--temporal_burstiness,maximum_magnitude,temporal_burstiness,spearman,undirected,candidate,estimable,0.5062966902,0.5062966902,1,,744,,7d,2025-05-31T23:00:00+00:00,1.099545828e-49,
CGIE3_ID_02,2025-05,spearman::median_depth_km--median_interevent_time_hours,median_depth_km,median_interevent_time_hours,spearman,undirected,candidate,estimable,-0.05913574918,0.05913574918,-1,,744,,7d,2025-05-31T23:00:00+00:00,0.1070257774,
CGIE3_ID_02,2025-05,spearman::median_depth_km--spatial_dispersion_km,median_depth_km,spatial_dispersion_km,spearman,undirected,candidate,estimable,0.5783340655,0.5783340655,1,,744,,7d,2025-05-31T23:00:00+00:00,1.25424362e-67,
CGIE3_ID_02,2025-05,spearman::median_depth_km--temporal_burstiness,median_depth_km,temporal_burstiness,spearman,undirected,candidate,estimable,0.1587532682,0.1587532682,1,,744,,7d,2025-05-31T23:00:00+00:00,1.357967128e-05,
CGIE3_ID_02,2025-05,spearman::median_interevent_time_hours--spatial_dispersion_km,median_interevent_time_hours,spatial_dispersion_km,spearman,undirected,candidate,estimable,0.5538763371,0.5538763371,1,,744,,7d,2025-05-31T23:00:00+00:00,4.844791619e-61,
CGIE3_ID_02,2025-05,spearman::median_interevent_time_hours--temporal_burstiness,median_interevent_time_hours,temporal_burstiness,spearman,undirected,candidate,estimable,-0.9150392076,0.9150392076,-1,,744,,7d,2025-05-31T23:00:00+00:00,8.57112498e-295,
CGIE3_ID_02,2025-05,spearman::spatial_dispersion_km--temporal_burstiness,spatial_dispersion_km,temporal_burstiness,spearman,undirected,candidate,estimable,-0.4503097114,0.4503097114,-1,,744,,7d,2025-05-31T23:00:00+00:00,1.97950687e-38,
CGIE3_ID_02,2025-06,spearman::depth_mad_km--event_count,depth_mad_km,event_count,spearman,undirected,candidate,estimable,0.6093506709,0.6093506709,1,,720,,7d,2025-06-30T23:00:00+00:00,2.123257828e-74,
CGIE3_ID_02,2025-06,spearman::depth_mad_km--interevent_time_mad_hours,depth_mad_km,interevent_time_mad_hours,spearman,undirected,candidate,estimable,-0.4639485472,0.4639485472,-1,,720,,7d,2025-06-30T23:00:00+00:00,1.032706785e-39,
CGIE3_ID_02,2025-06,spearman::depth_mad_km--log10_cumulative_energy_joule,depth_mad_km,log10_cumulative_energy_joule,spearman,undirected,candidate,estimable,0.5562807028,0.5562807028,1,,720,,7d,2025-06-30T23:00:00+00:00,9.96667172e-60,
CGIE3_ID_02,2025-06,spearman::depth_mad_km--maximum_magnitude,depth_mad_km,maximum_magnitude,spearman,undirected,candidate,estimable,0.5446826615,0.5446826615,1,,720,,7d,2025-06-30T23:00:00+00:00,7.315717801e-57,
CGIE3_ID_02,2025-06,spearman::depth_mad_km--median_depth_km,depth_mad_km,median_depth_km,spearman,undirected,candidate,estimable,-0.5625635543,0.5625635543,-1,,720,,7d,2025-06-30T23:00:00+00:00,2.503023298e-61,
CGIE3_ID_02,2025-06,spearman::depth_mad_km--median_interevent_time_hours,depth_mad_km,median_interevent_time_hours,spearman,undirected,candidate,estimable,-0.5823688677,0.5823688677,-1,,720,,7d,2025-06-30T23:00:00+00:00,1.328846294e-66,
CGIE3_ID_02,2025-06,spearman::depth_mad_km--spatial_dispersion_km,depth_mad_km,spatial_dispersion_km,spearman,undirected,candidate,estimable,-0.02134011922,0.02134011922,-1,,720,,7d,2025-06-30T23:00:00+00:00,0.5675349442,
CGIE3_ID_02,2025-06,spearman::depth_mad_km--temporal_burstiness,depth_mad_km,temporal_burstiness,spearman,undirected,candidate,estimable,0.5515356695,0.5515356695,1,,720,,7d,2025-06-30T23:00:00+00:00,1.529592712e-58,
CGIE3_ID_02,2025-06,spearman::event_count--interevent_time_mad_hours,event_count,interevent_time_mad_hours,spearman,undirected,candidate,estimable,-0.8066835592,0.8066835592,-1,,720,,7d,2025-06-30T23:00:00+00:00,3.612994499e-166,
CGIE3_ID_02,2025-06,spearman::event_count--log10_cumulative_energy_joule,event_count,log10_cumulative_energy_joule,spearman,undirected,candidate,estimable,0.9092928112,0.9092928112,1,,720,,7d,2025-06-30T23:00:00+00:00,1.385193789e-275,
CGIE3_ID_02,2025-06,spearman::event_count--maximum_magnitude,event_count,maximum_magnitude,spearman,undirected,candidate,estimable,0.7684912246,0.7684912246,1,,720,,7d,2025-06-30T23:00:00+00:00,2.27421897e-141,
CGIE3_ID_02,2025-06,spearman::event_count--median_depth_km,event_count,median_depth_km,spearman,undirected,candidate,estimable,-0.4790761054,0.4790761054,-1,,720,,7d,2025-06-30T23:00:00+00:00,1.380013565e-42,
CGIE3_ID_02,2025-06,spearman::event_count--median_interevent_time_hours,event_count,median_interevent_time_hours,spearman,undirected,candidate,estimable,-0.8499322603,0.8499322603,-1,,720,,7d,2025-06-30T23:00:00+00:00,5.498039495e-202,
CGIE3_ID_02,2025-06,spearman::event_count--spatial_dispersion_km,event_count,spatial_dispersion_km,spearman,undirected,candidate,estimable,-0.06427811163,0.06427811163,-1,,720,,7d,2025-06-30T23:00:00+00:00,0.08478936562,
CGIE3_ID_02,2025-06,spearman::event_count--temporal_burstiness,event_count,temporal_burstiness,spearman,undirected,candidate,estimable,0.7685333371,0.7685333371,1,,720,,7d,2025-06-30T23:00:00+00:00,2.148609874e-141,
CGIE3_ID_02,2025-06,spearman::interevent_time_mad_hours--log10_cumulative_energy_joule,interevent_time_mad_hours,log10_cumulative_energy_joule,spearman,undirected,candidate,estimable,-0.7124013005,0.7124013005,-1,,720,,7d,2025-06-30T23:00:00+00:00,1.546372701e-112,
CGIE3_ID_02,2025-06,spearman::interevent_time_mad_hours--maximum_magnitude,interevent_time_mad_hours,maximum_magnitude,spearman,undirected,candidate,estimable,-0.6904626832,0.6904626832,-1,,720,,7d,2025-06-30T23:00:00+00:00,4.507180143e-103,
CGIE3_ID_02,2025-06,spearman::interevent_time_mad_hours--median_depth_km,interevent_time_mad_hours,median_depth_km,spearman,undirected,candidate,estimable,0.5654700938,0.5654700938,1,,720,,7d,2025-06-30T23:00:00+00:00,4.431794818e-62,
CGIE3_ID_02,2025-06,spearman::interevent_time_mad_hours--median_interevent_time_hours,interevent_time_mad_hours,median_interevent_time_hours,spearman,undirected,candidate,estimable,0.8729624065,0.8729624065,1,,720,,7d,2025-06-30T23:00:00+00:00,4.810125399e-226,
CGIE3_ID_02,2025-06,spearman::interevent_time_mad_hours--spatial_dispersion_km,interevent_time_mad_hours,spatial_dispersion_km,spearman,undirected,candidate,estimable,0.1632531245,0.1632531245,1,,720,,7d,2025-06-30T23:00:00+00:00,1.070115936e-05,
CGIE3_ID_02,2025-06,spearman::interevent_time_mad_hours--temporal_burstiness,interevent_time_mad_hours,temporal_burstiness,spearman,undirected,candidate,estimable,-0.7279625741,0.7279625741,-1,,720,,7d,2025-06-30T23:00:00+00:00,8.271744031e-120,
CGIE3_ID_02,2025-06,spearman::log10_cumulative_energy_joule--maximum_magnitude,log10_cumulative_energy_joule,maximum_magnitude,spearman,undirected,candidate,estimable,0.884342659,0.884342659,1,,720,,7d,2025-06-30T23:00:00+00:00,9.739018049e-240,
CGIE3_ID_02,2025-06,spearman::log10_cumulative_energy_joule--median_depth_km,log10_cumulative_energy_joule,median_depth_km,spearman,undirected,candidate,estimable,-0.3635101655,0.3635101655,-1,,720,,7d,2025-06-30T23:00:00+00:00,6.498776411e-24,
CGIE3_ID_02,2025-06,spearman::log10_cumulative_energy_joule--median_interevent_time_hours,log10_cumulative_energy_joule,median_interevent_time_hours,spearman,undirected,candidate,estimable,-0.7964439137,0.7964439137,-1,,720,,7d,2025-06-30T23:00:00+00:00,5.300519536e-159,
CGIE3_ID_02,2025-06,spearman::log10_cumulative_energy_joule--spatial_dispersion_km,log10_cumulative_energy_joule,spatial_dispersion_km,spearman,undirected,candidate,estimable,-0.09464116269,0.09464116269,-1,,720,,7d,2025-06-30T23:00:00+00:00,0.01106050079,
CGIE3_ID_02,2025-06,spearman::log10_cumulative_energy_joule--temporal_burstiness,log10_cumulative_energy_joule,temporal_burstiness,spearman,undirected,candidate,estimable,0.7983095479,0.7983095479,1,,720,,7d,2025-06-30T23:00:00+00:00,2.81570498e-160,
CGIE3_ID_02,2025-06,spearman::maximum_magnitude--median_depth_km,maximum_magnitude,median_depth_km,spearman,undirected,candidate,estimable,-0.3903653483,0.3903653483,-1,,720,,7d,2025-06-30T23:00:00+00:00,1.265472365e-27,
CGIE3_ID_02,2025-06,spearman::maximum_magnitude--median_interevent_time_hours,maximum_magnitude,median_interevent_time_hours,spearman,undirected,candidate,estimable,-0.7753081166,0.7753081166,-1,,720,,7d,2025-06-30T23:00:00+00:00,1.963342841e-145,
CGIE3_ID_02,2025-06,spearman::maximum_magnitude--spatial_dispersion_km,maximum_magnitude,spatial_dispersion_km,spearman,undirected,candidate,estimable,-0.04796342159,0.04796342159,-1,,720,,7d,2025-06-30T23:00:00+00:00,0.1986185235,
CGIE3_ID_02,2025-06,spearman::maximum_magnitude--temporal_burstiness,maximum_magnitude,temporal_burstiness,spearman,undirected,candidate,estimable,0.7567841501,0.7567841501,1,,720,,7d,2025-06-30T23:00:00+00:00,1.045431565e-134,
CGIE3_ID_02,2025-06,spearman::median_depth_km--median_interevent_time_hours,median_depth_km,median_interevent_time_hours,spearman,undirected,candidate,estimable,0.5306512354,0.5306512354,1,,720,,7d,2025-06-30T23:00:00+00:00,1.530781253e-53,
CGIE3_ID_02,2025-06,spearman::median_depth_km--spatial_dispersion_km,median_depth_km,spatial_dispersion_km,spearman,undirected,candidate,estimable,0.5878996933,0.5878996933,1,,720,,7d,2025-06-30T23:00:00+00:00,3.844356826e-68,
CGIE3_ID_02,2025-06,spearman::median_depth_km--temporal_burstiness,median_depth_km,temporal_burstiness,spearman,undirected,candidate,estimable,-0.4689390039,0.4689390039,-1,,720,,7d,2025-06-30T23:00:00+00:00,1.206948033e-40,
CGIE3_ID_02,2025-06,spearman::median_interevent_time_hours--spatial_dispersion_km,median_interevent_time_hours,spatial_dispersion_km,spearman,undirected,candidate,estimable,0.1122106639,0.1122106639,1,,720,,7d,2025-06-30T23:00:00+00:00,0.002567894217,
CGIE3_ID_02,2025-06,spearman::median_interevent_time_hours--temporal_burstiness,median_interevent_time_hours,temporal_burstiness,spearman,undirected,candidate,estimable,-0.8921723939,0.8921723939,-1,,720,,7d,2025-06-30T23:00:00+00:00,5.035843289e-250,
CGIE3_ID_02,2025-06,spearman::spatial_dispersion_km--temporal_burstiness,spatial_dispersion_km,temporal_burstiness,spearman,undirected,candidate,estimable,-0.1426272338,0.1426272338,-1,,720,,7d,2025-06-30T23:00:00+00:00,0.0001229895004,
CGIE3_ID_02,2025-07,spearman::depth_mad_km--event_count,depth_mad_km,event_count,spearman,undirected,candidate,estimable,-0.1992715045,0.1992715045,-1,,744,,7d,2025-07-31T23:00:00+00:00,4.22145721e-08,
CGIE3_ID_02,2025-07,spearman::depth_mad_km--interevent_time_mad_hours,depth_mad_km,interevent_time_mad_hours,spearman,undirected,candidate,estimable,0.1717755771,0.1717755771,1,,744,,7d,2025-07-31T23:00:00+00:00,2.445682408e-06,
CGIE3_ID_02,2025-07,spearman::depth_mad_km--log10_cumulative_energy_joule,depth_mad_km,log10_cumulative_energy_joule,spearman,undirected,candidate,estimable,-0.4114424243,0.4114424243,-1,,744,,7d,2025-07-31T23:00:00+00:00,9.251258763e-32,
CGIE3_ID_02,2025-07,spearman::depth_mad_km--maximum_magnitude,depth_mad_km,maximum_magnitude,spearman,undirected,candidate,estimable,-0.4203783991,0.4203783991,-1,,744,,7d,2025-07-31T23:00:00+00:00,3.227093558e-33,
CGIE3_ID_02,2025-07,spearman::depth_mad_km--median_depth_km,depth_mad_km,median_depth_km,spearman,undirected,candidate,estimable,-0.3698136393,0.3698136393,-1,,744,,7d,2025-07-31T23:00:00+00:00,1.582739206e-25,
CGIE3_ID_02,2025-07,spearman::depth_mad_km--median_interevent_time_hours,depth_mad_km,median_interevent_time_hours,spearman,undirected,candidate,estimable,0.3437207087,0.3437207087,1,,744,,7d,2025-07-31T23:00:00+00:00,4.663195183e-22,
CGIE3_ID_02,2025-07,spearman::depth_mad_km--spatial_dispersion_km,depth_mad_km,spatial_dispersion_km,spearman,undirected,candidate,estimable,-0.344958586,0.344958586,-1,,744,,7d,2025-07-31T23:00:00+00:00,3.245794705e-22,
CGIE3_ID_02,2025-07,spearman::depth_mad_km--temporal_burstiness,depth_mad_km,temporal_burstiness,spearman,undirected,candidate,estimable,-0.4911226921,0.4911226921,-1,,744,,7d,2025-07-31T23:00:00+00:00,1.997573156e-46,
CGIE3_ID_02,2025-07,spearman::event_count--interevent_time_mad_hours,event_count,interevent_time_mad_hours,spearman,undirected,candidate,estimable,-0.08297580825,0.08297580825,-1,,744,,7d,2025-07-31T23:00:00+00:00,0.02361246396,
CGIE3_ID_02,2025-07,spearman::event_count--log10_cumulative_energy_joule,event_count,log10_cumulative_energy_joule,spearman,undirected,candidate,estimable,0.5332784888,0.5332784888,1,,744,,7d,2025-07-31T23:00:00+00:00,6.668656896e-56,
CGIE3_ID_02,2025-07,spearman::event_count--maximum_magnitude,event_count,maximum_magnitude,spearman,undirected,candidate,estimable,0.4564983545,0.4564983545,1,,744,,7d,2025-07-31T23:00:00+00:00,1.420667213e-39,
CGIE3_ID_02,2025-07,spearman::event_count--median_depth_km,event_count,median_depth_km,spearman,undirected,candidate,estimable,-0.03619431659,0.03619431659,-1,,744,,7d,2025-07-31T23:00:00+00:00,0.3241760934,
CGIE3_ID_02,2025-07,spearman::event_count--median_interevent_time_hours,event_count,median_interevent_time_hours,spearman,undirected,candidate,estimable,-0.3909457899,0.3909457899,-1,,744,,7d,2025-07-31T23:00:00+00:00,1.401976731e-28,
CGIE3_ID_02,2025-07,spearman::event_count--spatial_dispersion_km,event_count,spatial_dispersion_km,spearman,undirected,candidate,estimable,0.1432325125,0.1432325125,1,,744,,7d,2025-07-31T23:00:00+00:00,8.835630639e-05,
CGIE3_ID_02,2025-07,spearman::event_count--temporal_burstiness,event_count,temporal_burstiness,spearman,undirected,candidate,estimable,0.4512965766,0.4512965766,1,,744,,7d,2025-07-31T23:00:00+00:00,1.305243162e-38,
CGIE3_ID_02,2025-07,spearman::interevent_time_mad_hours--log10_cumulative_energy_joule,interevent_time_mad_hours,log10_cumulative_energy_joule,spearman,undirected,candidate,estimable,-0.5058835157,0.5058835157,-1,,744,,7d,2025-07-31T23:00:00+00:00,1.355651724e-49,
CGIE3_ID_02,2025-07,spearman::interevent_time_mad_hours--maximum_magnitude,interevent_time_mad_hours,maximum_magnitude,spearman,undirected,candidate,estimable,-0.5156521363,0.5156521363,-1,,744,,7d,2025-07-31T23:00:00+00:00,8.880900571e-52,
CGIE3_ID_02,2025-07,spearman::interevent_time_mad_hours--median_depth_km,interevent_time_mad_hours,median_depth_km,spearman,undirected,candidate,estimable,-0.5630603149,0.5630603149,-1,,744,,7d,2025-07-31T23:00:00+00:00,1.888686897e-63,
CGIE3_ID_02,2025-07,spearman::interevent_time_mad_hours--median_interevent_time_hours,interevent_time_mad_hours,median_interevent_time_hours,spearman,undirected,candidate,estimable,0.6478812447,0.6478812447,1,,744,,7d,2025-07-31T23:00:00+00:00,9.025758588e-90,
CGIE3_ID_02,2025-07,spearman::interevent_time_mad_hours--spatial_dispersion_km,interevent_time_mad_hours,spatial_dispersion_km,spearman,undirected,candidate,estimable,0.1144562513,0.1144562513,1,,744,,7d,2025-07-31T23:00:00+00:00,0.001766103537,
CGIE3_ID_02,2025-07,spearman::interevent_time_mad_hours--temporal_burstiness,interevent_time_mad_hours,temporal_burstiness,spearman,undirected,candidate,estimable,-0.386052759,0.386052759,-1,,744,,7d,2025-07-31T23:00:00+00:00,7.474558122e-28,
CGIE3_ID_02,2025-07,spearman::log10_cumulative_energy_joule--maximum_magnitude,log10_cumulative_energy_joule,maximum_magnitude,spearman,undirected,candidate,estimable,0.9834901962,0.9834901962,1,,744,,7d,2025-07-31T23:00:00+00:00,0,
CGIE3_ID_02,2025-07,spearman::log10_cumulative_energy_joule--median_depth_km,log10_cumulative_energy_joule,median_depth_km,spearman,undirected,candidate,estimable,0.6471177039,0.6471177039,1,,744,,7d,2025-07-31T23:00:00+00:00,1.699509836e-89,
CGIE3_ID_02,2025-07,spearman::log10_cumulative_energy_joule--median_interevent_time_hours,log10_cumulative_energy_joule,median_interevent_time_hours,spearman,undirected,candidate,estimable,-0.695271544,0.695271544,-1,,744,,7d,2025-07-31T23:00:00+00:00,1.597029274e-108,
CGIE3_ID_02,2025-07,spearman::log10_cumulative_energy_joule--spatial_dispersion_km,log10_cumulative_energy_joule,spatial_dispersion_km,spearman,undirected,candidate,estimable,0.3415600235,0.3415600235,1,,744,,7d,2025-07-31T23:00:00+00:00,8.743167607e-22,
CGIE3_ID_02,2025-07,spearman::log10_cumulative_energy_joule--temporal_burstiness,log10_cumulative_energy_joule,temporal_burstiness,spearman,undirected,candidate,estimable,0.6222076181,0.6222076181,1,,744,,7d,2025-07-31T23:00:00+00:00,6.055653332e-81,
CGIE3_ID_02,2025-07,spearman::maximum_magnitude--median_depth_km,maximum_magnitude,median_depth_km,spearman,undirected,candidate,estimable,0.6542247829,0.6542247829,1,,744,,7d,2025-07-31T23:00:00+00:00,4.377027005e-92,
CGIE3_ID_02,2025-07,spearman::maximum_magnitude--median_interevent_time_hours,maximum_magnitude,median_interevent_time_hours,spearman,undirected,candidate,estimable,-0.7078773322,0.7078773322,-1,,744,,7d,2025-07-31T23:00:00+00:00,3.821127194e-114,
CGIE3_ID_02,2025-07,spearman::maximum_magnitude--spatial_dispersion_km,maximum_magnitude,spatial_dispersion_km,spearman,undirected,candidate,estimable,0.3517583368,0.3517583368,1,,744,,7d,2025-07-31T23:00:00+00:00,4.307865235e-23,
CGIE3_ID_02,2025-07,spearman::maximum_magnitude--temporal_burstiness,maximum_magnitude,temporal_burstiness,spearman,undirected,candidate,estimable,0.601748799,0.601748799,1,,744,,7d,2025-07-31T23:00:00+00:00,1.774030794e-74,
CGIE3_ID_02,2025-07,spearman::median_depth_km--median_interevent_time_hours,median_depth_km,median_interevent_time_hours,spearman,undirected,candidate,estimable,-0.4754635858,0.4754635858,-1,,744,,7d,2025-07-31T23:00:00+00:00,3.138585677e-43,
CGIE3_ID_02,2025-07,spearman::median_depth_km--spatial_dispersion_km,median_depth_km,spatial_dispersion_km,spearman,undirected,candidate,estimable,0.2300962734,0.2300962734,1,,744,,7d,2025-07-31T23:00:00+00:00,2.138564762e-10,
CGIE3_ID_02,2025-07,spearman::median_depth_km--temporal_burstiness,median_depth_km,temporal_burstiness,spearman,undirected,candidate,estimable,0.4446486597,0.4446486597,1,,744,,7d,2025-07-31T23:00:00+00:00,2.10228196e-37,
CGIE3_ID_02,2025-07,spearman::median_interevent_time_hours--spatial_dispersion_km,median_interevent_time_hours,spatial_dispersion_km,spearman,undirected,candidate,estimable,0.1147460927,0.1147460927,1,,744,,7d,2025-07-31T23:00:00+00:00,0.001718811471,
CGIE3_ID_02,2025-07,spearman::median_interevent_time_hours--temporal_burstiness,median_interevent_time_hours,temporal_burstiness,spearman,undirected,candidate,estimable,-0.7633826415,0.7633826415,-1,,744,,7d,2025-07-31T23:00:00+00:00,5.614305546e-143,
CGIE3_ID_02,2025-07,spearman::spatial_dispersion_km--temporal_burstiness,spatial_dispersion_km,temporal_burstiness,spearman,undirected,candidate,estimable,0.06445015749,0.06445015749,1,,744,,7d,2025-07-31T23:00:00+00:00,0.07894561749,
CGIE3_ID_02,2025-08,spearman::depth_mad_km--event_count,depth_mad_km,event_count,spearman,undirected,candidate,estimable,-0.09577557309,0.09577557309,-1,,744,,7d,2025-08-31T23:00:00+00:00,0.008948165126,
CGIE3_ID_02,2025-08,spearman::depth_mad_km--interevent_time_mad_hours,depth_mad_km,interevent_time_mad_hours,spearman,undirected,candidate,estimable,0.1991552891,0.1991552891,1,,744,,7d,2025-08-31T23:00:00+00:00,4.30001243e-08,
CGIE3_ID_02,2025-08,spearman::depth_mad_km--log10_cumulative_energy_joule,depth_mad_km,log10_cumulative_energy_joule,spearman,undirected,candidate,estimable,0.2005207861,0.2005207861,1,,744,,7d,2025-08-31T23:00:00+00:00,3.460061517e-08,
CGIE3_ID_02,2025-08,spearman::depth_mad_km--maximum_magnitude,depth_mad_km,maximum_magnitude,spearman,undirected,candidate,estimable,0.2793049782,0.2793049782,1,,744,,7d,2025-08-31T23:00:00+00:00,8.454155014e-15,
CGIE3_ID_02,2025-08,spearman::depth_mad_km--median_depth_km,depth_mad_km,median_depth_km,spearman,undirected,candidate,estimable,-0.6847419,0.6847419,-1,,744,,7d,2025-08-31T23:00:00+00:00,4.780454378e-104,
CGIE3_ID_02,2025-08,spearman::depth_mad_km--median_interevent_time_hours,depth_mad_km,median_interevent_time_hours,spearman,undirected,candidate,estimable,0.1656291697,0.1656291697,1,,744,,7d,2025-08-31T23:00:00+00:00,5.583712147e-06,
CGIE3_ID_02,2025-08,spearman::depth_mad_km--spatial_dispersion_km,depth_mad_km,spatial_dispersion_km,spearman,undirected,candidate,estimable,0.2968413868,0.2968413868,1,,744,,7d,2025-08-31T23:00:00+00:00,1.336666927e-16,
CGIE3_ID_02,2025-08,spearman::depth_mad_km--temporal_burstiness,depth_mad_km,temporal_burstiness,spearman,undirected,candidate,estimable,-0.1407420195,0.1407420195,-1,,744,,7d,2025-08-31T23:00:00+00:00,0.0001173184308,
CGIE3_ID_02,2025-08,spearman::event_count--interevent_time_mad_hours,event_count,interevent_time_mad_hours,spearman,undirected,candidate,estimable,-0.4787368473,0.4787368473,-1,,744,,7d,2025-08-31T23:00:00+00:00,6.953958938e-44,
CGIE3_ID_02,2025-08,spearman::event_count--log10_cumulative_energy_joule,event_count,log10_cumulative_energy_joule,spearman,undirected,candidate,estimable,0.2116222214,0.2116222214,1,,744,,7d,2025-08-31T23:00:00+00:00,5.58547243e-09,
CGIE3_ID_02,2025-08,spearman::event_count--maximum_magnitude,event_count,maximum_magnitude,spearman,undirected,candidate,estimable,-0.009633160883,0.009633160883,-1,,744,,7d,2025-08-31T23:00:00+00:00,0.7930732941,
CGIE3_ID_02,2025-08,spearman::event_count--median_depth_km,event_count,median_depth_km,spearman,undirected,candidate,estimable,0.3190916174,0.3190916174,1,,744,,7d,2025-08-31T23:00:00+00:00,4.524618917e-19,
CGIE3_ID_02,2025-08,spearman::event_count--median_interevent_time_hours,event_count,median_interevent_time_hours,spearman,undirected,candidate,estimable,-0.5339712815,0.5339712815,-1,,744,,7d,2025-08-31T23:00:00+00:00,4.538567694e-56,
CGIE3_ID_02,2025-08,spearman::event_count--spatial_dispersion_km,event_count,spatial_dispersion_km,spearman,undirected,candidate,estimable,0.3520079219,0.3520079219,1,,744,,7d,2025-08-31T23:00:00+00:00,3.996314838e-23,
CGIE3_ID_02,2025-08,spearman::event_count--temporal_burstiness,event_count,temporal_burstiness,spearman,undirected,candidate,estimable,0.2913919309,0.2913919309,1,,744,,7d,2025-08-31T23:00:00+00:00,5.003106371e-16,
CGIE3_ID_02,2025-08,spearman::interevent_time_mad_hours--log10_cumulative_energy_joule,interevent_time_mad_hours,log10_cumulative_energy_joule,spearman,undirected,candidate,estimable,0.3006689089,0.3006689089,1,,744,,7d,2025-08-31T23:00:00+00:00,5.200150029e-17,
CGIE3_ID_02,2025-08,spearman::interevent_time_mad_hours--maximum_magnitude,interevent_time_mad_hours,maximum_magnitude,spearman,undirected,candidate,estimable,0.3589785464,0.3589785464,1,,744,,7d,2025-08-31T23:00:00+00:00,4.778144135e-24,
CGIE3_ID_02,2025-08,spearman::interevent_time_mad_hours--median_depth_km,interevent_time_mad_hours,median_depth_km,spearman,undirected,candidate,estimable,-0.5419179076,0.5419179076,-1,,744,,7d,2025-08-31T23:00:00+00:00,5.151808725e-58,
CGIE3_ID_02,2025-08,spearman::interevent_time_mad_hours--median_interevent_time_hours,interevent_time_mad_hours,median_interevent_time_hours,spearman,undirected,candidate,estimable,0.970358511,0.970358511,1,,744,,7d,2025-08-31T23:00:00+00:00,0,
CGIE3_ID_02,2025-08,spearman::interevent_time_mad_hours--spatial_dispersion_km,interevent_time_mad_hours,spatial_dispersion_km,spearman,undirected,candidate,estimable,-0.1471228026,0.1471228026,-1,,744,,7d,2025-08-31T23:00:00+00:00,5.621345465e-05,
CGIE3_ID_02,2025-08,spearman::interevent_time_mad_hours--temporal_burstiness,interevent_time_mad_hours,temporal_burstiness,spearman,undirected,candidate,estimable,-0.8154209451,0.8154209451,-1,,744,,7d,2025-08-31T23:00:00+00:00,2.450118385e-178,
CGIE3_ID_02,2025-08,spearman::log10_cumulative_energy_joule--maximum_magnitude,log10_cumulative_energy_joule,maximum_magnitude,spearman,undirected,candidate,estimable,0.9125738063,0.9125738063,1,,744,,7d,2025-08-31T23:00:00+00:00,2.165623677e-290,
CGIE3_ID_02,2025-08,spearman::log10_cumulative_energy_joule--median_depth_km,log10_cumulative_energy_joule,median_depth_km,spearman,undirected,candidate,estimable,-0.1642426775,0.1642426775,-1,,744,,7d,2025-08-31T23:00:00+00:00,6.699323967e-06,
CGIE3_ID_02,2025-08,spearman::log10_cumulative_energy_joule--median_interevent_time_hours,log10_cumulative_energy_joule,median_interevent_time_hours,spearman,undirected,candidate,estimable,0.2700017655,0.2700017655,1,,744,,7d,2025-08-31T23:00:00+00:00,6.790318278e-14,
CGIE3_ID_02,2025-08,spearman::log10_cumulative_energy_joule--spatial_dispersion_km,log10_cumulative_energy_joule,spatial_dispersion_km,spearman,undirected,candidate,estimable,-0.03307387356,0.03307387356,-1,,744,,7d,2025-08-31T23:00:00+00:00,0.3676603134,
CGIE3_ID_02,2025-08,spearman::log10_cumulative_energy_joule--temporal_burstiness,log10_cumulative_energy_joule,temporal_burstiness,spearman,undirected,candidate,estimable,-0.2972993082,0.2972993082,-1,,744,,7d,2025-08-31T23:00:00+00:00,1.194793954e-16,
CGIE3_ID_02,2025-08,spearman::maximum_magnitude--median_depth_km,maximum_magnitude,median_depth_km,spearman,undirected,candidate,estimable,-0.2456868575,0.2456868575,-1,,744,,7d,2025-08-31T23:00:00+00:00,1.086228087e-11,
CGIE3_ID_02,2025-08,spearman::maximum_magnitude--median_interevent_time_hours,maximum_magnitude,median_interevent_time_hours,spearman,undirected,candidate,estimable,0.3629245243,0.3629245243,1,,744,,7d,2025-08-31T23:00:00+00:00,1.402387932e-24,
CGIE3_ID_02,2025-08,spearman::maximum_magnitude--spatial_dispersion_km,maximum_magnitude,spatial_dispersion_km,spearman,undirected,candidate,estimable,-0.1974459132,0.1974459132,-1,,744,,7d,2025-08-31T23:00:00+00:00,5.632416936e-08,
CGIE3_ID_02,2025-08,spearman::maximum_magnitude--temporal_burstiness,maximum_magnitude,temporal_burstiness,spearman,undirected,candidate,estimable,-0.3652397458,0.3652397458,-1,,744,,7d,2025-08-31T23:00:00+00:00,6.77671979e-25,
CGIE3_ID_02,2025-08,spearman::median_depth_km--median_interevent_time_hours,median_depth_km,median_interevent_time_hours,spearman,undirected,candidate,estimable,-0.52567927,0.52567927,-1,,744,,7d,2025-08-31T23:00:00+00:00,4.285196384e-54,
CGIE3_ID_02,2025-08,spearman::median_depth_km--spatial_dispersion_km,median_depth_km,spatial_dispersion_km,spearman,undirected,candidate,estimable,0.05009969537,0.05009969537,1,,744,,7d,2025-08-31T23:00:00+00:00,0.1722225316,
CGIE3_ID_02,2025-08,spearman::median_depth_km--temporal_burstiness,median_depth_km,temporal_burstiness,spearman,undirected,candidate,estimable,0.5696747679,0.5696747679,1,,744,,7d,2025-08-31T23:00:00+00:00,3.117206233e-65,
CGIE3_ID_02,2025-08,spearman::median_interevent_time_hours--spatial_dispersion_km,median_interevent_time_hours,spatial_dispersion_km,spearman,undirected,candidate,estimable,-0.1731899705,0.1731899705,-1,,744,,7d,2025-08-31T23:00:00+00:00,2.014100744e-06,
CGIE3_ID_02,2025-08,spearman::median_interevent_time_hours--temporal_burstiness,median_interevent_time_hours,temporal_burstiness,spearman,undirected,candidate,estimable,-0.8264979245,0.8264979245,-1,,744,,7d,2025-08-31T23:00:00+00:00,2.465078391e-187,
CGIE3_ID_02,2025-08,spearman::spatial_dispersion_km--temporal_burstiness,spatial_dispersion_km,temporal_burstiness,spearman,undirected,candidate,estimable,0.2645284388,0.2645284388,1,,744,,7d,2025-08-31T23:00:00+00:00,2.229121087e-13,
CGIE3_ID_02,2025-09,spearman::depth_mad_km--event_count,depth_mad_km,event_count,spearman,undirected,candidate,estimable,0.7814796578,0.7814796578,1,,720,,7d,2025-09-30T23:00:00+00:00,3.078497463e-149,
CGIE3_ID_02,2025-09,spearman::depth_mad_km--interevent_time_mad_hours,depth_mad_km,interevent_time_mad_hours,spearman,undirected,candidate,estimable,-0.4302044253,0.4302044253,-1,,720,,7d,2025-09-30T23:00:00+00:00,8.482153668e-34,
CGIE3_ID_02,2025-09,spearman::depth_mad_km--log10_cumulative_energy_joule,depth_mad_km,log10_cumulative_energy_joule,spearman,undirected,candidate,estimable,0.2925362661,0.2925362661,1,,720,,7d,2025-09-30T23:00:00+00:00,1.129973612e-15,
CGIE3_ID_02,2025-09,spearman::depth_mad_km--maximum_magnitude,depth_mad_km,maximum_magnitude,spearman,undirected,candidate,estimable,0.2007588386,0.2007588386,1,,720,,7d,2025-09-30T23:00:00+00:00,5.542306378e-08,
CGIE3_ID_02,2025-09,spearman::depth_mad_km--median_depth_km,depth_mad_km,median_depth_km,spearman,undirected,candidate,estimable,-0.7367272484,0.7367272484,-1,,720,,7d,2025-09-30T23:00:00+00:00,3.938100278e-124,
CGIE3_ID_02,2025-09,spearman::depth_mad_km--median_interevent_time_hours,depth_mad_km,median_interevent_time_hours,spearman,undirected,candidate,estimable,-0.6337496957,0.6337496957,-1,,720,,7d,2025-09-30T23:00:00+00:00,3.988561528e-82,
CGIE3_ID_02,2025-09,spearman::depth_mad_km--spatial_dispersion_km,depth_mad_km,spatial_dispersion_km,spearman,undirected,candidate,estimable,-0.4609181478,0.4609181478,-1,,720,,7d,2025-09-30T23:00:00+00:00,3.737908325e-39,
CGIE3_ID_02,2025-09,spearman::depth_mad_km--temporal_burstiness,depth_mad_km,temporal_burstiness,spearman,undirected,candidate,estimable,0.5430474758,0.5430474758,1,,714,,7d,2025-09-30T23:00:00+00:00,5.204737347e-56,
CGIE3_ID_02,2025-09,spearman::event_count--interevent_time_mad_hours,event_count,interevent_time_mad_hours,spearman,undirected,candidate,estimable,-0.6546002074,0.6546002074,-1,,720,,7d,2025-09-30T23:00:00+00:00,2.663099608e-89,
CGIE3_ID_02,2025-09,spearman::event_count--log10_cumulative_energy_joule,event_count,log10_cumulative_energy_joule,spearman,undirected,candidate,estimable,0.6494235971,0.6494235971,1,,720,,7d,2025-09-30T23:00:00+00:00,1.818104283e-87,
CGIE3_ID_02,2025-09,spearman::event_count--maximum_magnitude,event_count,maximum_magnitude,spearman,undirected,candidate,estimable,0.4695864406,0.4695864406,1,,720,,7d,2025-09-30T23:00:00+00:00,9.111838711e-41,
CGIE3_ID_02,2025-09,spearman::event_count--median_depth_km,event_count,median_depth_km,spearman,undirected,candidate,estimable,-0.8896431096,0.8896431096,-1,,720,,7d,2025-09-30T23:00:00+00:00,1.287360308e-246,
CGIE3_ID_02,2025-09,spearman::event_count--median_interevent_time_hours,event_count,median_interevent_time_hours,spearman,undirected,candidate,estimable,-0.8329518703,0.8329518703,-1,,720,,7d,2025-09-30T23:00:00+00:00,1.057335158e-186,
CGIE3_ID_02,2025-09,spearman::event_count--spatial_dispersion_km,event_count,spatial_dispersion_km,spearman,undirected,candidate,estimable,-0.5322670758,0.5322670758,-1,,720,,7d,2025-09-30T23:00:00+00:00,6.462788005e-54,
CGIE3_ID_02,2025-09,spearman::event_count--temporal_burstiness,event_count,temporal_burstiness,spearman,undirected,candidate,estimable,0.8380511238,0.8380511238,1,,714,,7d,2025-09-30T23:00:00+00:00,1.591719972e-189,
CGIE3_ID_02,2025-09,spearman::interevent_time_mad_hours--log10_cumulative_energy_joule,interevent_time_mad_hours,log10_cumulative_energy_joule,spearman,undirected,candidate,estimable,-0.589128814,0.589128814,-1,,720,,7d,2025-09-30T23:00:00+00:00,1.733196541e-68,
CGIE3_ID_02,2025-09,spearman::interevent_time_mad_hours--maximum_magnitude,interevent_time_mad_hours,maximum_magnitude,spearman,undirected,candidate,estimable,-0.4691403421,0.4691403421,-1,,720,,7d,2025-09-30T23:00:00+00:00,1.105991194e-40,
CGIE3_ID_02,2025-09,spearman::interevent_time_mad_hours--median_depth_km,interevent_time_mad_hours,median_depth_km,spearman,undirected,candidate,estimable,0.7234195897,0.7234195897,1,,720,,7d,2025-09-30T23:00:00+00:00,1.236104729e-117,
CGIE3_ID_02,2025-09,spearman::interevent_time_mad_hours--median_interevent_time_hours,interevent_time_mad_hours,median_interevent_time_hours,spearman,undirected,candidate,estimable,0.857741963,0.857741963,1,,720,,7d,2025-09-30T23:00:00+00:00,1.149434943e-209,
CGIE3_ID_02,2025-09,spearman::interevent_time_mad_hours--spatial_dispersion_km,interevent_time_mad_hours,spatial_dispersion_km,spearman,undirected,candidate,estimable,0.6761352139,0.6761352139,1,,720,,7d,2025-09-30T23:00:00+00:00,2.457580393e-97,
CGIE3_ID_02,2025-09,spearman::interevent_time_mad_hours--temporal_burstiness,interevent_time_mad_hours,temporal_burstiness,spearman,undirected,candidate,estimable,-0.8521826478,0.8521826478,-1,,714,,7d,2025-09-30T23:00:00+00:00,1.830086896e-202,
CGIE3_ID_02,2025-09,spearman::log10_cumulative_energy_joule--maximum_magnitude,log10_cumulative_energy_joule,maximum_magnitude,spearman,undirected,candidate,estimable,0.9070041952,0.9070041952,1,,720,,7d,2025-09-30T23:00:00+00:00,6.927467183e-272,
CGIE3_ID_02,2025-09,spearman::log10_cumulative_energy_joule--median_depth_km,log10_cumulative_energy_joule,median_depth_km,spearman,undirected,candidate,estimable,-0.4368941136,0.4368941136,-1,,720,,7d,2025-09-30T23:00:00+00:00,6.429171424e-35,
CGIE3_ID_02,2025-09,spearman::log10_cumulative_energy_joule--median_interevent_time_hours,log10_cumulative_energy_joule,median_interevent_time_hours,spearman,undirected,candidate,estimable,-0.7058821681,0.7058821681,-1,,720,,7d,2025-09-30T23:00:00+00:00,1.23953119e-109,
CGIE3_ID_02,2025-09,spearman::log10_cumulative_energy_joule--spatial_dispersion_km,log10_cumulative_energy_joule,spatial_dispersion_km,spearman,undirected,candidate,estimable,-0.6417651317,0.6417651317,-1,,720,,7d,2025-09-30T23:00:00+00:00,8.098643554e-85,
CGIE3_ID_02,2025-09,spearman::log10_cumulative_energy_joule--temporal_burstiness,log10_cumulative_energy_joule,temporal_burstiness,spearman,undirected,candidate,estimable,0.7820855881,0.7820855881,1,,714,,7d,2025-09-30T23:00:00+00:00,2.199247256e-148,
CGIE3_ID_02,2025-09,spearman::maximum_magnitude--median_depth_km,maximum_magnitude,median_depth_km,spearman,undirected,candidate,estimable,-0.2704462958,0.2704462958,-1,,720,,7d,2025-09-30T23:00:00+00:00,1.556631664e-13,
CGIE3_ID_02,2025-09,spearman::maximum_magnitude--median_interevent_time_hours,maximum_magnitude,median_interevent_time_hours,spearman,undirected,candidate,estimable,-0.5246494593,0.5246494593,-1,,720,,7d,2025-09-30T23:00:00+00:00,3.616913511e-52,
CGIE3_ID_02,2025-09,spearman::maximum_magnitude--spatial_dispersion_km,maximum_magnitude,spatial_dispersion_km,spearman,undirected,candidate,estimable,-0.6707385215,0.6707385215,-1,,720,,7d,2025-09-30T23:00:00+00:00,2.936142545e-95,
CGIE3_ID_02,2025-09,spearman::maximum_magnitude--temporal_burstiness,maximum_magnitude,temporal_burstiness,spearman,undirected,candidate,estimable,0.6019679436,0.6019679436,1,,714,,7d,2025-09-30T23:00:00+00:00,1.325857113e-71,
CGIE3_ID_02,2025-09,spearman::median_depth_km--median_interevent_time_hours,median_depth_km,median_interevent_time_hours,spearman,undirected,candidate,estimable,0.7664741398,0.7664741398,1,,720,,7d,2025-09-30T23:00:00+00:00,3.408627549e-140,
CGIE3_ID_02,2025-09,spearman::median_depth_km--spatial_dispersion_km,median_depth_km,spatial_dispersion_km,spearman,undirected,candidate,estimable,0.4590313696,0.4590313696,1,,720,,7d,2025-09-30T23:00:00+00:00,8.272424267e-39,
CGIE3_ID_02,2025-09,spearman::median_depth_km--temporal_burstiness,median_depth_km,temporal_burstiness,spearman,undirected,candidate,estimable,-0.7376755474,0.7376755474,-1,,714,,7d,2025-09-30T23:00:00+00:00,1.388774326e-123,
CGIE3_ID_02,2025-09,spearman::median_interevent_time_hours--spatial_dispersion_km,median_interevent_time_hours,spatial_dispersion_km,spearman,undirected,candidate,estimable,0.7017708297,0.7017708297,1,,720,,7d,2025-09-30T23:00:00+00:00,7.654045262e-108,
CGIE3_ID_02,2025-09,spearman::median_interevent_time_hours--temporal_burstiness,median_interevent_time_hours,temporal_burstiness,spearman,undirected,candidate,estimable,-0.9655697316,0.9655697316,-1,,714,,7d,2025-09-30T23:00:00+00:00,0,
CGIE3_ID_02,2025-09,spearman::spatial_dispersion_km--temporal_burstiness,spatial_dispersion_km,temporal_burstiness,spearman,undirected,candidate,estimable,-0.7064935537,0.7064935537,-1,,714,,7d,2025-09-30T23:00:00+00:00,5.332962856e-109,
CGIE3_ID_02,2025-10,spearman::depth_mad_km--event_count,depth_mad_km,event_count,spearman,undirected,candidate,estimable,-0.3236683158,0.3236683158,-1,,744,,7d,2025-10-31T23:00:00+00:00,1.321213686e-19,
CGIE3_ID_02,2025-10,spearman::depth_mad_km--interevent_time_mad_hours,depth_mad_km,interevent_time_mad_hours,spearman,undirected,candidate,estimable,0.4055929497,0.4055929497,1,,744,,7d,2025-10-31T23:00:00+00:00,7.881924159e-31,
CGIE3_ID_02,2025-10,spearman::depth_mad_km--log10_cumulative_energy_joule,depth_mad_km,log10_cumulative_energy_joule,spearman,undirected,candidate,estimable,-0.1487080791,0.1487080791,-1,,744,,7d,2025-10-31T23:00:00+00:00,4.659968922e-05,
CGIE3_ID_02,2025-10,spearman::depth_mad_km--maximum_magnitude,depth_mad_km,maximum_magnitude,spearman,undirected,candidate,estimable,-0.07642457973,0.07642457973,-1,,744,,7d,2025-10-31T23:00:00+00:00,0.03714849704,
CGIE3_ID_02,2025-10,spearman::depth_mad_km--median_depth_km,depth_mad_km,median_depth_km,spearman,undirected,candidate,estimable,-0.6260803332,0.6260803332,-1,,744,,7d,2025-10-31T23:00:00+00:00,3.187822825e-82,
CGIE3_ID_02,2025-10,spearman::depth_mad_km--median_interevent_time_hours,depth_mad_km,median_interevent_time_hours,spearman,undirected,candidate,estimable,0.3755155258,0.3755155258,1,,744,,7d,2025-10-31T23:00:00+00:00,2.498662593e-26,
CGIE3_ID_02,2025-10,spearman::depth_mad_km--spatial_dispersion_km,depth_mad_km,spatial_dispersion_km,spearman,undirected,candidate,estimable,0.2311513802,0.2311513802,1,,744,,7d,2025-10-31T23:00:00+00:00,1.759574467e-10,
CGIE3_ID_02,2025-10,spearman::depth_mad_km--temporal_burstiness,depth_mad_km,temporal_burstiness,spearman,undirected,candidate,estimable,-0.3870028356,0.3870028356,-1,,744,,7d,2025-10-31T23:00:00+00:00,5.412673765e-28,
CGIE3_ID_02,2025-10,spearman::event_count--interevent_time_mad_hours,event_count,interevent_time_mad_hours,spearman,undirected,candidate,estimable,-0.4843392517,0.4843392517,-1,,744,,7d,2025-10-31T23:00:00+00:00,5.075003397e-45,
CGIE3_ID_02,2025-10,spearman::event_count--log10_cumulative_energy_joule,event_count,log10_cumulative_energy_joule,spearman,undirected,candidate,estimable,0.08909676877,0.08909676877,1,,744,,7d,2025-10-31T23:00:00+00:00,0.01505780388,
CGIE3_ID_02,2025-10,spearman::event_count--maximum_magnitude,event_count,maximum_magnitude,spearman,undirected,candidate,estimable,-0.1007790231,0.1007790231,-1,,744,,7d,2025-10-31T23:00:00+00:00,0.005936458027,
CGIE3_ID_02,2025-10,spearman::event_count--median_depth_km,event_count,median_depth_km,spearman,undirected,candidate,estimable,0.2723287125,0.2723287125,1,,744,,7d,2025-10-31T23:00:00+00:00,4.062727456e-14,
CGIE3_ID_02,2025-10,spearman::event_count--median_interevent_time_hours,event_count,median_interevent_time_hours,spearman,undirected,candidate,estimable,-0.4203224934,0.4203224934,-1,,744,,7d,2025-10-31T23:00:00+00:00,3.296601739e-33,
CGIE3_ID_02,2025-10,spearman::event_count--spatial_dispersion_km,event_count,spatial_dispersion_km,spearman,undirected,candidate,estimable,0.2120879744,0.2120879744,1,,744,,7d,2025-10-31T23:00:00+00:00,5.162553816e-09,
CGIE3_ID_02,2025-10,spearman::event_count--temporal_burstiness,event_count,temporal_burstiness,spearman,undirected,candidate,estimable,0.02374145667,0.02374145667,1,,744,,7d,2025-10-31T23:00:00+00:00,0.5179019342,
CGIE3_ID_02,2025-10,spearman::interevent_time_mad_hours--log10_cumulative_energy_joule,interevent_time_mad_hours,log10_cumulative_energy_joule,spearman,undirected,candidate,estimable,0.006478837356,0.006478837356,1,,744,,7d,2025-10-31T23:00:00+00:00,0.8599609793,
CGIE3_ID_02,2025-10,spearman::interevent_time_mad_hours--maximum_magnitude,interevent_time_mad_hours,maximum_magnitude,spearman,undirected,candidate,estimable,0.1361573474,0.1361573474,1,,744,,7d,2025-10-31T23:00:00+00:00,0.0001953204632,
CGIE3_ID_02,2025-10,spearman::interevent_time_mad_hours--median_depth_km,interevent_time_mad_hours,median_depth_km,spearman,undirected,candidate,estimable,-0.2064056749,0.2064056749,-1,,744,,7d,2025-10-31T23:00:00+00:00,1.332669487e-08,
CGIE3_ID_02,2025-10,spearman::interevent_time_mad_hours--median_interevent_time_hours,interevent_time_mad_hours,median_interevent_time_hours,spearman,undirected,candidate,estimable,0.9511706297,0.9511706297,1,,744,,7d,2025-10-31T23:00:00+00:00,0,
CGIE3_ID_02,2025-10,spearman::interevent_time_mad_hours--spatial_dispersion_km,interevent_time_mad_hours,spatial_dispersion_km,spearman,undirected,candidate,estimable,0.2464191657,0.2464191657,1,,744,,7d,2025-10-31T23:00:00+00:00,9.394512632e-12,
CGIE3_ID_02,2025-10,spearman::interevent_time_mad_hours--temporal_burstiness,interevent_time_mad_hours,temporal_burstiness,spearman,undirected,candidate,estimable,-0.7508205467,0.7508205467,-1,,744,,7d,2025-10-31T23:00:00+00:00,8.695375258e-136,
CGIE3_ID_02,2025-10,spearman::log10_cumulative_energy_joule--maximum_magnitude,log10_cumulative_energy_joule,maximum_magnitude,spearman,undirected,candidate,estimable,0.9211682748,0.9211682748,1,,744,,7d,2025-10-31T23:00:00+00:00,2.404346289e-306,
CGIE3_ID_02,2025-10,spearman::log10_cumulative_energy_joule--median_depth_km,log10_cumulative_energy_joule,median_depth_km,spearman,undirected,candidate,estimable,0.5838724997,0.5838724997,1,,744,,7d,2025-10-31T23:00:00+00:00,3.375626302e-69,
CGIE3_ID_02,2025-10,spearman::log10_cumulative_energy_joule--median_interevent_time_hours,log10_cumulative_energy_joule,median_interevent_time_hours,spearman,undirected,candidate,estimable,0.05379635513,0.05379635513,1,,744,,7d,2025-10-31T23:00:00+00:00,0.1426582733,
CGIE3_ID_02,2025-10,spearman::log10_cumulative_energy_joule--spatial_dispersion_km,log10_cumulative_energy_joule,spatial_dispersion_km,spearman,undirected,candidate,estimable,-0.305854788,0.305854788,-1,,744,,7d,2025-10-31T23:00:00+00:00,1.41471522e-17,
CGIE3_ID_02,2025-10,spearman::log10_cumulative_energy_joule--temporal_burstiness,log10_cumulative_energy_joule,temporal_burstiness,spearman,undirected,candidate,estimable,0.08097755632,0.08097755632,1,,744,,7d,2025-10-31T23:00:00+00:00,0.02719638072,
CGIE3_ID_02,2025-10,spearman::maximum_magnitude--median_depth_km,maximum_magnitude,median_depth_km,spearman,undirected,candidate,estimable,0.4713605665,0.4713605665,1,,744,,7d,2025-10-31T23:00:00+00:00,2.028637245e-42,
CGIE3_ID_02,2025-10,spearman::maximum_magnitude--median_interevent_time_hours,maximum_magnitude,median_interevent_time_hours,spearman,undirected,candidate,estimable,0.1694974644,0.1694974644,1,,744,,7d,2025-10-31T23:00:00+00:00,3.332559409e-06,
CGIE3_ID_02,2025-10,spearman::maximum_magnitude--spatial_dispersion_km,maximum_magnitude,spatial_dispersion_km,spearman,undirected,candidate,estimable,-0.3017153974,0.3017153974,-1,,744,,7d,2025-10-31T23:00:00+00:00,4.00723927e-17,
CGIE3_ID_02,2025-10,spearman::maximum_magnitude--temporal_burstiness,maximum_magnitude,temporal_burstiness,spearman,undirected,candidate,estimable,0.02035213109,0.02035213109,1,,744,,7d,2025-10-31T23:00:00+00:00,0.5794035707,
CGIE3_ID_02,2025-10,spearman::median_depth_km--median_interevent_time_hours,median_depth_km,median_interevent_time_hours,spearman,undirected,candidate,estimable,-0.09886490919,0.09886490919,-1,,744,,7d,2025-10-31T23:00:00+00:00,0.006959934955,
CGIE3_ID_02,2025-10,spearman::median_depth_km--spatial_dispersion_km,median_depth_km,spatial_dispersion_km,spearman,undirected,candidate,estimable,-0.3845830187,0.3845830187,-1,,744,,7d,2025-10-31T23:00:00+00:00,1.228926979e-27,
CGIE3_ID_02,2025-10,spearman::median_depth_km--temporal_burstiness,median_depth_km,temporal_burstiness,spearman,undirected,candidate,estimable,0.1701595717,0.1701595717,1,,744,,7d,2025-10-31T23:00:00+00:00,3.047223822e-06,
CGIE3_ID_02,2025-10,spearman::median_interevent_time_hours--spatial_dispersion_km,median_interevent_time_hours,spatial_dispersion_km,spearman,undirected,candidate,estimable,0.1847823189,0.1847823189,1,,744,,7d,2025-10-31T23:00:00+00:00,3.865098794e-07,
CGIE3_ID_02,2025-10,spearman::median_interevent_time_hours--temporal_burstiness,median_interevent_time_hours,temporal_burstiness,spearman,undirected,candidate,estimable,-0.8090411438,0.8090411438,-1,,744,,7d,2025-10-31T23:00:00+00:00,1.996889605e-173,
CGIE3_ID_02,2025-10,spearman::spatial_dispersion_km--temporal_burstiness,spatial_dispersion_km,temporal_burstiness,spearman,undirected,candidate,estimable,-0.5552033757,0.5552033757,-1,,744,,7d,2025-10-31T23:00:00+00:00,2.196833145e-61,
CGIE3_ID_02,2025-11,spearman::depth_mad_km--event_count,depth_mad_km,event_count,spearman,undirected,candidate,estimable,-0.1604140368,0.1604140368,-1,,720,,7d,2025-11-30T23:00:00+00:00,1.525876475e-05,
CGIE3_ID_02,2025-11,spearman::depth_mad_km--interevent_time_mad_hours,depth_mad_km,interevent_time_mad_hours,spearman,undirected,candidate,estimable,0.1640447448,0.1640447448,1,,720,,7d,2025-11-30T23:00:00+00:00,9.682767241e-06,
CGIE3_ID_02,2025-11,spearman::depth_mad_km--log10_cumulative_energy_joule,depth_mad_km,log10_cumulative_energy_joule,spearman,undirected,candidate,estimable,0.1050308282,0.1050308282,1,,720,,7d,2025-11-30T23:00:00+00:00,0.004784695173,
CGIE3_ID_02,2025-11,spearman::depth_mad_km--maximum_magnitude,depth_mad_km,maximum_magnitude,spearman,undirected,candidate,estimable,0.3268889518,0.3268889518,1,,720,,7d,2025-11-30T23:00:00+00:00,2.163557778e-19,
CGIE3_ID_02,2025-11,spearman::depth_mad_km--median_depth_km,depth_mad_km,median_depth_km,spearman,undirected,candidate,estimable,-0.5751173107,0.5751173107,-1,,720,,7d,2025-11-30T23:00:00+00:00,1.249324465e-64,
CGIE3_ID_02,2025-11,spearman::depth_mad_km--median_interevent_time_hours,depth_mad_km,median_interevent_time_hours,spearman,undirected,candidate,estimable,0.1615912336,0.1615912336,1,,720,,7d,2025-11-30T23:00:00+00:00,1.318092022e-05,
CGIE3_ID_02,2025-11,spearman::depth_mad_km--spatial_dispersion_km,depth_mad_km,spatial_dispersion_km,spearman,undirected,candidate,estimable,-0.1399195456,0.1399195456,-1,,720,,7d,2025-11-30T23:00:00+00:00,0.0001655819046,
CGIE3_ID_02,2025-11,spearman::depth_mad_km--temporal_burstiness,depth_mad_km,temporal_burstiness,spearman,undirected,candidate,estimable,0.1027824666,0.1027824666,1,,720,,7d,2025-11-30T23:00:00+00:00,0.005771913278,
CGIE3_ID_02,2025-11,spearman::event_count--interevent_time_mad_hours,event_count,interevent_time_mad_hours,spearman,undirected,candidate,estimable,-0.8163638556,0.8163638556,-1,,720,,7d,2025-11-30T23:00:00+00:00,2.378737744e-173,
CGIE3_ID_02,2025-11,spearman::event_count--log10_cumulative_energy_joule,event_count,log10_cumulative_energy_joule,spearman,undirected,candidate,estimable,0.6013873384,0.6013873384,1,,720,,7d,2025-11-30T23:00:00+00:00,5.076442334e-72,
CGIE3_ID_02,2025-11,spearman::event_count--maximum_magnitude,event_count,maximum_magnitude,spearman,undirected,candidate,estimable,0.3586972867,0.3586972867,1,,720,,7d,2025-11-30T23:00:00+00:00,2.765045084e-23,
CGIE3_ID_02,2025-11,spearman::event_count--median_depth_km,event_count,median_depth_km,spearman,undirected,candidate,estimable,0.02660111777,0.02660111777,1,,720,,7d,2025-11-30T23:00:00+00:00,0.4760507218,
CGIE3_ID_02,2025-11,spearman::event_count--median_interevent_time_hours,event_count,median_interevent_time_hours,spearman,undirected,candidate,estimable,-0.7279147404,0.7279147404,-1,,720,,7d,2025-11-30T23:00:00+00:00,8.724122196e-120,
CGIE3_ID_02,2025-11,spearman::event_count--spatial_dispersion_km,event_count,spatial_dispersion_km,spearman,undirected,candidate,estimable,-0.120891843,0.120891843,-1,,720,,7d,2025-11-30T23:00:00+00:00,0.001153401481,
CGIE3_ID_02,2025-11,spearman::event_count--temporal_burstiness,event_count,temporal_burstiness,spearman,undirected,candidate,estimable,0.5545133242,0.5545133242,1,,720,,7d,2025-11-30T23:00:00+00:00,2.770370684e-59,
CGIE3_ID_02,2025-11,spearman::interevent_time_mad_hours--log10_cumulative_energy_joule,interevent_time_mad_hours,log10_cumulative_energy_joule,spearman,undirected,candidate,estimable,-0.4432873227,0.4432873227,-1,,720,,7d,2025-11-30T23:00:00+00:00,5.174064474e-36,
CGIE3_ID_02,2025-11,spearman::interevent_time_mad_hours--maximum_magnitude,interevent_time_mad_hours,maximum_magnitude,spearman,undirected,candidate,estimable,-0.229865811,0.229865811,-1,,720,,7d,2025-11-30T23:00:00+00:00,4.348144744e-10,
CGIE3_ID_02,2025-11,spearman::interevent_time_mad_hours--median_depth_km,interevent_time_mad_hours,median_depth_km,spearman,undirected,candidate,estimable,0.04734454349,0.04734454349,1,,720,,7d,2025-11-30T23:00:00+00:00,0.2044796863,
CGIE3_ID_02,2025-11,spearman::interevent_time_mad_hours--median_interevent_time_hours,interevent_time_mad_hours,median_interevent_time_hours,spearman,undirected,candidate,estimable,0.9692143231,0.9692143231,1,,720,,7d,2025-11-30T23:00:00+00:00,0,
CGIE3_ID_02,2025-11,spearman::interevent_time_mad_hours--spatial_dispersion_km,interevent_time_mad_hours,spatial_dispersion_km,spearman,undirected,candidate,estimable,0.3461351058,0.3461351058,1,,720,,7d,2025-11-30T23:00:00+00:00,1.079398913e-21,
CGIE3_ID_02,2025-11,spearman::interevent_time_mad_hours--temporal_burstiness,interevent_time_mad_hours,temporal_burstiness,spearman,undirected,candidate,estimable,-0.7776354851,0.7776354851,-1,,720,,7d,2025-11-30T23:00:00+00:00,7.457597589e-147,
CGIE3_ID_02,2025-11,spearman::log10_cumulative_energy_joule--maximum_magnitude,log10_cumulative_energy_joule,maximum_magnitude,spearman,undirected,candidate,estimable,0.9043709836,0.9043709836,1,,720,,7d,2025-11-30T23:00:00+00:00,9.544485421e-268,
CGIE3_ID_02,2025-11,spearman::log10_cumulative_energy_joule--median_depth_km,log10_cumulative_energy_joule,median_depth_km,spearman,undirected,candidate,estimable,-0.2395900105,0.2395900105,-1,,720,,7d,2025-11-30T23:00:00+00:00,7.376545141e-11,
CGIE3_ID_02,2025-11,spearman::log10_cumulative_energy_joule--median_interevent_time_hours,log10_cumulative_energy_joule,median_interevent_time_hours,spearman,undirected,candidate,estimable,-0.3522894863,0.3522894863,-1,,720,,7d,2025-11-30T23:00:00+00:00,1.829958124e-22,
CGIE3_ID_02,2025-11,spearman::log10_cumulative_energy_joule--spatial_dispersion_km,log10_cumulative_energy_joule,spatial_dispersion_km,spearman,undirected,candidate,estimable,-0.2861963241,0.2861963241,-1,,720,,7d,2025-11-30T23:00:00+00:00,4.859992837e-15,
CGIE3_ID_02,2025-11,spearman::log10_cumulative_energy_joule--temporal_burstiness,log10_cumulative_energy_joule,temporal_burstiness,spearman,undirected,candidate,estimable,0.2779242323,0.2779242323,1,,720,,7d,2025-11-30T23:00:00+00:00,3.086156884e-14,
CGIE3_ID_02,2025-11,spearman::maximum_magnitude--median_depth_km,maximum_magnitude,median_depth_km,spearman,undirected,candidate,estimable,-0.437346994,0.437346994,-1,,720,,7d,2025-11-30T23:00:00+00:00,5.387667605e-35,
CGIE3_ID_02,2025-11,spearman::maximum_magnitude--median_interevent_time_hours,maximum_magnitude,median_interevent_time_hours,spearman,undirected,candidate,estimable,-0.1498591458,0.1498591458,-1,,720,,7d,2025-11-30T23:00:00+00:00,5.414497766e-05,
CGIE3_ID_02,2025-11,spearman::maximum_magnitude--spatial_dispersion_km,maximum_magnitude,spatial_dispersion_km,spearman,undirected,candidate,estimable,-0.3367240619,0.3367240619,-1,,720,,7d,2025-11-30T23:00:00+00:00,1.510372363e-20,
CGIE3_ID_02,2025-11,spearman::maximum_magnitude--temporal_burstiness,maximum_magnitude,temporal_burstiness,spearman,undirected,candidate,estimable,0.2585998754,0.2585998754,1,,720,,7d,2025-11-30T23:00:00+00:00,1.82656785e-12,
CGIE3_ID_02,2025-11,spearman::median_depth_km--median_interevent_time_hours,median_depth_km,median_interevent_time_hours,spearman,undirected,candidate,estimable,0.1090496888,0.1090496888,1,,720,,7d,2025-11-30T23:00:00+00:00,0.003392156097,
CGIE3_ID_02,2025-11,spearman::median_depth_km--spatial_dispersion_km,median_depth_km,spatial_dispersion_km,spearman,undirected,candidate,estimable,0.5418831505,0.5418831505,1,,720,,7d,2025-11-30T23:00:00+00:00,3.462072822e-56,
CGIE3_ID_02,2025-11,spearman::median_depth_km--temporal_burstiness,median_depth_km,temporal_burstiness,spearman,undirected,candidate,estimable,-0.3146336246,0.3146336246,-1,,720,,7d,2025-11-30T23:00:00+00:00,5.221290164e-18,
CGIE3_ID_02,2025-11,spearman::median_interevent_time_hours--spatial_dispersion_km,median_interevent_time_hours,spatial_dispersion_km,spearman,undirected,candidate,estimable,0.3969060617,0.3969060617,1,,720,,7d,2025-11-30T23:00:00+00:00,1.39668395e-28,
CGIE3_ID_02,2025-11,spearman::median_interevent_time_hours--temporal_burstiness,median_interevent_time_hours,temporal_burstiness,spearman,undirected,candidate,estimable,-0.7950381413,0.7950381413,-1,,720,,7d,2025-11-30T23:00:00+00:00,4.743129835e-158,
CGIE3_ID_02,2025-11,spearman::spatial_dispersion_km--temporal_burstiness,spatial_dispersion_km,temporal_burstiness,spearman,undirected,candidate,estimable,-0.5226768822,0.5226768822,-1,,720,,7d,2025-11-30T23:00:00+00:00,1.008702538e-51,
CGIE3_ID_02,2025-12,spearman::depth_mad_km--event_count,depth_mad_km,event_count,spearman,undirected,candidate,estimable,0.7592515371,0.7592515371,1,,744,,7d,2025-12-31T23:00:00+00:00,1.453820258e-140,
CGIE3_ID_02,2025-12,spearman::depth_mad_km--interevent_time_mad_hours,depth_mad_km,interevent_time_mad_hours,spearman,undirected,candidate,estimable,-0.3108862948,0.3108862948,-1,,744,,7d,2025-12-31T23:00:00+00:00,3.901558957e-18,
CGIE3_ID_02,2025-12,spearman::depth_mad_km--log10_cumulative_energy_joule,depth_mad_km,log10_cumulative_energy_joule,spearman,undirected,candidate,estimable,0.03539534113,0.03539534113,1,,744,,7d,2025-12-31T23:00:00+00:00,0.3349782571,
CGIE3_ID_02,2025-12,spearman::depth_mad_km--maximum_magnitude,depth_mad_km,maximum_magnitude,spearman,undirected,candidate,estimable,-0.1974502887,0.1974502887,-1,,744,,7d,2025-12-31T23:00:00+00:00,5.628543847e-08,
CGIE3_ID_02,2025-12,spearman::depth_mad_km--median_depth_km,depth_mad_km,median_depth_km,spearman,undirected,candidate,estimable,-0.4612055402,0.4612055402,-1,,744,,7d,2025-12-31T23:00:00+00:00,1.846872949e-40,
CGIE3_ID_02,2025-12,spearman::depth_mad_km--median_interevent_time_hours,depth_mad_km,median_interevent_time_hours,spearman,undirected,candidate,estimable,-0.4229698531,0.4229698531,-1,,744,,7d,2025-12-31T23:00:00+00:00,1.19644428e-33,
CGIE3_ID_02,2025-12,spearman::depth_mad_km--spatial_dispersion_km,depth_mad_km,spatial_dispersion_km,spearman,undirected,candidate,estimable,0.06427214576,0.06427214576,1,,744,,7d,2025-12-31T23:00:00+00:00,0.07977820823,
CGIE3_ID_02,2025-12,spearman::depth_mad_km--temporal_burstiness,depth_mad_km,temporal_burstiness,spearman,undirected,candidate,estimable,0.1763546495,0.1763546495,1,,734,,7d,2025-12-31T23:00:00+00:00,1.528584804e-06,
CGIE3_ID_02,2025-12,spearman::event_count--interevent_time_mad_hours,event_count,interevent_time_mad_hours,spearman,undirected,candidate,estimable,-0.4479815722,0.4479815722,-1,,744,,7d,2025-12-31T23:00:00+00:00,5.258955499e-38,
CGIE3_ID_02,2025-12,spearman::event_count--log10_cumulative_energy_joule,event_count,log10_cumulative_energy_joule,spearman,undirected,candidate,estimable,0.4926276292,0.4926276292,1,,744,,7d,2025-12-31T23:00:00+00:00,9.649742847e-47,
CGIE3_ID_02,2025-12,spearman::event_count--maximum_magnitude,event_count,maximum_magnitude,spearman,undirected,candidate,estimable,0.1941826214,0.1941826214,1,,744,,7d,2025-12-31T23:00:00+00:00,9.367425919e-08,
CGIE3_ID_02,2025-12,spearman::event_count--median_depth_km,event_count,median_depth_km,spearman,undirected,candidate,estimable,-0.6036111549,0.6036111549,-1,,744,,7d,2025-12-31T23:00:00+00:00,4.782168855e-75,
CGIE3_ID_02,2025-12,spearman::event_count--median_interevent_time_hours,event_count,median_interevent_time_hours,spearman,undirected,candidate,estimable,-0.6462842937,0.6462842937,-1,,744,,7d,2025-12-31T23:00:00+00:00,3.383870146e-89,
CGIE3_ID_02,2025-12,spearman::event_count--spatial_dispersion_km,event_count,spatial_dispersion_km,spearman,undirected,candidate,estimable,-0.2134384784,0.2134384784,-1,,744,,7d,2025-12-31T23:00:00+00:00,4.104577557e-09,
CGIE3_ID_02,2025-12,spearman::event_count--temporal_burstiness,event_count,temporal_burstiness,spearman,undirected,candidate,estimable,0.4298468927,0.4298468927,1,,734,,7d,2025-12-31T23:00:00+00:00,2.304131762e-34,
CGIE3_ID_02,2025-12,spearman::interevent_time_mad_hours--log10_cumulative_energy_joule,interevent_time_mad_hours,log10_cumulative_energy_joule,spearman,undirected,candidate,estimable,-0.2085361036,0.2085361036,-1,,744,,7d,2025-12-31T23:00:00+00:00,9.36842488e-09,
CGIE3_ID_02,2025-12,spearman::interevent_time_mad_hours--maximum_magnitude,interevent_time_mad_hours,maximum_magnitude,spearman,undirected,candidate,estimable,-0.299023485,0.299023485,-1,,744,,7d,2025-12-31T23:00:00+00:00,7.816761456e-17,
CGIE3_ID_02,2025-12,spearman::interevent_time_mad_hours--median_depth_km,interevent_time_mad_hours,median_depth_km,spearman,undirected,candidate,estimable,0.3996936279,0.3996936279,1,,744,,7d,2025-12-31T23:00:00+00:00,6.553148027e-30,
CGIE3_ID_02,2025-12,spearman::interevent_time_mad_hours--median_interevent_time_hours,interevent_time_mad_hours,median_interevent_time_hours,spearman,undirected,candidate,estimable,0.6326192419,0.6326192419,1,,744,,7d,2025-12-31T23:00:00+00:00,2.009404728e-84,
CGIE3_ID_02,2025-12,spearman::interevent_time_mad_hours--spatial_dispersion_km,interevent_time_mad_hours,spatial_dispersion_km,spearman,undirected,candidate,estimable,0.2873133408,0.2873133408,1,,744,,7d,2025-12-31T23:00:00+00:00,1.318953583e-15,
CGIE3_ID_02,2025-12,spearman::interevent_time_mad_hours--temporal_burstiness,interevent_time_mad_hours,temporal_burstiness,spearman,undirected,candidate,estimable,-0.4322973723,0.4322973723,-1,,734,,7d,2025-12-31T23:00:00+00:00,8.863731822e-35,
CGIE3_ID_02,2025-12,spearman::log10_cumulative_energy_joule--maximum_magnitude,log10_cumulative_energy_joule,maximum_magnitude,spearman,undirected,candidate,estimable,0.8237743961,0.8237743961,1,,744,,7d,2025-12-31T23:00:00+00:00,4.596134356e-185,
CGIE3_ID_02,2025-12,spearman::log10_cumulative_energy_joule--median_depth_km,log10_cumulative_energy_joule,median_depth_km,spearman,undirected,candidate,estimable,-0.2521684653,0.2521684653,-1,,744,,7d,2025-12-31T23:00:00+00:00,2.956500415e-12,
CGIE3_ID_02,2025-12,spearman::log10_cumulative_energy_joule--median_interevent_time_hours,log10_cumulative_energy_joule,median_interevent_time_hours,spearman,undirected,candidate,estimable,-0.1282122442,0.1282122442,-1,,744,,7d,2025-12-31T23:00:00+00:00,0.0004553018321,
CGIE3_ID_02,2025-12,spearman::log10_cumulative_energy_joule--spatial_dispersion_km,log10_cumulative_energy_joule,spatial_dispersion_km,spearman,undirected,candidate,estimable,-0.1660244078,0.1660244078,-1,,744,,7d,2025-12-31T23:00:00+00:00,5.299726247e-06,
CGIE3_ID_02,2025-12,spearman::log10_cumulative_energy_joule--temporal_burstiness,log10_cumulative_energy_joule,temporal_burstiness,spearman,undirected,candidate,estimable,0.2587978697,0.2587978697,1,,734,,7d,2025-12-31T23:00:00+00:00,1.070048778e-12,
CGIE3_ID_02,2025-12,spearman::maximum_magnitude--median_depth_km,maximum_magnitude,median_depth_km,spearman,undirected,candidate,estimable,-0.1583584718,0.1583584718,-1,,744,,7d,2025-12-31T23:00:00+00:00,1.427476968e-05,
CGIE3_ID_02,2025-12,spearman::maximum_magnitude--median_interevent_time_hours,maximum_magnitude,median_interevent_time_hours,spearman,undirected,candidate,estimable,-0.07774585268,0.07774585268,-1,,744,,7d,2025-12-31T23:00:00+00:00,0.03398341103,
CGIE3_ID_02,2025-12,spearman::maximum_magnitude--spatial_dispersion_km,maximum_magnitude,spatial_dispersion_km,spearman,undirected,candidate,estimable,-0.08066993807,0.08066993807,-1,,744,,7d,2025-12-31T23:00:00+00:00,0.02778776808,
CGIE3_ID_02,2025-12,spearman::maximum_magnitude--temporal_burstiness,maximum_magnitude,temporal_burstiness,spearman,undirected,candidate,estimable,0.2298027044,0.2298027044,1,,734,,7d,2025-12-31T23:00:00+00:00,2.980224235e-10,
CGIE3_ID_02,2025-12,spearman::median_depth_km--median_interevent_time_hours,median_depth_km,median_interevent_time_hours,spearman,undirected,candidate,estimable,0.6637511285,0.6637511285,1,,744,,7d,2025-12-31T23:00:00+00:00,1.14498836e-95,
CGIE3_ID_02,2025-12,spearman::median_depth_km--spatial_dispersion_km,median_depth_km,spatial_dispersion_km,spearman,undirected,candidate,estimable,0.55878044,0.55878044,1,,744,,7d,2025-12-31T23:00:00+00:00,2.559791486e-62,
CGIE3_ID_02,2025-12,spearman::median_depth_km--temporal_burstiness,median_depth_km,temporal_burstiness,spearman,undirected,candidate,estimable,-0.4703956946,0.4703956946,-1,,734,,7d,2025-12-31T23:00:00+00:00,1.102025979e-41,
CGIE3_ID_02,2025-12,spearman::median_interevent_time_hours--spatial_dispersion_km,median_interevent_time_hours,spatial_dispersion_km,spearman,undirected,candidate,estimable,0.5808430485,0.5808430485,1,,744,,7d,2025-12-31T23:00:00+00:00,2.459616328e-68,
CGIE3_ID_02,2025-12,spearman::median_interevent_time_hours--temporal_burstiness,median_interevent_time_hours,temporal_burstiness,spearman,undirected,candidate,estimable,-0.7521510996,0.7521510996,-1,,734,,7d,2025-12-31T23:00:00+00:00,1.028982839e-134,
CGIE3_ID_02,2025-12,spearman::spatial_dispersion_km--temporal_burstiness,spatial_dispersion_km,temporal_burstiness,spearman,undirected,candidate,estimable,-0.3487274448,0.3487274448,-1,,734,,7d,2025-12-31T23:00:00+00:00,2.052618598e-22,
